market_id,market_name,district_name,market_address,market_type,floor_area,store_count
종로구_광장시장,광장시장,종로구,종로구 창경궁로 88 광장시장,건물형,18975.0,1579
종로구_광장전통시장,광장전통시장,종로구,종로구 창경궁로 88 일대 광장전통시장,골목형,49384.0,1830
종로구_낙원악기상가,낙원악기상가,종로구,서울 종로구 삼일대로 428 낙원상가,건물형,20398.0,289
종로구_동대문문구?완구거리,동대문문구?완구거리,종로구,종로구 종로52길 36 일대 동대문문구?완구거리,골목형,8693.0,134
종로구_동대문상가A동,동대문상가A동,종로구,종로구 청계천로 295 동대문상가A동,건물형,4735.0,219
종로구_동대문상가B동,동대문상가B동,종로구,종로구 청계천로 307 동대문상가B동,건물형,4735.0,238
종로구_동대문상가C동,동대문상가C동,종로구,종로구 청계천로 319 동대문상가C동,건물형,4735.0,185
종로구_동대문상가D동(일신파워빌딩),동대문상가D동(일신파워빌딩),종로구,종로구 청계천로 331 동대문상가D동(일신파워빌딩),건물형,8370.0,132
종로구_동대문종합시장,동대문종합시장,종로구,종로구 종로 266 동대문종합시장,건물형,61475.0,3400
종로구_동대문종합시장D동,동대문종합시장D동,종로구,종로구 종로 266 동대문종합시장D동,건물형,12452.0,1048
종로구_동대문종합시장신관,동대문종합시장신관,종로구,종로구 종로272 동대문종합시장신관,건물형,13533.0,311
종로구_동대문지하쇼핑센터,동대문지하쇼핑센터,종로구,종로구 율곡로 지하 308 동대문지하쇼핑센터,지하도상가,2285.0,48
종로구_동묘시장,동묘시장,종로구,종로구 종로 58길40 동묘시장,골목형,5480.0,135
종로구_동문시장,동문시장,종로구,종로구 종로44길 14 동문시장,건물형,3226.0,340
종로구_마전교지하쇼핑센터,마전교지하쇼핑센터,종로구,종로구 동호로 지하 398 마전교지하쇼핑센터,지하도상가,1210.0,32
종로구_보령약국골목상가,보령약국골목상가,종로구,서울 종로구 종로31길 22 종로31길 22 일대,상점가,1336.36,247
종로구_북촌계동길_골목형상점가,북촌계동길 골목형상점가,종로구,서울 종로구 계동길 52-12 일대,골목형,5680.0,106
종로구_삼청정독길_골목형상점가,삼청정독길 골목형상점가,종로구,서울 종로구 율곡로1길 52 일대,골목형,2869.0,82
종로구_세운상가가동,세운상가가동,종로구,종로구 청계천로 159 세운상가가동,건물형,10818.0,357
종로구_세종마을음식문화거리,세종마을음식문화거리,종로구,종로구 자하문로 1길 일대 세종마을음식문화거리,골목형,5850.0,108
종로구_신설종합시장,신설종합시장,종로구,종로구 난계로27길 51 신설종합시장,건물형,1691.0,151
종로구_종각지하쇼핑센터,종각지하쇼핑센터,종로구,종로구 종로 지하 73 종각지하쇼핑센터,지하도상가,4723.0,82
종로구_종로4가지하쇼핑센터,종로4가지하쇼핑센터,종로구,종로구 창경궁로 지하 81 종로4가지하쇼핑센터,지하도상가,2997.0,102
종로구_종로신진시장,종로신진시장,종로구,종로구 종로38길16 일대 종로신진시장,골목형,1336.0,60
종로구_종오지하쇼핑센터,종오지하쇼핑센터,종로구,종로구 종로 지하 200 종오지하쇼핑센터,지하도상가,4165.0,65
종로구_창신골목시장,창신골목시장,종로구,종로구 종로51길 18 일대 창신골목시장,골목형,6000.0,118
종로구_충신시장,충신시장,종로구,종로구 율곡로22길 일대 충신시장,골목형,1000.0,29
종로구_통인시장,통인시장,종로구,서울 종로구 자하문로15길 18 통인시장,골목형,4421.0,76
종로구_한일상가,한일상가,종로구,종로구 청계천로 229 한일상가,건물형,4894.0,220
종로구_종로신백제_골목형상점가,종로신백제 골목형상점가,종로구,서울 종로구 종로 243 종로신백제 골목형상점가,골목형,3052.0,45
중구_Team204_(팀204),Team204 (팀204),중구,서울특별시 중구 마장로 30 team204 (팀204),건물형,5880.12,127
중구_광희패션몰,광희패션몰,중구,서울특별시 중구 마장로1길 21 광희패션몰,건물형,8601.0,1083
중구_남대문로_지하상가,남대문로 지하상가,중구,서울특별시 중구 남대문로 14 남대문로 지하상가,지하도상가,2163.0,79
중구_남대문시장,남대문시장,중구,서울특별시 중구 남대문시장4길 21 일대 남대문시장,건물형,64612.86,4891
중구_남평화시장,남평화시장,중구,서울특별시 중구 장충단로 282-10 남평화시장,건물형,7266.0,770
중구_대림상가,대림상가,중구,서울특별시 중구 을지로 157 대림상가,건물형,10956.0,362
중구_동평화시장,동평화시장,중구,서울특별시 중구 청계천로 318 동평화시장,건물형,24768.0,1285
중구_동화동_골목형상점가,동화동 골목형상점가,중구,서울특별시 중구 다산로42나길 46 일대 동화동 골목형상점가,골목형,12512.67,70
중구_동화상가,동화상가,중구,서울특별시 중구 장충단로 13길 34 동화상가,건물형,18707.0,715
중구_명동남산골_골목형상점가,명동남산골 골목형상점가,중구,서울특별시 중구 퇴계로20길 18 일대 명동남산골 골목형상점가,골목형,5566.1,41
중구_명동역지하도상가,명동역지하도상가,중구,서울특별시 중구 퇴계로 지하 124 명동역지하도상가,지하도상가,2215.0,69
중구_명동지하쇼핑센터,명동지하쇼핑센터,중구,서울특별시 중구 남대문로지하 72 명동지하쇼핑센터,지하도상가,3838.0,58
중구_방산시장,방산시장,중구,서울특별시 중구 을지로33길 18-1 방산시장,상점가,66691.0,1130
중구_방산종합시장,방산종합시장,중구,서울특별시 중구 동호로37길 20 방산종합시장,건물형,23336.0,576
중구_백학시장,백학시장,중구,서울특별시 중구 퇴계로86길 22 일대 백학시장,상점가,5291.0,95
중구_벨포스트_(舊에리어식스),벨포스트 (舊에리어식스),중구,서울특별시 중구 마장로 19 벨포스트 (舊에리어식스),건물형,4379.0,323
중구_삼익패션타운,삼익패션타운,중구,서울특별시 중구 남대문시장8길 7 삼익패션타운,건물형,29620.425,1446
중구_서울중앙시장,서울중앙시장,중구,서울특별시 중구 퇴계로85길 36 일대 서울중앙시장,골목형,24522.0,124
중구_소공지하도상가,소공지하도상가,중구,서울특별시 중구 소공로지하 102 소공지하도상가,지하도상가,3517.0,139
중구_숭례문수입상가,숭례문수입상가,중구,서울특별시 중구 소월로 3 숭례문수입상가,건물형,45479.0,533
중구_시청광장_지하쇼핑센터,시청광장 지하쇼핑센터,중구,서울특별시 중구 을지로지하 12 시청광장 지하쇼핑센터,지하도상가,2087.0,51
중구_신당_미래유산_먹거리_골목형상점가,신당 미래유산 먹거리 골목형상점가,중구,서울특별시 중구 다산로 221 일대 신당 미래유산 먹거리 골목형상점가,골목형,27603.0,146
중구_신당오길_골목형상점가,신당오길 골목형상점가,중구,서울특별시 중구 퇴계로88길 21 일대 신당오길 골목형상점가,골목형,6890.7,113
중구_신중부시장,신중부시장,중구,서울특별시 중구 동호로33길 24 일대 신중부시장,골목형,7523.0,207
중구_신중앙시장,신중앙시장,중구,서울특별시 중구 퇴계로85길 36 어울쉼터 3층,골목형,9136.54,92
중구_신평화패션타운,신평화패션타운,중구,서울특별시 중구 청계천로 298 신평화패션타운,건물형,13494.0,1091
중구_아트프라자,아트프라자,중구,서울특별시 중구 마장로1길 28 아트프라자,건물형,6828.13,391
중구_약수시장_골목형상점가,약수시장 골목형상점가,중구,서울특별시 중구 동호로7길 ~ 다산로10로길 일대 약수시장 골목형상점가,골목형,43936.9,132
중구_을지로지하보도쇼핑센터,을지로지하보도쇼핑센터,중구,"서울특별시 중구 을지로 88, 131, 218 을지로지하보도쇼핑센터",지하도상가,20334.0,212
중구_을지입구지하상가,을지입구지하상가,중구,서울특별시 중구 을지로지하 58 을지입구지하상가,지하도상가,1225.0,64
중구_인현시장,인현시장,중구,서울특별시 중구 퇴계로41길 45 일대 인현시장,상점가,6702.0,79
중구_자유상가,자유상가,중구,서울특별시 중구 남대문로 36 자유상가,건물형,8646.0,283
중구_장충남소영길_골목형상점가,장충남소영길 골목형상점가,중구,서울특별시 중구 동호로24길 27-3 ~ 장충단로7길 32 일대 장충남소영길 골목형상점가,골목형,16974.2,162
중구_제일평화시장,제일평화시장,중구,서울특별시 중구 마장로 13 제일평화시장,건물형,9804.0,856
중구_중부시장,중부시장,중구,서울특별시 중구 을지로36길 35 일대 중부시장,골목형,20707.0,375
중구_청계5가쇼핑센터,청계5가쇼핑센터,중구,서울특별시 중구 동호로 390-3 청계5가쇼핑센터,지하도상가,1933.0,44
중구_청계6가_지하도상가,청계6가 지하도상가,중구,서울특별시 중구 장충단로 지하 280 청계6가 지하도상가,지하도상가,1535.0,49
중구_청계상가,청계상가,중구,서울특별시 중구 청계천로 160 청계상가,건물형,5817.08,180
중구_청계천공구상가,청계천공구상가,중구,서울특별시 중구 청계천로 124 일대 청계천공구상가,상점가,9329.99,101
중구_청평화시장,청평화시장,중구,서울특별시 중구 청계천로 334 청평화시장,건물형,12917.0,1156
중구_충무로_골목형상점가,충무로 골목형상점가,중구,서울특별시 중구 충무로2길 27-1 일대 충무로 골목형상점가,골목형,12704.82,87
중구_충정로56출구_골목형상점가,충정로56출구 골목형상점가,중구,서울특별시 중구 서소문로12 일대 충정로56출구 골목형상점가,골목형,5076.8,39
중구_테크노상가,테크노상가,중구,서울특별시 중구 마장로1가길 17 테크노상가,건물형,4405.13,301
중구_통일상가,통일상가,중구,서울특별시 중구 청계천로 260-14 통일상가,건물형,15146.0,966
중구_평화시장,평화시장,중구,서울특별시 중구 청계천로 274 평화시장,건물형,27704.0,2070
중구_필동_골목형상점가,필동 골목형상점가,중구,서울특별시 중구 필동로 19 일대 필동 골목형상점가,골목형,5062.83,24
중구_황학동주방가구거리_상점가,황학동주방가구거리 상점가,중구,서울특별시 중구 마장로 64 ~ 난계로 189 일대 황학동주방가구거리 상점가,상점가,27603.0,142
중구_황학시장,황학시장,중구,서울특별시 중구 퇴계로87길 일대 황학시장,골목형,15225.38,114
중구_회현지하쇼핑센터,회현지하쇼핑센터,중구,서울특별시 중구 소공로지하 58 회현지하쇼핑센터,지하도상가,2498.0,221
용산구_만리시장,만리시장,용산구,서울특별시 용산구 효창원로 270 만리시장,건물형,7682.0,34
용산구_신흥시장,신흥시장,용산구,서울특별시 용산구 신흥로 95-9 신흥시장,골목형,0.0,64
용산구_용산용문시장,용산용문시장,용산구,서울특별시 용산구 효창원로 40길 13 용산용문시장,골목형,9247.0,160
용산구_이촌종합시장,이촌종합시장,용산구,서울특별시 용산구 이촌로75길 16-9 이촌종합시장,골목형,0.0,107
용산구_이태원시장,이태원시장,용산구,서울특별시 용산구 이태원로14길 6 이태원시장,건물형,4484.0,90
용산구_한강쇼핑센터,한강쇼핑센터,용산구,서울특별시 용산구 이촌로 224 한강쇼핑센터,상점가,5286.0,100
용산구_후암시장,후암시장,용산구,서울특별시 용산구 한강대로104길 77 후암시장,골목형,1140.0,48
성동구_금남시장,금남시장,성동구,서울특별시 성동구 금호산2길 32 2층,골목형,3356.4,109
성동구_뚝도시장,뚝도시장,성동구,서울특별시 성동구 성수이로 32-15 뚝도시장,골목형,5141.0,51
성동구_뚝섬역상점가,뚝섬역상점가,성동구,서울 성동구 아차산로 35 뚝섬역3번 출구 옆 허브플랫폼,상점가,3576.0,65
성동구_마장축산물시장,마장축산물시장,성동구,서울특별시성동구 마장로35길 68 4층,골목형,26313.0,781
성동구_사근살곶이골목형상점가시장,사근살곶이골목형상점가시장,성동구,서울 성동구 사근동길 55 사근동길 일대,골목형,19656.88,71
성동구_성동용답상가시장,성동용답상가시장,성동구,서울특별시 성동구 용답중앙길 59 성동용답상가시장,골목형,29118.0,162
성동구_성수역골목형상점가,성수역골목형상점가,성동구,서울 성동구 성수일로12길 26 서울숲 코리아IT센터 B101호,상점가,7596.4,318
성동구_송정벚꽃골목형상점가,송정벚꽃골목형상점가,성동구,서울 성동구 광나루로11길 38 광나루로11길 일대,골목형,20075.54,138
성동구_신금호역골목형상점가,신금호역골목형상점가,성동구,서울특별시 성동구 금호로149 지하1층,상점가,4366.1,111
성동구_왕십리도선동상점가,왕십리도선동상점가,성동구,서울특별시 성동구 무학로2길 32 3~4층,상점가,9860.0,155
성동구_왕십리무학봉상점가,왕십리무학봉상점가,성동구,서울특별시 성동구 무학봉16길 6 102호,상점가,4241.0,126
성동구_한양대앞상점가,한양대앞상점가,성동구,서울특별시 성동구 마조로1길 28 6층,상점가,6568.0,81
성동구_행당시장상점가,행당시장상점가,성동구,서울특별시 성동구 무학봉16길 20 행당시장상점가,상점가,4180.0,107
광진구_건리단길골목형상점가,건리단길골목형상점가,광진구,서울 광진구 능동로13길 54 1층,골목형,9905.0,155
광진구_광성시장,광성시장,광진구,서울특별시 광진구 능동로47길 30 광성시장,건물형,2136.0,20
광진구_노룬산골목시장,노룬산골목시장,광진구,서울특별시 광진구 뚝섬로25길 6 노룬산골목시장,골목형,6719.0,31
광진구_노룬산시장,노룬산시장,광진구,서울특별시 광진구 뚝섬로 491 노룬산시장,건물형,1620.0,19
광진구_면곡시장_골목형상점가,면곡시장 골목형상점가,광진구,서울특별시 광진구 답십리로 368 면곡골목시장,상점가,1670.0,47
광진구_신성시장,신성시장,광진구,서울 광진구 영화사로 10 지상 2층,건물형,1605.0,21
광진구_신성전통시장,신성전통시장,광진구,서울 광진구 영화사로 16 2층,골목형,21489.0,120
광진구_영동교골목시장,영동교골목시장,광진구,서울 광진구 동일로10길 51 (자양동),골목형,12744.0,59
광진구_자양15번가_골목형상점가,자양15번가 골목형상점가,광진구,서울 광진구 자양로15길 69 1층,골목형,20088.53,88
광진구_자양전통시장,자양전통시장,광진구,서울특별시 광진구 자양로13길 59 자양전통시장,골목형,16400.0,129
광진구_자양종합시장,자양종합시장,광진구,서울특별시 광진구 자양번영로6길 20 자양종합시장,건물형,4724.0,102
광진구_자양한강전통시장,자양한강전통시장,광진구,서울 광진구 뚝섬로30길 18 자양한강전통시장,골목형,8470.0,87
광진구_조양시장,조양시장,광진구,서울특별시 광진구 아차산로30길 39 조양시장,건물형,6525.0,37
광진구_중곡제일골목시장,중곡제일골목시장,광진구,서울특별시 광진구 긴고랑로11길 14 중곡제일골목시장,골목형,14684.0,131
광진구_중곡제일시장,중곡제일시장,광진구,서울특별시 광진구 긴고랑로11길 11 중곡제일시장,건물형,2760.0,10
광진구_한아름시장,한아름시장,광진구,서울특별시 광진구 능동로13길 39 한아름시장,건물형,12217.0,29
광진구_화양제일골목시장,화양제일골목시장,광진구,서울 광진구 아차산로29길 55 화양제일골목시장,골목형,11281.0,78
광진구_자마장시장골목형상점가,자마장시장골목형상점가,광진구,서울 광진구 자양로11길 66 자마장시장 골목형상점가,상점가,16386.0,82
동대문구_경동광성상가,경동광성상가,동대문구,서울특별시 동대문구 고산자로 464,골목형,7159.0,85
동대문구_경동시장,경동시장,동대문구,서울특별시 동대문구 고산자로36길 3,건물형,22262.0,714
동대문구_답십리건축자재시장,답십리건축자재시장,동대문구,서울특별시 동대문구 고미술로 49,골목형,4612.0,111
동대문구_답십리시장,답십리시장,동대문구,서울특별시 동대문구 답십리로51길 4-1 답십리시장상인회,골목형,3146.0,78
동대문구_답십리현대시장,답십리현대시장,동대문구,서울특별시 동대문구 전농로4길 38,골목형,1439.0,75
동대문구_동부시장,동부시장,동대문구,서울특별시 동대문구 천호대로 281,건물형,4046.0,32
동대문구_동서시장,동서시장,동대문구,서울특별시 동대문구 왕산로33길 13,건물형,2986.0,34
동대문구_서울약령시장,서울약령시장,동대문구,서울특별시 동대문구 약령중앙로 20 서울약령시협회,골목형,119630.0,1004
동대문구_신설동_들락거리_골목형상점가,신설동 들락거리 골목형상점가,동대문구,서울 동대문구 하정로3길 10,골목형,61657.0,73
동대문구_용두시장,용두시장,동대문구,서울특별시 동대문구 무학로37길 12,건물형,2794.0,42
동대문구_이경시장,이경시장,동대문구,서울특별시 동대문구 휘경로 53,건물형,3033.0,108
동대문구_이경재래시장,이경재래시장,동대문구,서울특별시 동대문구 외대역동로12길 13 이경재래시장,골목형,0.0,70
동대문구_이문제일시장,이문제일시장,동대문구,서울특별시 동대문구 이문로 200,건물형,3392.0,64
동대문구_장안_마실_골목형상점가,장안 마실 골목형상점가,동대문구,서울 동대문구 답십리로66길 64 답십리로66길 일대,골목형,488848.94,186
동대문구_장한평역__먹자_골목형상점가,장한평역  먹자 골목형상점가,동대문구,서울 동대문구 천호대로85길 27 천호대로85길 일대,골목형,19483.0,78
동대문구_전곡시장,전곡시장,동대문구,서울특별시 동대문구 한천로 190,건물형,1682.0,15
동대문구_전농로터리시장,전농로터리시장,동대문구,서울특별시 동대문구 전농로15길 7,건물형,4279.0,84
동대문구_제기동_고대앞마을_골목형상점가,제기동 고대앞마을 골목형상점가,동대문구,서울 동대문구 안암로22길 6,골목형,30487.0,120
동대문구_청량리농수산물시장,청량리농수산물시장,동대문구,서울특별시 동대문구 경동시장로 22,골목형,3613.0,120
동대문구_청량리수산시장,청량리수산시장,동대문구,서울특별시 동대문구 고산자로34길 48-1,골목형,2774.0,111
동대문구_청량리전통시장,청량리전통시장,동대문구,서울특별시 동대문구 경동시장로2길 49-3,골목형,1066.0,63
동대문구_청량리종합시장,청량리종합시장,동대문구,서울특별시 동대문구 홍릉로1길 68-3 청량리종합시장,골목형,3086.0,138
동대문구_청량리청과물시장,청량리청과물시장,동대문구,서울특별시 동대문구 왕산로33길 6,골목형,7473.0,94
동대문구_청량종합도매시장,청량종합도매시장,동대문구,서울특별시 동대문구 약령시로 92-2 청량종합도매시장,골목형,1774.0,43
동대문구_회기시장,회기시장,동대문구,서울특별시 동대문구 회기로25길 11,골목형,5921.0,64
동대문구_회기역골목형상점가,회기역골목형상점가,동대문구,서울 동대문구 회기로28길 12-3,골목형,14204.0,59
동대문구_경희담길_골목형상점가,경희담길 골목형상점가,동대문구,서울 동대문구 경희대로1길 11,골목형,7982.94,130
동대문구_전곡시장_골목형상점가,전곡시장 골목형상점가,동대문구,서울 동대문구 한천로38나길 29,골목형,2104.0,57
중랑구_겸재한신길_골목형상점가,겸재한신길 골목형상점가,중랑구,서울 중랑구 겸재로3길 9 겸재한신길 골목형상점가,골목형,1023.0,34
중랑구_동성타워프라자,동성타워프라자,중랑구,서울특별시 중랑구 봉화산로 221 동성타워프라자,건물형,1759.785,75
중랑구_동원시장,동원시장,중랑구,서울특별시 중랑구 면목로74길 45 동원시장,건물형,1766.0,14
중랑구_동원전통시장상점가,동원전통시장상점가,중랑구,서울특별시 중랑구 면목로78길 67 101호 동원전통시장상점가,상점가,18159.0,87
중랑구_동원전통종합시장,동원전통종합시장,중랑구,서울특별시 중랑구 상봉로11길 27-3 동원전통종합시장,골목형,18159.53,123
중랑구_면목시장(골목형),면목시장(골목형),중랑구,서울특별시 중랑구 사가정로 50길 84 면목시장(골목형),골목형,13563.0,88
중랑구_면목시장(카멜리아쇼핑센타),면목시장(카멜리아쇼핑센타),중랑구,서울특별시 중랑구 면목로39길 11 면목시장(카멜리아쇼핑센타),건물형,3977.9,34
중랑구_묵동도깨비시장_골목형상점가,묵동도깨비시장 골목형상점가,중랑구,서울 중랑구 공릉로 60 묵동도깨비시장 골목형상점가,골목형,3510.0,96
중랑구_봉우시장_골목형상점가,봉우시장 골목형상점가,중랑구,서울 중랑구 봉우재로14길 19 봉우시장 골목형상점가,골목형,2788.0,68
중랑구_사가정51길_골목형상점가,사가정51길 골목형상점가,중랑구,서울 중랑구 사가정로51길 38 사가정51길 골목형상점가,골목형,4392.0,102
중랑구_사가정시장,사가정시장,중랑구,서울특별시 중랑구 면목로44길 16 사가정시장,골목형,6603.0,137
중랑구_상봉먹자_골목형상점가,상봉먹자 골목형상점가,중랑구,서울특별시 중랑구 봉우재로33길 일대 상봉먹자골목형상점가,골목형,8905.0,137
중랑구_신내구길_골목형상점가,신내구길 골목형상점가,중랑구,서울 중랑구 신내로14길 26 신내구길 골목형상점가,골목형,6893.0,118
중랑구_신아타운,신아타운,중랑구,서울특별시 중랑구 봉화산로 194 신아타운,건물형,31128.0,255
중랑구_우림골목시장,우림골목시장,중랑구,서울특별시 중랑구 망우로62길 52-4 우림골목시장,골목형,22269.0,125
중랑구_유영시장,유영시장,중랑구,서울특별시 중랑구 봉우재로70길 96 유영시장,건물형,7153.67,3
중랑구_장미꽃빛거리_골목형상점가,장미꽃빛거리 골목형상점가,중랑구,서울 중랑구 동일로163길 7 장미꽃빛거리 골목형상점가,골목형,1912.0,79
중랑구_장미제일시장,장미제일시장,중랑구,서울특별시 중랑구 동일로143길 43 장미제일시장,골목형,5966.12,56
중랑구_중랑교종합상가,중랑교종합상가,중랑구,서울특별시 중랑구 망우로32길 23 중랑교종합상가,건물형,3472.0,54
중랑구_중랑동부시장,중랑동부시장,중랑구,서울특별시 중랑구 동일로 109길 31-5 중랑동부시장,골목형,0.0,121
중랑구_태능_골목형상점가,태능 골목형상점가,중랑구,서울특별시 중랑구 중랑역로 일대 태능 골목형상점가,골목형,4528.0,87
중랑구_태능엔터피아,태능엔터피아,중랑구,서울특별시 중랑구 동일로129길 35 태능엔터피아,건물형,7776.0,42
성북구_길음시장,길음시장,성북구,서울특별시 성북구 동소문로227 길음동,건물형,11425.84,87
성북구_꿈의숲장곡골목형상점가,꿈의숲장곡골목형상점가,성북구,서울특별시 성북구 돌곶이로39길 꿈의숲장곡골목형상점가,골목형,2849.0,66
성북구_돈암시장,돈암시장,성북구,서울 성북구 동소문로18길 18 돈암시장,골목형,13867.0,105
성북구_돌곶이시장,돌곶이시장,성북구,서울특별시 성북구 한천로 73길 22 돌곶이시장,골목형,7150.0,80
성북구_밤나무골시장,밤나무골시장,성북구,서울특별시 성북구 오패산로 79 밤나무골시장,골목형,0.0,28
성북구_배밭골골목형상점가,배밭골골목형상점가,성북구,서울특별시 성북구 정릉로10길 배밭골골목형상점가,골목형,3061.0,64
성북구_석계음식문화거리,석계음식문화거리,성북구,서울 성북구 한천로78길 71 석계음식문화거리 골목형상점가,골목형,10543.5,161
성북구_성북천골목형상점가,성북천골목형상점가,성북구,서울특별시 성북구 동소문로2길 성북천골목형상점가,골목형,5687.35,94
성북구_월곡달빛오거리골목형상점가,월곡달빛오거리골목형상점가,성북구,서울 성북구 장월로1길 113 월빛달빛오거리 골목형상점가 일대,골목형,10408.0,168
성북구_장위전통시장,장위전통시장,성북구,서울특별시 성북구장위로38길 46-1 장위전통시장,골목형,4800.0,64
성북구_정릉서경대길골목형상점가,정릉서경대길골목형상점가,성북구,서울특별시 성북구 보국문로16길 정릉서경대길골목형상점가,골목형,4952.7,75
성북구_정릉시장,정릉시장,성북구,서울특별시 성북구 보국문로11길 18-19 정릉시장고객편의센터,골목형,9954.0,113
성북구_정릉아리랑시장,정릉아리랑시장,성북구,서울특별시 성북구 정릉로26가길 32 정릉아리랑시장,골목형,4284.0,48
성북구_종암북바위길골목형상점가,종암북바위길골목형상점가,성북구,서울특별시 성북구 종암로21길 종암북바위길골목형상점가,골목형,8763.0,157
강북구_강북북부골목시장,강북북부골목시장,강북구,강북구 한천로123길 27 일대 강북구 한천로123길 27 일대,골목형,11332.39,87
강북구_강북북부시장,강북북부시장,강북구,강북구 한천로123길 26 강북구 한천로123길 26,건물형,2903.0,47
강북구_동북프라자,동북프라자,강북구,강북구 솔샘로 233 강북구 솔샘로 233,건물형,7077.0,32
강북구_미소상인회_골목형상점가,미소상인회 골목형상점가,강북구,서울 강북구 도봉로10라길 2 도봉로10길 일대,골목형,11867.6,76
강북구_방천골목시장,방천골목시장,강북구,강북구 월계로7나길 9 일대 강북구 월계로7나길 9 일대,골목형,0.0,49
강북구_백년시장,백년시장,강북구,강북구 한천로144길 26 일대 강북구 한천로144길 26 일대,골목형,0.0,72
강북구_삼양시장_골목형상점가,삼양시장 골목형상점가,강북구,강북구 솔매로 45 일대 강북구 솔매로 45 일대,골목형,0.0,51
강북구_솔샘시장_골목형상점가,솔샘시장 골목형상점가,강북구,강북구 솔샘로50길 4 일대 강북구 솔샘로50길 4 일대,골목형,6775.0,76
강북구_수유북부시장,수유북부시장,강북구,강북구 삼양로91가길 19 강북구 삼양로91가길 19,건물형,2769.0,29
강북구_수유시장,수유시장,강북구,강북구 도봉로67길 18 강북구 도봉로67길 18,건물형,7219.0,80
강북구_수유재래시장,수유재래시장,강북구,강북구 도봉로71길 일대 강북구 도봉로71길 26 일대,골목형,0.0,121
강북구_수유전통시장,수유전통시장,강북구,강북구 도봉로67길 일대 강북구 도봉로69길 16 일대,골목형,0.0,80
강북구_수유중앙골목시장골목형상점가,수유중앙골목시장골목형상점가,강북구,서울 강북구 노해로17길 48 서울 강북구 노해로17길 48 일대,골목형,0.0,50
강북구_수유중앙시장,수유중앙시장,강북구,강북구 노해로17길 21 강북구 노해로17길 21,건물형,4439.0,33
강북구_수유프라자,수유프라자,강북구,강북구 도봉로 261 강북구 도봉로 261,건물형,10492.0,76
강북구_숭인시장,숭인시장,강북구,강북구 도봉로 45 강북구 도봉로 45 일대,건물형,11203.0,104
강북구_어진이골목시장,어진이골목시장,강북구,서울 강북구 인수봉로56길 23 어진이골목시장,골목형,0.0,74
강북구_오패산로_골목형상점가,오패산로 골목형상점가,강북구,서울 강북구 오패산로30길 25 일대,골목형,10596.0,76
강북구_우이골목시장골목형상점가,우이골목시장골목형상점가,강북구,서울 강북구 한천로162길 26 한천로162길 26 일대,골목형,8362.0,83
강북구_우이시장,우이시장,강북구,강북구 노해로23길 68 강북구 노해로23길 68 일대,건물형,2122.0,13
강북구_장미원골목시장,장미원골목시장,강북구,"강북구 삼양로123길 9,11,13 일대 강북구 삼양로123길 9 일대",골목형,0.0,93
강북구_숭인사랑골목형상점가,숭인사랑골목형상점가,강북구,서울 강북구 숭인로 3,골목형,2581.0,30
강북구_인수로골목형상점가,인수로골목형상점가,강북구,서울 강북구 인수봉로77길 3,골목형,11004.0,64
도봉구_도봉산옛길골목형상점가,도봉산옛길골목형상점가,도봉구,서울 도봉구 도봉로181길 86 도봉산옛길 상점가,상점가,10079.0,209
도봉구_방학동도깨비시장,방학동도깨비시장,도봉구,서울특별시 도봉구 도당로85-7 방학동도깨비시장,골목형,15243.0,85
도봉구_백운시장,백운시장,도봉구,서울특별시 도봉구 삼양로154길 40 백운시장,골목형,10267.0,60
도봉구_신도봉시장,신도봉시장,도봉구,서울특별시 도봉구 도당로27길 60 신도봉시장,골목형,15418.0,148
도봉구_쌍리단길상점가,쌍리단길상점가,도봉구,"서울특별시 도봉구 도봉로114길 22, 112길 19, 110나길 21, 110나길 27 쌍리단길상점가",상점가,23435.0,117
도봉구_쌍문시장,쌍문시장,도봉구,서울특별시 도봉구 도봉로113길 23 쌍문시장,골목형,10736.0,101
도봉구_쌍문역둘러상점가,쌍문역둘러상점가,도봉구,"서울특별시 도봉구 노해로 60길, 도봉로 109길 쌍문역둘러상점가",상점가,18459.0,112
도봉구_오!도봉거리상점가,오!도봉거리상점가,도봉구,서울특별시 도봉구 도봉로156길 6 오!도봉거리상점가,상점가,12856.0,52
도봉구_창동골목시장,창동골목시장,도봉구,서울특별시 도봉구 덕릉로54가길 17 창동골목시장,골목형,7325.0,59
도봉구_창동신창시장,창동신창시장,도봉구,서울특별시 도봉구 덕릉로59마길 18-7 창동신창시장,골목형,11219.0,77
도봉구_창동역상점가,창동역상점가,도봉구,"서울특별시 도봉구 마들로11가길 12, 노해로69길 21, 마들로11길 71 창동역상점가",상점가,39951.0,70
노원구_공릉동도깨비시장,공릉동도깨비시장,노원구,서울특별시 노원구 동일로180길 53 공릉동도깨비시장,골목형,15669.0,108
노원구_공릉철길_골목형상점가,공릉철길 골목형상점가,노원구,서울 노원구 동일로186길 77-21 노원구 동일로186길 일대 골목,골목형,0.0,55
노원구_상계역전종합상가_상점가,상계역전종합상가 상점가,노원구,서울특별시 노원구 한글비석로 396 상계역전종합상가 상점가,상점가,14890.0,130
노원구_상계주공15단지_상가_상점가,상계주공15단지 상가 상점가,노원구,서울특별시 노원구 동일로227길 26 상계주공15단지 상가 상점가,상점가,7856.79,42
노원구_상계주공1단지_가상가_상점가,상계주공1단지 가상가 상점가,노원구,서울특별시 노원구 덕릉로 459-37 상계주공1단지 가상가,상점가,3015.0,48
노원구_상계중앙시장,상계중앙시장,노원구,서울특별시 노원구 상계로23나길 33 상계중앙시장,골목형,21428.0,59
노원구_중계_씨앤미상가_상점가,중계 씨앤미상가 상점가,노원구,서울 노원구 동일로204가길 34 씨앤미복합빌딩,상점가,37726.13,110
노원구_중계동_시영2단지_무지개종합상가_상점가,중계동 시영2단지 무지개종합상가 상점가,노원구,"서울특별시 노원구 동일로 1280 중계그린아파트A,B상가",상점가,1800.0,70
노원구_중계동시영B상가상점가,중계동시영B상가상점가,노원구,"서울특별시 노원구 동일로 1279 중계그린아파트A,B상가",상점가,4121.0,77
은평구_대림골목시장,대림골목시장,은평구,서울시은평구 응암로4길 27-1 대림골목시장,골목형,1700.0,72
은평구_대림시장,대림시장,은평구,서울시 은평구 응암로 4길 22 대림시장,건물형,2401.0,61
은평구_대조시장,대조시장,은평구,서울시 은평구 불광로 8 대조시장,골목형,5126.0,102
은평구_불광먹자골목형상점가,불광먹자골목형상점가,은평구,서울시 은평구 통일로66길 4-1 불광먹자골목,골목형,42428.08,69
은평구_불광천나들이거리골목형상점가,불광천나들이거리골목형상점가,은평구,서울 은평구 응암로9길 3 응암로9길 일대,골목형,19808.44,67
은평구_수일시장,수일시장,은평구,서울 은평구 수색로16길 5-1 수일시장,건물형,1074.0,1
은평구_신응암시장,신응암시장,은평구,서울시 은평구 응암로 22길 3-1 신응암시장,골목형,1700.0,49
은평구_양지시장,양지시장,은평구,"은평구 응암로4길20,22,24,26,26-1,26-3 양지시장",건물형,1244.0,1
은평구_연서시장,연서시장,은평구,서울시 은평구 불광동 850 2층 연서시장,건물형,2785.0,89
은평구_연신내골목형상점가,연신내골목형상점가,은평구,서울시 은평구 연서로29길 11-12 2층,상점가,112413.0,601
은평구_응암시장,응암시장,은평구,서울 은평구 응암로 252 응암시장,건물형,614.0,22
은평구_응암오거리상점가,응암오거리상점가,은평구,서울시 은평구 응암로9길6-15 응암오거리상점가,상점가,2600.0,121
은평구_제일시장,제일시장,은평구,서울시 은평구 통일로 731 제일시장,건물형,1335.9,52
은평구_증산종합시장,증산종합시장,은평구,서울시 은평구 증산로3길 12 증산시장,건물형,2171.0,100
은평구_포수말골목형상점가,포수말골목형상점가,은평구,서울 은평구 은평로10길 4 은평로 10길 일대,골목형,12450.3,74
서대문구_경찰청골목형상점가,경찰청골목형상점가,서대문구,서울 서대문구 통일로 107-23 일대,골목형,1807.17,43
서대문구_남이동길골목형상점가,남이동길골목형상점가,서대문구,서울 서대문구 모래내로 247 남가좌동 329-7~남가좌동 346-3 일원,골목형,0.0,85
서대문구_백련시장,백련시장,서대문구,서울특별시 서대문구 가재울로6길 53-87 백련시장,건물형,6865.0,32
서대문구_연희사러가,연희사러가,서대문구,서울특별시 서대문구 연희맛로 23 사러가쇼핑센터,건물형,3719.0,34
서대문구_영천시장,영천시장,서대문구,서울특별시 서대문구 영천시장길 27 영천시장,골목형,0.0,86
서대문구_유진상가,유진상가,서대문구,서울특별시 서대문구 통일로 484 유진상가,건물형,11283.0,62
서대문구_인왕시장,인왕시장,서대문구,서울특별시 서대문구 인왕시장길 18 인왕시장,건물형,4321.0,149
서대문구_포방터시장,포방터시장,서대문구,서울특별시 서대문구 포방터길 46 포방터시장,골목형,7310.0,66
서대문구_홍제골목형상점가,홍제골목형상점가,서대문구,서울 서대문구 통일로40안길 5 홍제골목형상점가,골목형,3862.56,48
마포구_공덕시장,공덕시장,마포구,"서울특별시 마포구 만리재로 19 B동, 공덕시장",건물형,1699.0,26
마포구_도화동상점가,도화동상점가,마포구,"서울특별시 마포구 도화길, 새창로2길 일대 도화동상점가",상점가,5650.0,142
마포구_동진시장,동진시장,마포구,서울특별시 마포구 성미산로 198 동진시장,건물형,492.0,24
마포구_마포농수산물시장,마포농수산물시장,마포구,서울특별시 마포구 월드컵로 235 마포농수산물시장,건물형,17319.945,146
마포구_마포시장,마포시장,마포구,"서울특별시 마포구 만리재로 23(04214)서울특별시 마포구 마포대로6길 16 A동, 마포시장 C동, 마포시장",건물형,1689.0,78
마포구_망원동월드컵시장,망원동월드컵시장,마포구,서울특별시 마포구 망원로7길 일대 망원동월드컵시장,골목형,5473.39,50
마포구_망원시장,망원시장,마포구,서울특별시 마포구 망원로8길 일대 망원시장,골목형,11159.9,88
마포구_방울내길_골목형상점가,방울내길 골목형상점가,마포구,서울 마포구 방울내로 53 서울특별시 마포구 방울내로53~80,상점가,3033.9,77
마포구_상암동상점가,상암동상점가,마포구,서울특별시 마포구 월드컵북로44길 33 상암동상점가,상점가,5558.36,175
마포구_서교시장,서교시장,마포구,서울특별시 마포구 홍익로3길 20 서교시장,건물형,12640.0,48
마포구_신수시장,신수시장,마포구,서울특별시 마포구 토정로17길 17 신수시장,건물형,1092.0,0
마포구_아현시장,아현시장,마포구,서울특별시 마포구 마포대로21길 70 일대 아현시장,골목형,18849.35,148
마포구_연남동골목형상점가,연남동골목형상점가,마포구,서울 마포구 동교로 268 1층,골목형,10315.2,179
마포구_영진시장,영진시장,마포구,서울특별시 마포구 동교로12길 21 영진시장,건물형,3761.0,42
마포구_용강동상점가,용강동상점가,마포구,서울특별시 마포구 토정로 315 일대 용강동상점가,상점가,67311.38,108
마포구_합정시장,합정시장,마포구,서울특별시 마포구 양화진길 5 합정시장,건물형,5433.0,8
마포구_홍대걷고싶은거리상점가,홍대걷고싶은거리상점가,마포구,서울특별시 마포구 어울마당로 109~155 일대 홍대걷고싶은거리상점가,상점가,5135.0,192
마포구_홍대레드로드골목형상점가,홍대레드로드골목형상점가,마포구,서울 마포구 잔다리로 8-3 잔다리로 8-3 일대,골목형,3845.3,91
마포구_홍대소상공인상점가,홍대소상공인상점가,마포구,서울특별시 마포구 홍익로3길 37 홍대소상공인상점가,상점가,4019.0,168
마포구_아현동손기정길골목형상점가,아현동손기정길골목형상점가,마포구,서울 마포구 손기정로1길 24,골목형,1787.29,36
양천구_경창시장,경창시장,양천구,서울시 양천구 오목로9길 31 경창시장,골목형,2320.0,51
양천구_목2동시장,목2동시장,양천구,서울시 양천구 목동중앙북로16길 3 목2동시장,골목형,3020.0,87
양천구_목3동_골목형상점가,목3동 골목형상점가,양천구,서울 양천구 목동중앙북로 38 목3동 골목형상점가,상점가,0.0,181
양천구_목동깨비시장,목동깨비시장,양천구,서울시 양천구 목동중앙북로6길 5 목동깨비시장,골목형,5106.0,89
양천구_목동로데오골목형상점가,목동로데오골목형상점가,양천구,서울 양천구 목동로25길 19 일원,상점가,6549.0,110
양천구_목사랑시장,목사랑시장,양천구,서울시 양천구 목동중앙남로7길 8 목사랑시장,골목형,1970.0,80
양천구_서서울골목형상점가,서서울골목형상점가,양천구,서울시 양천구 곰달래로13길 15 서서울골목형상점가,상점가,7221.0,49
양천구_신곡시장_골목형상점가,신곡시장 골목형상점가,양천구,서울 양천구 남부순환로79길 33-2 신곡시장 골목형상점가,상점가,0.0,104
양천구_신곡종합시장,신곡종합시장,양천구,서울시 양천구 신월로16길 5 신곡종합시장,건물형,1150.0,10
양천구_신영시장,신영시장,양천구,서울시 양천구 월정로 161-5 신영시장,골목형,4520.0,106
양천구_신월3동시장골목형상점가,신월3동시장골목형상점가,양천구,서울시 양천구 남부순환로40가길 1-1 신월3동시장골목형상점가,상점가,7228.08,140
양천구_신월7동골목시장,신월7동골목시장,양천구,서울시 양천구 지양로10길 3 신월7동골목시장,골목형,480.0,10
양천구_신정1동골목시장,신정1동골목시장,양천구,서울시 양천구 중앙로34길 28 신정1동골목시장,골목형,1560.0,38
양천구_신정제일시장,신정제일시장,양천구,서울시 양천구 중앙로34길 30 신정제일시장,건물형,2223.0,52
양천구_오목교중앙시장,오목교중앙시장,양천구,서울시 양천구 신목로4길 45 오목교중앙시장,골목형,1560.0,65
양천구_오목내길골목형상점가,오목내길골목형상점가,양천구,서울 양천구 신목로6길 41 일원,골목형,2795.93,63
양천구_우성상가,우성상가,양천구,서울시 양천구 지양로 78 우성상가,건물형,5035.0,22
양천구_월정로시장,월정로시장,양천구,서울시 양천구 월정로29길 3 월정로시장,골목형,2230.0,77
강서구_강서구청먹자골목_골목형상점가,강서구청먹자골목 골목형상점가,강서구,서울 강서구 화곡로 354-10 화곡동 1110-3 ~ 1121-2 일대,골목형,48271.54,142
강서구_강서수산시장_골목형상점가,강서수산시장 골목형상점가,강서구,서울 강서구 발산로 24 수협공판장,건물형,44863.26,90
강서구_강서행복한길골목형상점가,강서행복한길골목형상점가,강서구,서울 강서구 화곡로31길 29 화곡동 1057-7~1061-10 일대,골목형,4548.25,51
강서구_공항대로_골목형상점가,공항대로 골목형상점가,강서구,"서울 강서구 공항대로61길 42 염창동 271~274-1, 등촌동 633-29, 647-64~647-86 일대",골목형,9756.64,74
강서구_까치산시장,까치산시장,강서구,서울특별시 강서구 강서로12길 14 까치산시장,골목형,26139.0,134
강서구_남부골목시장,남부골목시장,강서구,서울특별시 강서구 등촌로 5길 62-4 남부골목시장,골목형,21776.0,150
강서구_방신전통시장,방신전통시장,강서구,서울특별시 강서구 방화동로 124-1 방신전통시장 고객지원센타,골목형,6963.0,91
강서구_봉제산길_골목형상점가,봉제산길 골목형상점가,강서구,"서울 강서구 등촌로39길 6 등촌동 512-7 ~ 514-58, 524-2~524-32 일대",골목형,7979.35,61
강서구_송화벽화시장,송화벽화시장,강서구,서울특별시 강서구 강서로45나길 송화벽화시장,골목형,26319.0,67
강서구_화곡본동시장,화곡본동시장,강서구,서울특별시 강서구 화곡로 32길 18 일원 화곡본동시장,골목형,5804.9,50
강서구_화곡중앙시장,화곡중앙시장,강서구,서울특별시 강서구 월정로30길66 화곡중앙시장,골목형,9436.0,58
강서구_가양역사거리_골목형상점가,가양역사거리 골목형상점가,강서구,서울 강서구 공항대로45길 15,골목형,34989.49,69
강서구_공항골목시장_골목형상점가,공항골목시장 골목형상점가,강서구,서울 강서구 남부순환로11가길 74,골목형,9820.92,56
강서구_공항동_먹자골목_골목형상점가,공항동 먹자골목 골목형상점가,강서구,서울 강서구 송정로 32-1,골목형,79370.82,89
강서구_송정역_카페거리_골목형상점가,송정역 카페거리 골목형상점가,강서구,서울 강서구 공항대로8길 14,골목형,13505.22,63
구로구_가리봉시장,가리봉시장,구로구,서울특별시 구로구 우마길 15 가리봉시장,골목형,8858.0,70
구로구_개봉입구골목상가_골목형상점가,개봉입구골목상가 골목형상점가,구로구,서울 구로구 경인로35길 14 ~경인로35길 55 일대,골목형,2711.0,35
구로구_개봉중앙_골목형상점가,개봉중앙 골목형상점가,구로구,서울 구로구 개봉로17길 7 ~37 일대 개봉중앙 골목형상점가,골목형,3294.0,59
구로구_개봉중앙시장,개봉중앙시장,구로구,서울특별시 구로구 개봉로17길 34 개봉중앙시장,건물형,1515.0,21
구로구_개봉프라자,개봉프라자,구로구,서울특별시 구로구 고척로40길 19 개봉프라자,건물형,9974.0,99
구로구_고척골목시장상점가,고척골목시장상점가,구로구,서울특별시 구로구 중앙로10길 21 일대 고척골목시장상점가,상점가,8452.0,62
구로구_고척근린시장,고척근린시장,구로구,서울특별시 구로구 경인로33길 98-9 고척근린시장,골목형,6013.0,70
구로구_고척프라자,고척프라자,구로구,서울특별시 구로구 중앙로10길 7 고척프라자,건물형,11965.0,16
구로구_구로시장,구로시장,구로구,서울특별시 구로구 구로동로22길 20-27 구로시장,골목형,5091.0,158
구로구_그라운드고척_골목형상점가,그라운드고척 골목형상점가,구로구,"서울 구로구 경인로47길 6 경인로47길 일대 및 중앙로6길, 중앙로8길 일부 그라운드고척 골목형상점가",골목형,14030.0,211
구로구_남구로시장,남구로시장,구로구,서울특별시 구로구 구로동로28길 16-7(구로동) 일원 남구로시장,골목형,24544.0,182
구로구_오류버들시장_골목형상점가,오류버들시장 골목형상점가,구로구,"서울 구로구 오류로8길 6 오류로8길 일대 및 오류로, 서해안로 일부 오류버들시장 골목형상점가",골목형,25507.0,383
구로구_오류시장,오류시장,구로구,서울특별시 구로구 경인로19가길 14-1 오류시장,건물형,3947.0,127
구로구_극동종합상가_골목형상점가,극동종합상가 골목형상점가,구로구,서울 구로구 구로중앙로7길 28,건물형,1407.82,53
구로구_오류골먹자골목_골목형상점가,오류골먹자골목 골목형상점가,구로구,서울 구로구 경인로23길 8,건물형,4785.0,72
금천구_대명여울빛거리시장,대명여울빛거리시장,금천구,서울특별시  시흥대로52길 70 대명여울빛거리시장,골목형,22929.0,218
금천구_독산동_맛나는거리상점가,독산동 맛나는거리상점가,금천구,서울특별시 시흥대로 398 ~ 독산로 247 독산동 맛나는거리상점가,상점가,18021.0,153
금천구_독산동_우시장,독산동 우시장,금천구,서울특별시 범안로 1209 독산동 우시장,상점가,18600.0,137
금천구_법원단지길_상점가,법원단지길 상점가,금천구,"서울 금천구 독산로 136 136, 138 , 독산로 36길-50길 일대",골목형,16341.74,91
금천구_별빛남문시장,별빛남문시장,금천구,서울특별시 금천구 시흥대로144길 17 별빛남문시장,골목형,13079.0,102
금천구_비단길현대시장,비단길현대시장,금천구,서울특별시 금천구 독산로41길 7 비단길현대시장,골목형,23598.0,180
금천구_아름다운_별장거리,아름다운 별장거리,금천구,서울 금천구 금하로24길 24 (시흥동),상점가,20347.16,88
금천구_은행나무시장,은행나무시장,금천구,서울특별시 금하로25길 1~35 골목일대 은행나무시장,골목형,2202.0,53
금천구_정훈한마음골목시장,정훈한마음골목시장,금천구,"서울특별시 금천구 독산로64길,65길 일대 정훈한마음골목시장",골목형,6814.0,100
금천구_천리단길_상점가,천리단길 상점가,금천구,서울 금천구 시흥대로63길 37 2층,골목형,2891.7,45
영등포구_남서울상가,남서울상가,영등포구,서울특별시 영등포구 영중로14길 11 남서울상가,건물형,8580.0,69
영등포구_대림중앙골목형상점가,대림중앙골목형상점가,영등포구,서울특별시 영등포구 디지털로37길 29 대림중앙골목형상점가,상점가,9525.0,39
영등포구_대림중앙시장,대림중앙시장,영등포구,서울특별시 영등포구 디지털로37나길 21 대림중앙시장,골목형,2974.0,91
영등포구_대신시장,대신시장,영등포구,서울특별시 영등포구 도신로60길 7 대신시장,건물형,12968.0,181
영등포구_도림시장,도림시장,영등포구,서울특별시 영등포구 도영로 50 도림시장,건물형,4156.0,6
영등포구_동남상가,동남상가,영등포구,서울특별시 영등포구 영등포로37길 4 동남상가,건물형,5722.0,71
영등포구_로타리상가,로타리상가,영등포구,서울특별시 영등포구 영등포로 219 로타리상가,건물형,5504.0,91
영등포구_삼구시장,삼구시장,영등포구,서울특별시 영등포구 영등포로 219 삼구시장,건물형,3758.0,55
영등포구_샛강두리골목형상점가,샛강두리골목형상점가,영등포구,"서울 영등포구 도신로64길 1 도신로64길, 영등포로72길",상점가,3513.0,74
영등포구_선유도역골목형상점가,선유도역골목형상점가,영등포구,서울특별시 영등포구 선유로47길 34 선유도역골목형상점가,상점가,1201.8,37
영등포구_선유로운골목형상점가,선유로운골목형상점가,영등포구,"서울 영등포구 양평로22길 13 양평로22길 일대, 선유로51길 일부",골목형,3392.0,67
영등포구_신동시장,신동시장,영등포구,서울특별시 영등포구 가마산로69가길 12 신동시장,건물형,1877.0,11
영등포구_영등포로타리지하도상가,영등포로타리지하도상가,영등포구,서울특별시 영등포구 영중로 지하20 영등포로타리지하도상가,지하도상가,6161.0,99
영등포구_영등포시장기계공구상가,영등포시장기계공구상가,영등포구,서울특별시 영등포구 영중로14길 48 영등포시장기계공구상가,골목형,35477.0,369
영등포구_영등포시장지하도상가,영등포시장지하도상가,영등포구,서울특별시 영등포구 영등포로 지하221 영등포시장지하도상가,지하도상가,1599.0,68
영등포구_영등포역지하도상가,영등포역지하도상가,영등포구,서울특별시 영등포구 경인로 지하843 영등포역지하도상가,지하도상가,4678.0,74
영등포구_영등포유통상가,영등포유통상가,영등포구,서울특별시 영등포구 영등포로 109 영등포유통상가,건물형,75575.0,1470
영등포구_영등포전통시장,영등포전통시장,영등포구,서우륵별시 영등포구 영등포로45길 16-1 영등포전통시장,골목형,5245.0,100
영등포구_영등포청과시장,영등포청과시장,영등포구,서울특별시 영등포구 영신로39길 14 영등포청과시장,골목형,19800.0,151
영등포구_영신상가,영신상가,영등포구,서울특별시 영등포구 영등포로 225 영신상가,건물형,10323.0,96
영등포구_영일시장,영일시장,영등포구,서울특별시 영등포구 문래로30길 27 영일시장,골목형,1897.0,64
영등포구_우리시장,우리시장,영등포구,서울특별시 영등포구 도림로64길 16-1 우리시장,골목형,2991.0,89
영등포구_제일상가,제일상가,영등포구,서울특별시 영등포구 영등포로 225 제일상가,건물형,1063.0,51
동작구_강남시장,강남시장,동작구,동작구 상도로 357 강남시장,건물형,2471.0,21
동작구_남성사계시장(남성시장),남성사계시장(남성시장),동작구,동작구 동작대로 129 일원 남성사계시장,골목형,10984.0,137
동작구_남성역골목시장,남성역골목시장,동작구,동작구 사당로16가길 19  일원 남성역골목시장,골목형,9021.0,71
동작구_노량진수산시장골목형상점가,노량진수산시장골목형상점가,동작구,서울 동작구 노들로 674 노량진 수산물 도매시장,건물형,118346.0,706
동작구_만양로상점가,만양로상점가,동작구,동작구 만양로 92 일원 만양로상점가,상점가,0.0,30
동작구_보라매다올길골목형상점가,보라매다올길골목형상점가,동작구,서울 동작구 여의대방로24가길 5 일대,골목형,13216.0,81
동작구_본동인정시장,본동인정시장,동작구,동작구 매봉로 177 본동인정시장,골목형,12176.0,91
동작구_사당1동먹자골목상점가,사당1동먹자골목상점가,동작구,동작대로3길 14 일원 사당1동먹자골목상점가,골목형,3063.0,81
동작구_사당시장,사당시장,동작구,동작구 사당로 244 사당시장,건물형,3843.0,15
동작구_상도도깨비골목형상점가,상도도깨비골목형상점가,동작구,동작구 상도로 22길 일대 상도도깨비 골목형상점가,상점가,9510.0,100
동작구_상도약수골목형상점가,상도약수골목형상점가,동작구,동작구 양녕로26길 10 일대 상도약수골목형상점가,상점가,9867.0,102
동작구_상도전통시장,상도전통시장,동작구,동작구 상도로37길 62 일원 상도전통시장,골목형,16463.0,73
동작구_성대시장,성대시장,동작구,동작구 상도로 102 성대건물시장,건물형,6831.0,45
동작구_성대전통시장,성대전통시장,동작구,국사봉1길 41 일원 성대전통시장,골목형,20290.0,100
동작구_신노량진시장,신노량진시장,동작구,동작구 장승배기로 123-6 신노량진시장,건물형,3512.0,123
동작구_이수미로_골목형상점가,이수미로 골목형상점가,동작구,서울 동작구 동작대로27가길 5 동작대로 27가길 일대,골목형,34288.0,183
동작구_노량진_만나로_골목형상점가,노량진 만나로 골목형상점가,동작구,서울 동작구 만양로 92,골목형,5818.0,54
동작구_숭실마루길_골목형상점가,숭실마루길 골목형상점가,동작구,서울 동작구 사당로 28,골목형,19783.0,120
동작구_신대방1동_온누리길_골목형상점가,신대방1동 온누리길 골목형상점가,동작구,서울 동작구 신대방길 112-4,골목형,7665.0,83
동작구_흑석시장_골목형상점가,흑석시장 골목형상점가,동작구,서울 동작구 서달로12길 19,골목형,6227.0,154
관악구_강남골목시장,강남골목시장,관악구,서울 관악구 조원로6길 15 강남골목시장,상점가,8071.96,59
관악구_관악신사시장,관악신사시장,관악구,서울특별시 관악구 관천로19길 89 관악신사시장,골목형,3778.0,100
관악구_관악종합시장,관악종합시장,관악구,서울특별시 관악구 신원로 23 관악종합시장,건물형,2928.92,57
관악구_관악중부시장,관악중부시장,관악구,서울특별시 관악구 관악로 222 관악중부시장,상점가,2391.0,48
관악구_난곡골목형상점가,난곡골목형상점가,관악구,서울특별시 관악구 난곡로24길 12 난곡골목형상점가,상점가,6947.0,79
관악구_남현동_예술인마을_골목형상점가,남현동 예술인마을 골목형상점가,관악구,서울 관악구 남현3길 78 외 64필지,상점가,50878.18,212
관악구_녹두_골목형상점가,녹두 골목형상점가,관악구,서울 관악구 신림로11길 20 녹두 골목형상점가,골목형,14978.0,88
관악구_녹두S밸리_골목형상점가,녹두S밸리 골목형상점가,관악구,서울 관악구 호암로22길 76 녹두S밸리 골목형상점가,골목형,20122.0,81
관악구_미성동도깨비시장,미성동도깨비시장,관악구,서울특별시 관악구 미성3길 1 미성동도깨비시장,상점가,9190.26,83
관악구_봉리단길_골목형상점가,봉리단길 골목형상점가,관악구,서울시 관악구 장군봉1길 56 봉리단길 골목형상점가,상점가,20432.0,223
관악구_봉일시장,봉일시장,관악구,서울특별시 관악구 은천로 28 봉일시장,건물형,19098.52,35
관악구_봉천달빛길_골목형상점가,봉천달빛길 골목형상점가,관악구,서울 관악구 남부순환로 1739-8 등 27필지,상점가,7715.0,114
관악구_봉천제일종합시장,봉천제일종합시장,관악구,서울특별시 관악구 청룡2길 29 봉천제일종합시장,건물형,3776.06,51
관악구_봉천중앙시장,봉천중앙시장,관악구,서울특별시 관악구 관악로 211 봉천중앙시장,건물형,3406.0,36
관악구_봉천현대시장,봉천현대시장,관악구,서울특별시 관악구 양녕로 49 봉천현대시장,건물형,2069.0,56
관악구_삼성동시장,삼성동시장,관악구,서울특별시 관악구 원신1길 28-1 신림동 삼성동시장,골목형,4800.0,120
관악구_서림_행복가득한_골목형상점가,서림 행복가득한 골목형상점가,관악구,서울 관악구 신림로 208 인근,상점가,6503.0,51
관악구_서원동상점가,서원동상점가,관악구,서울특별시 관악구 신림로 329 서원동상점가,상점가,17115.0,200
관악구_신림종합시장,신림종합시장,관악구,서울특별시 관악구 남부순환로 157길 63 신림종합시장,건물형,3778.0,25
관악구_신림중앙시장,신림중앙시장,관악구,서울특별시 관악구 조원로16길 27 신림중앙시장,건물형,6167.28,292
관악구_신림현대종합상가,신림현대종합상가,관악구,서울특별시 관악구 신림로 29길 3-20 신림현대종합상가,건물형,5053.0,45
관악구_신신림시장,신신림시장,관악구,서울특별시 관악구 원신2길 34 신신림시장,건물형,1824.0,11
관악구_신원시장,신원시장,관악구,서울특별시 관악구 신원로3길 20-3 신원시장,골목형,3678.0,119
관악구_우림시장,우림시장,관악구,서울특별시 관악구 난곡로 26길 19 우림시장,건물형,1726.0,17
관악구_원당종합시장,원당종합시장,관악구,서울특별시 관악구 남부순환로248길 35 원당종합시장,건물형,2058.84,7
관악구_인헌시장,인헌시장,관악구,서울 관악구 인헌6길 24 인헌시장,골목형,9751.0,52
관악구_조원동펭귄시장,조원동펭귄시장,관악구,서울특별시 관악구 조원로16길 27 조원동펭귄시장,골목형,9831.0,75
관악구_행운담길_골목형상점가,행운담길 골목형상점가,관악구,서울 관악구 남부순환로233길 16 행운담길 골목형상점가,골목형,15357.7,97
관악구_신림별빛거리_골목형상점가,신림별빛거리 골목형상점가,관악구,서울 관악구 봉천로6길 29,골목형,52916.0,215
서초구_강남터미널지하도상점가(고투몰),강남터미널지하도상점가(고투몰),서초구,서울 서초구 신반포로 지하 200 강남터미널지하쇼핑몰,지하도상가,31125.0,619
서초구_고속터미널역지하철역상점가(엔터식스_강남점),고속터미널역지하철역상점가(엔터식스 강남점),서초구,서울 서초구 신반포로 지하 188 강남고속터미널역,지하도상가,6524.0,31
서초구_남부종합시장,남부종합시장,서초구,서울특별시 서초구 방배중앙로 27길 17 남부종합시장,건물형,5975.0,123
서초구_말죽거리_골목형상점가,말죽거리 골목형상점가,서초구,서울 서초구 남부순환로356길 49 코사마트,상점가,14870.0,106
서초구_서초쇼핑_골목형상점가,서초쇼핑 골목형상점가,서초구,서울 서초구 고무래로 90-7 서초쇼핑,건물형,8610.38,89
서초구_양재시장,양재시장,서초구,서울특별시 서초구 남부순환로 356길 15 양재종합시장,건물형,2525.0,30
강남구_강남개포시장,강남개포시장,강남구,서울특별시 강남구 개포로82길11 삼우빌딩 305호,상점가,56608.0,137
강남구_강남시장,강남시장,강남구,동작구 상도로 357 강남시장,건물형,2471.0,21
강남구_강남언주로_상가,강남언주로 상가,강남구,서울특별시 강남구 언주로98길 5-4 강남언주로상가,상점가,2008.0,34
강남구_강남역지하도상점,강남역지하도상점,강남구,서울특별시 강남구 강남대로 지하396 강남역지하도상점,지하도상가,12099.0,212
강남구_논현종합시장,논현종합시장,강남구,서울특별시 강남구 봉은사로33길 33 논현종합시장(관리처분계획인가처분),건물형,1215.0,40
강남구_도곡시장,도곡시장,강남구,서울 강남구 선릉로69길 19 역삼래미안아파트상가동 402호,상점가,33361.0,86
강남구_신사시장,신사시장,강남구,서울특별시 강남구 압구정로29길 72-1 신사시장,상점가,2931.59,62
강남구_영동전통시장,영동전통시장,강남구,서울특별시 강남구 강남대로 128길 20 영동전통시장,골목형,13100.0,140
강남구_은마종합상점,은마종합상점,강남구,서울특별시 강남구 삼성로 212 은마종합상점,상점가,10092.0,549
강남구_청담삼익시장,청담삼익시장,강남구,서울특별시 강남구 학동로101길26 청담삼익시장,건물형,2870.0,175
송파구_가락골골목형상점가,가락골골목형상점가,송파구,서울특별시 송파구 송이로20길 12-16 가락골골목형상점가,상점가,12607.5,191
송파구_가락몰_골목형상점가,가락몰 골목형상점가,송파구,서울 송파구 양재대로 932 가락몰 판매동,골목형,112511.0,1221
송파구_마천시장관리주식회사,마천시장관리주식회사,송파구,서울특별시 송파구 마천로45길 23 마천시장,건물형,3871.0,64
송파구_마천중앙시장,마천중앙시장,송파구,"서울 송파구 마천로45길 16 (마천동, 2층)",골목형,14757.0,136
송파구_문정동로데오거리상점가,문정동로데오거리상점가,송파구,서울특별시 송파구 동남로4길 10 문정동로데오거리상점가,상점가,45850.0,191
송파구_방이시장,방이시장,송파구,서울특별시 송파구 가락로 243 방이시장,골목형,35625.0,134
송파구_새마을시장,새마을시장,송파구,서울특별시 송파구 석촌호수로12길 3-9 새마을시장,골목형,19961.0,116
송파구_석촌시장,석촌시장,송파구,서울특별시 송파구 송파대로37길 52 석촌시장,골목형,17833.0,67
송파구_풍납시장,풍납시장,송파구,서울특별시 송파구 바람드리길 15-1 풍납시장,골목형,23670.0,140
송파구_잠실역지하쇼핑센터,잠실역지하쇼핑센터,송파구,서울 송파구 올림픽로 지하 265 잠실역 2호선,지하도상가,8445.73,139
강동구_고덕골목형상점가,고덕골목형상점가,강동구,서울특별시 강동구 고덕로 83길 18 고덕 골목형상점가,상점가,6699.0,104
강동구_고분다리전통시장,고분다리전통시장,강동구,서울시 강동구 구천면로34길 고분다리전통시장,골목형,1468.0,72
강동구_길동복조리시장,길동복조리시장,강동구,서울시 강동구 천중로 52길 37 길동복조리시장,골목형,13189.0,151
강동구_둔촌역전통시장,둔촌역전통시장,강동구,"서울시 강동구 풍성로58길, 양재대로91길 일대 둔촌역전통시장",골목형,4140.0,87
강동구_명일전통시장,명일전통시장,강동구,"서울특별시 강동구 양재대로138길, 상암로47길 일대 명일전통시장",골목형,1862.0,58
강동구_성내전통시장,성내전통시장,강동구,서울시 강동구 천호대로 162길 성내전통시장,골목형,2700.0,76
강동구_암사종합시장,암사종합시장,강동구,"서울특별시 강동구 상암로11길, 고덕로10길 암사종합시장",골목형,17394.0,110
강동구_장신구거리,장신구거리,강동구,서울시 강동구 성내로 83 장신구거리,건물형,101111.0,170
강동구_천호로데오거리상점가,천호로데오거리상점가,강동구,서울시 강동구 천호대로157길 40 천호동로데오거리상점가,상점가,509181.0,150
