park_id,park_name,area_sqm,main_facilities,region,park_address,longitude,latitude
1,남산공원,2896887.0,기반시설 : 광장 45950㎡ 도로 108530㎡ 산책로 6.7㎞ (북측:3.7㎞/남측:3.0㎞) 조경시설 : 연못 1개소(1078㎡) 파고라 분수대 그늘시렁 운동시설 : 테니스장 야구장 궁도장 배드민턴장 교양시설 : 도서관 야외식물원 안중근의사 기념관 편익시설 : 주차장 매점 음수대 팔각정 화장실 밴치 타워전망대 기타시설 : 순환도로 18.9㎞,중구,서울특별시 중구 삼일대로 231(예장동),126.9903773,37.5501402
2,길동생태공원,79258.7,"생태문화센터, 탐방객안내센터, 반딧불이 체험관, 목재데크, 조류관찰대",강동구,서울특별시 강동구 천호대로 1291(길동생태공원),127.1547791,37.5403935
3,서울대공원,9132690.0,동물원 식물원 테마가든(장미원 어린이동물원 피크닉장) 치유숲 산림욕장 캠핑장 국립현대미술관 서울랜드 플레이월드 원더파크 코끼리열차 스카이리프트 등,과천시,경기도 과천시 대공원광장로 102,127.0198465,37.4264494
4,서울숲,480994.0,문화예술시설: 바닥분수 거울연못 군마상 야외무대 가족마당무대 생태시설: 꽃사슴방사장 보행가교 바람의언덕 체험시설: 곤충식물원,성동구,서울특별시 성동구 뚝섬로 273 (성수동1가),127.0417982,37.5430717
5,월드컵공원,2284085.0,평화의 공원 월드컵공원전시관(879㎡) 유니세프광장(2400㎡) 평화광장(5217㎡) 난지연못(24522㎡) 휴게소2개소 화장실 6개소 음수전 2개소 별자리광장(2800㎡) 잔디광장(15110㎡) 야외전시장(5145㎡) 모험놀이터(1133㎡) 피크닉장(멍석20개) 테니스장 2면 평화의정원 1개소 주차장(1242면) 에너지제로하우스 하늘공원 탐방객안내소(103㎡) 풍력발전기 5개소 전망대 20개소 화장실 5개소 음수전 4개소 하늘계단 하늘을 담는 그릇 초지(109567㎡) 난지천공원 인조잔디축구장 게이트볼장(1188㎡) 농구장(420㎡) 음수전 4개소 화장실 5개소 배드민턴장(328㎡) 다목적구장(3240㎡) 장애인놀이터(1591㎡) 어린이놀이터(706㎡) 매점 2개소 잔디광장(16193㎡) 오리연못(3600㎡) 주차장(난지천 196면 임시주차장 250면 장애인주차장 53면) 노을공원 관찰?쉼터데크 전망데크 바람의광장 누에생태체험장 노을캠핑장 파크골프장 노을계단 조각 작품 10 반딧불이 관찰원 커뮤니티센터 난지창작스튜디오 희망의숲 등 매립지 사면 달리기코스(난지순환길 5.8㎞) 수림대 사면녹화 기타시설 지역난방공사 자원회수시설 수소충전시설 수소발전시설,마포구,서울특별시 마포구 하늘공원로 84(월드컵공원),126.878907,37.571805
6,광화문시민열린마당,8948.1,조 경 시 설 : 육조상징벽 6개소 전통담장 4개소 열주 22조 화계6개소 편 익 시 설 : 화강석의자 35조 관 리 시 설 : 광장등 4본 정원등 23본 투사등 28본 열주내장등 22본 기 반 시 설 : 열린마당 3280㎡ 육조마당 920㎡ 휴게마당 1670㎡ 녹지대 3078㎡ 대형전용 주차장 : 9면,종로구,서울특별시 종로구 세종로 76-2,126.9780227,37.5750449
7,진관근린공원(구파발폭포),0.0,폭포 야외무대,은평구,서울특별시 은평구 진관동 393,126.9192155,37.6370244
8,중마루근린공원,6456.0,기반시설 : 광장 200㎡ 산책 등산로 0.50㎞ 편익시설 : 광장  의자 휴지통 음수대 공원등 등 편익시설 : 파고라 연못 1개소(150㎡) 그늘시렁 등 휴양시설 : 정자,영등포구,서울특별시 영등포구 영등포동2가 222,126.9112668,37.519832
9,응봉공원 (대현산배수지공원),75570.0,조경시설 : 파고라 외 222소  운동시설 : 잔디광장 테니스장 2면 게이트볼장 배드민턴장 6면 다목적경기장 등  편익시설 : 음수대 화장실 2동 등  기타시설 : 관리동 등,성동구,서울특별시 성동구 금호동1가 산1-72,127.0217653,37.5572281
10,매화근린공원,1980.4,상징조형물 팔각정자 사각파고라 음수전,강서구,서울특별시 강서구 등촌동 630-14,126.86115,37.5575833
11,성수근린공원,5197.7,조경시설 : 그늘시렁 1개소 돌담 2개소(251.31M) 돌담 장식대 84개소 운동시설 : 농구장 176.6㎡ 편익시설 : 음수대 1개소 벤치 25개소 광장 706㎡ 관리시설 : 공원등 24본,성동구,서울특별시 성동구 성수2가 3동 302-25,127.0524023,37.5448144
12,샛마을근린공원,11467.0,농구대 2개소 체력단련시설 놀이터 다목적운동장,강동구,서울특별시 강동구 명일1동 288,127.1471618,37.5504807
13,여의도근린공원,229539.0,건축물 : 8동 - 관리사무실(7.9㎡) 편의점3동(각 29.7㎡) 화장실7동(각104.28㎡)팔각정(27.72㎡) 사모정(8.91㎡) 공원지구대(264㎡) 공원파출소     - 자전거 도로 : 2.4km(폭4~6m) 산책로 : 3.9km(폭 2m)     - 한강둔치 연결 지하보도 : 120m(높이 2.5m 폭 8m)     - 공원등 : 334개소     - 스프링클러 : 6.4km 155개소     - 광장 : 24735㎡(7482평)     - 자전거보관대 : 2개소(16대)     - 연못 : 3개소 4848㎡( 지당연못 3530㎡ 생태연못 730㎡ 잔디마당연못 588㎡),영등포구,서울특별시 영등포구 여의공원로 68 (여의도동),126.922377,37.526129
14,간데메근린공원,15179.7,"화장실 1동, 팔각정 1개, 파고라 4동, 자전거보관대 1개소, 운동기구 12개, 놀이시설 3대, 조합놀이대 1대, 관리사무소 등",동대문구,서울특별시 동대문구 서울시립대로2길 59(간데메공원),127.0488644,37.5732438
15,훈련원근린공원,17927.9,광장 2개소 야외의자 36기 운동기구 9기 종합체육관 화장실 등,중구,서울특별시 중구 을지로 227,127.0038188,37.5675245
16,영등포근린공원,61544.0,관리시설 : 관리사무소 공원등 안내판 조경시설 : 음악분수 파고라 연못 개울 벽천 잔디밭 운동시설 : 농구장 배드민턴장 풋살경기장 편익시설 : 주차장 공중전화 음수전 화장실 의자 휴양시설 : 야외정자,영등포구,서울특별시 영등포구 신길로 275,126.910662,37.515423
17,보라매공원,406705.0,"조경시설: 잔디마당, 수경시설(연못, 벽천 등), 철쭉동산 등 운동시설: 중앙트랙, 인조잔디축구장, 테니스장, 다목적운동장, 배드민턴장, 인공암벽등반장, 게이트볼장, 맨발길, 야외운동기구(평행봉 등 28종), 농구장, X-game장, 인라인스케이트장, 편익시설:주차장, 매점, 음수대, 그늘막, 화장실, 벤치 유희시설: 풍경놀이터, 어린이놀이터, 바닥분수, 테마물놀이터, 에어파크 교양시설:서울시립보라매청소년센터, 보라매안전체험관 기타시설:서울시립관악노인종합복지관, 서울시립발달장애인복지관, 서울시립남부장애인종합복지관, 동작경찰서 보라매파견소 등",동작구,서울특별시 동작구 여의대방로20길 33(보라매공원),126.918289,37.492333
18,어린이대공원,536094.5,교양시설：46개소(야외음악당 등) 조경시설：7개소(분수대 등) 유희시설：4종(놀이동산 등)   편익시설：24개소(식당 등) 동물원：53종 519마리 식물원：222종 5015본,광진구,서울특별시 광진구 능동로 216(서울어린이대공원),127.0809212,37.5498987
19,천호근린공원,26696.8,기반시설 : 광장   조경시설 : 연못 1개소   운동시설 : 배드민턴장 농구장 족구장 체력단련시설 등 교양시설 : 야외무대 1개소  편의시설 : 벤치(등받이) 벤치 팔각정자 1개소 평상  원형테이블 피크닉테이블 음수대,강동구,서울특별시 강동구 올림픽로 702(천호공원),127.1263451,37.5444741
20,용산가족공원,75900.0,조경시설 : 잔디광장 연못 4개소(6740㎡) 정자3 원두막2 자연학습장 맨발공원 태극기공원 운동시설 : 철봉 평행봉 역기 윗몸일으키기 등배치기 등 13점 편익시설 : 주차장(50대) 음수대 공중전화 화장실 벤치 자동판매기 교양시설 : 국제조각품 9점 기타시설 : 야외예식장 빗물펌프장 공원가로등(59본 118등),용산구,서울특별시 용산구 서빙고로 185,126.983335,37.522226
21,독립근린공원,113021.7,방문자센터(관리사무소 위치) 순국선열추념탑 서재필선생동상 독립관(순국선열 위패봉안소) 3?1독립선언기념탑 독립문 형무소 역사관 이진아기념도서관,서대문구,서울특별시 서대문구 통일로251(독립공원),126.956771,37.5738289
22,낙산근린공원,201779.0,기반시설 : 관리도로 2920m 산책로 1010m 주차장 640㎡ 교양시설 : 역사탐방로 935m 비우당 27㎡ 홍덕이밭 50㎡ 건축시설 : 5동(전시및관리실 매점및화장실 비우당 육각정자 노인정) 운동시설 : 배드민턴장 12면 농구장 1면 편익시설 : 파고라 5종 의자 117개 음수대(6) 화장실2 광 장 : 5개소(중앙광장 놀이광장 전망광장 3개소) 기타시설 : 안내판 등 29개,종로구,서울특별시 종로구 낙산길 41 (우) 03085,127.007587,37.580477
23,매헌시민의숲,258991.0,"조경시설 : 잔디광장, 파고라, 정자 운동시설 : 배구장(족구장 겸용), 농구장, 테니스장 등 편익시설 : 음수대, 화장실 5개소 등 기      타 : 야외 예식장, 윤봉길의사 기념관, 윤봉길 의사 동상,  백마부대 충혼탑,대한항공 858편 위령탑, 삼풍백화점 희생자 위령탑, 우면산 산사태 희상자 추모비 등",서초구,서울특별시 서초구 매헌로 99 (양재동),127.035042,37.471225
24,관악산공원,14278901.5,낙성대 연주대 삼막사 관음사 관악산호수,관악구,서울특별시 관악구 관악로 1(관악산공원),126.96413,37.445208
25,효창근린공원,171277.0,관리시설 : 관리사무소 공원등 안내판 편의시설 : 매점 공중전화 화장실 음수대 야외탁자 의자 시계탑 조경시설 : 자연학습장 연못 데크로드 운동시설 : 농구장 배드민턴장 게이트볼장 체력단련시설 유희시설 : 어린이놀이터 휴양시설 : 정자 파고라 교양(사적)시설 : 의열사 백범김구선생 묘역 삼의사묘역 임정요인묘역 백범기념관 이봉창의사 동상 반공투사 위령탑 원효대사상,용산구,서울특별시 용산구 효창원로 177-18,126.95993,37.545234
26,감로천생태공원(관악산),0.0,생태연못 3개소 감로천별빛다리 목재데크길 야외운동기구 등,금천구,서울특별시 금천구 독산동 373 일대,126.9079509,37.469625
27,개운산근린공원,297926.0,공원이용지원센터 화장실 산책로(산마루길 목재데크산책로 오솔길 등) 자연학습장 지압보도 축구장 배드민턴장 족구장 정자 등,성북구,서울특별시 성북구 북악산로 949-73(돈암동 6-1),127.0252858,37.5965837
28,개웅산근린공원,411972.0,배드민턴장 철봉 허리돌리기 역기 등 운동기구,구로구,서울특별시 구로구 오류동 산13-1,126.8485734,37.4888943
29,경희궁,98470.0,자정전 흥화문 (서울특별시 유형문화재 제19호) 숭정전,종로구,서울특별시 종로구 새문안로 55(신문로2가 2-1),126.9685341,37.570773
30,국립서울현충원,1433079.0,"현충탑, 현충관, 호국전시관, 충열대, 충성분수대, 무명용사 봉안실, 제1?2충혼당",동작구,"서울특별시 동작구 현충로 210(동작동, 국립서울현충원)",126.9736849,37.4998621
31,계남근린공원,603715.2,"장군정(정상) 1동 다목적구장(실내 배드민턴장) 생태연결통로(계남1, 2공원 연결) 야외무대 약수터 3개소 각종 운동시설(게이트볼장 족구장 등) 화장실 2개동",양천구,서울특별시 양천구 신정동 산44-2일대,126.8479643,37.5138358
32,고척근린공원,108120.0,도서관 어린이놀이터 배드민턴장 테니스장 운동장 조깅트랙 구민체육센터 운동기구 농구장,구로구,서울특별시 구로구 고척로45길 39(고척공원),126.8521495,37.5042944
33,파리근린공원,29619.3,분수(벽천 무지개 분수 곡사분수 바닥분수) 자수화단 야외무대 모형 에펠탑 각종 운동시설(건강라운지) 관리사무소(화장실) 1개동 등,양천구,서울특별시 양천구 목동동로 363,126.8763932,37.5349739
34,허준공원,29843.8,연못(5100㎡) 정자 어린이 놀이 시설 허준 동상 음악분수,강서구,서울특별시 강서구 허준로5길 42,126.8526745,37.5679874
35,궁동근린공원,126026.0,조경시설 : 파고라 3동 편의시설 : 실내체육관 1동 정자 2동 평의자 30조 관리시설 : 종합안내판 1조 초화류안내판 2개 기반시설 : 도로 산책로 등,서대문구,서울특별시 서대문구 성산로7길 19-24(궁동공원),126.9229851,37.5690506
36,궁산근린공원,135002.7,소악루 양천고성지 양천향교 자연학습탐방로 사진촬영전망대,강서구,서울특별시 강서구 가양동 산4-7,126.838952,37.5735645
37,까치산근린공원,384026.0,임당 정공 신도비,동작구,서울특별시 동작구 사당동 산32,126.9640735,37.4845836
38,꿩고개근린공원,180000.0,게이트볼장 정자 지압로 약수터음수전,강서구,서울특별시 강서구 방화동 산110,126.8157075,37.5801585
39,노량진공원,415610.0,조깅트랙 다목적운동장 공군충혼탑 장애인운동시설 테니스장 산책로,동작구,서울특별시 동작구 대방동 519(여의대방로44길 39),126.927319,37.507396
40,답십리근린공원,160720.0,휴게소 5개소 그늘시렁 6동 종합체육시설 배드민턴장 문화회관,동대문구,서울특별시 동대문구 답십리로 209(답십리공원),127.0626512,37.507396
41,대모산도시자연공원,2277252.0,화장실 1동 약수터 1개소 편익시설 44개 다목적 운동장 1개소,강남구,서울특별시 강남구 광평로10길 30-71(대모산공원),127.0809639,37.4796489
42,탑골근린공원,19599.7,원각사지10층석탑 팔각정 3.1운동기념탑 손병희선생 동상 한용운선생 기념비 우물 편의시설,종로구,서울특별시 종로구 종로 99,126.9882853,37.5710052
43,갈산근린공원,138596.0,갈산정(정상) 1동 교통교육관 및 전시물 교통안전교육 체험장 어린이놀이터 멀티코트장 등 중심광장 전망대 각종 운동시설,양천구,서울특별시 양천구 신정동 162-56,126.8689146,37.5082119
44,천마근린공원,185295.0,어린이안전공원 축구장 배드민턴장 체력단련장,송파구,서울특별시 송파구 마천동 산 1-1,127.1586644,37.5005173
45,도곡근린공원,254648.0,배드민턴장 약수터 화장실 정자 다목적 운동장,강남구,서울특별시 강남구 도곡동 산31-1,127.0450338,37.4903127
46,도산근린공원,29816.5,도산묘소 동상 도산기념관 화장실 그늘시렁 운동시설,강남구,서울특별시 강남구 도산대로45길 20(도산공원),127.0350296,37.5246752
47,청량공원,762642.0,어른신건강마당 진입광장 휴식광장 입구연못 파고라 조경수원 목교 전망테크 산림종합전시관 야외학습장 도서관 공연장 건강마당,성북구,서울특별시 성북구 화랑로18가길 50,127.0511145,37.6020055
48,초안산근린공원,664905.0,잔디광장 계류 생태연못 녹지대 음수대 생활체육시설 산책로 등,도봉구,서울특별시 도봉구 창동 산157,127.0455446,37.648316
49,동명근린공원,95753.4,축구장 족구장 배구장 배드민턴장 농구장,강동구,서울특별시 강동구 고덕2동 229,127.1676703,37.5598341
50,마로니에공원,5802.0,야외무대 분수대 조합놀이대,종로구,서울특별시 종로구 대학로8길 1,127.0027886,37.5802295
51,자매근린공원,16500.0,앙카라하우스 조형물 파고라4개소 배드민턴장 게이트볼장 화장실 관리실,영등포구,서울특별시 영등포구 의사당대로 166 (우) 07324,126.9302895,37.5177329
52,장지근린공원,585652.0,휴게광장 체력단련장 배드민턴장,송파구,서울특별시 송파구 장지동 산 11번지,127.1387,37.4957083
53,명일근린공원,419108.4,생태연못 초가정자 바닥분수 계류 벽천 어린이놀이터 돌무더기,강동구,서울특별시 강동구 상일동 135,127.1613641,37.5537143
54,방화근린공원,72132.0,다목적운동장 체육시설 원형광장 연못 분수대 어린이놀이터 산책로 파고라 휴게소,강서구,서울특별시 강서구 금낭화로 176(방화공원),126.8132285,37.5819812
55,아시아근린공원,66027.8,송파문화예술회관 야외공연장 부리도 기념비 시와 그림의 광장,송파구,서울특별시 송파구 올림픽로 44 (잠실동),127.0762885,37.5102779
56,배봉산근린공원,265582.0,"인공폭포, 야외무대관리사무실 어린이놀이터 약수터 산책로 체육시설 자연학습장",동대문구,서울특별시 동대문구 한천로43길 12-14(배봉산공원),127.0641623,37.5812324
57,안산도시자연공원,2088704.9,조경시설 : 팔각정자 야외탁자 조합놀이대 등 편의시설 : 화장실 약수터 등 관리시설 : 관리사무소 공원등 안내판 등 기반시설 : 만남의광장 산책로 등 연희숲속쉼터 : 10000㎡(연희동 산2-5 서대문청소년수련관 주변) 잔디마당 숲속쉼터허브원 습지 계류시설 홍제천 수변마당 안산자락길 : 1.69KM(옛 시민아파트 철거부지 ~ 한성과학고 뒤) 장애물이 없는 데크로드,서대문구,서울특별시 서대문구 홍제동 산33-98,126.9390273,37.5798246
58,염창근린공원,112070.0,골프연습장 스포츠센타,강서구,서울특별시 강서구 염창동 산24-1,126.8689817,37.5579702
59,백련근린공원,993724.0,조경시설 : 정자 파고라 조합놀이대 등  편의시설 : 청소년수련관 문화체육회관 화장실 음수대 등  관리시설 : 종합안내판 관리사무소 등  기반시설 : 도로 산책로 등   백련근린공원(논골지구) : 19500㎡(홍은2동 산11-216 서강아파트 뒤) 팔각정 초정 운동시설 계류 생태연못 허브원 장미원 실용원 약용원 등,서대문구,서울특별시 서대문구 통일로 507-22(백련공원),126.928616,37.5879662
60,오금근린공원,219167.0,곰두리체육센터 송파도서관 테니스장 배드민턴장 게이트볼장 자연학습관찰로 삼림욕장,송파구,서울특별시 송파구 오금로 363 오금근린공원,127.1323957,37.5038715
61,오동근린공원,1368523.0,"- 체력단련시설 86개소 382기    - 배드민턴장 18개소 66면    - 정자 11개소, 화장실 10개소(발효식 7, 수세식 3)    - 북서울꿈의숲 1개소    - 골프연습장 1개소, 구민운동장 1개소, 다목적체육관 1개소    - 놀이터 5개소",강북구,서울특별시 강북구 번동 산20-1,127.0317269,37.6327957
62,봉산도시자연공원,1511198.0,산책로9㎞ 전시관 1동 운동시설,은평구,서울특별시 은평구 구산동 산61,126.9020153,37.604071
63,온수도시자연공원,1097565.0,배드민턴장 체력단련장 철봉 허리돌리기 등 운동기구,구로구,서울특별시 구로구 개봉동 산2-60,126.83695,37.5002598
64,봉은공원,328018.0,奉恩寺 도심 한가운데 있는 奉恩寺는 그 외형적 규모뿐 아니라 역사적으로 서울의 대표적인 사찰로 알려져 있다. 일제시대에는 서울과 경기 일원의 80여 사찰을 관장하던 본사였고 조선시대에는 억불정책에도 불구하고 선종의 수사찰(首寺刹)로 한국불교의 명맥을 유지하는데 결정적 공헌을 해온 곳이다. 선불당(選佛堂) 봉은사 대웅전 한단 아래 왼쪽에 자리잡고 있는 선불당은 대중을 위한 禪房으로1941년 심검당이 있던 자리에 중건된 것이다. 선불당은 계율을 일러주는 곳 혹은 선법.교법을 닦는 곳이다. 秋史 金正喜의 '板殿' 현판 (서울시 유형문화재 제76호: 1991년 5월28일 지정) 봉은사에 있는 화엄경소를 비롯한 15종 3438매의 많은 목판본을 보관하기 위하여 세워진 전각인 판전의 정면 어칸의 처마에 걸려 있는 편액이다. 이 편액은 추사 김정희(1786~1856?)의 말년 작품으로 왼쪽에 세로로 '칠십일과병중작(칠십일과병중작)'이라 쓰여진 바와 같이 그가 71세때 병중에 쓴 글씨로 유명하다. 대방광불화엄경(大方廣佛華嚴經) 수소연의 초판 (서울시 유형문화재 제84호: 1992년 12월28일 지정) 봉은사 판전에 보관되어 있는 총 15종 3438판의 목판본 중 3133판이 바로 대방광불화엄경이다. 대승불교의 대표적 경전이라 할 수 있는 이 화엄경판은 처음 중국 당나라의 실차난타와 징관이 각각 번역하고 찬한 것으로 흔히 '화엄경'으로 줄여 부른다. 주된 내용은 부처님이 성도한 깨달음의 내용을 그대로 나타내고 있는 경전으로 여러 대승불교의 경전 가운데서도 교학적.사상적으로 불교의 핵심을 가장 깊게 담고 있다는 평가를 받고 있다.,강남구,서울특별시 강남구 삼성동 75,127.0554961,37.5139026
65,올림픽공원,0.0,"조경시설: 몽촌토성, 몽촌해자, 조각공원, 장미광장 등운동시설: 수영장, 테니스장, 축구장 등교양시설: KSPO DOME, 핸드볼경기장(티켓링크라이브아레나), 우리금융아트홀 등",송파구,서울특별시 송파구 올림픽로 424 (방이동),127.122959,37.520934
66,와룡근린공원,207790.0,말바위 테니스장 노천탕,종로구,서울특별시 종로구 와룡공원길 192 (우) 03063,126.9901672,37.5907944
67,봉화산근린공원,1018689.0,봉수대 등,중랑구,서울특별시 중랑구 묵동 산46-1,127.0923625,37.6106404
68,북악산도시자연공원,954553.0,현재 북악은 청와대가 있어 일반인의 등산이 금지되어 있으나 1967년까지는 청와대 뒤의 북악 일대도 가벼운 등산길이었다. 그러나 1968년 1월 21일 북한 무장공비들이 이곳까지 침투해 온 사건이 발생하여 수도권 경비강화를 목적으로 북악스카이웨이를 만들고 등산길은 폐쇄하였다.   숙정문과 창의문 사이에는 성곽옆에 1.21사태 소나무가 생육중이다.   북악산도시자연공원에는 서울성곽 18.627km의 탐방코스중 4대문 중 북대문인 숙정문에서  4소문중 북소문인 창의문 구간 약 2km의 코스가 있다.   창의문 외곽에는 북악산도시자연공원은 아니지만 자연경관보호지역으로 백사실계곡이 인접하여 있다.,종로구,서울특별시 종로구 부암동 산2-6,126.9737295,37.5929992
69,북한산국립공원,77334000000.0,,강북구 등,"서울특별시 강북구, 도봉구, 서대문구, 성북구, 은평구, 종로구 일대  경기도 고양시, 양주시, 의정부시 일대",127.000938,37.624549
70,외국인묘지공원,13224.0,묘지 517기 휴게시설 편의시설 녹지대,마포구,서울특별시 마포구 양화진길 46(외국인묘지공원),126.911414,37.546797
71,불광근린공원,130345.0,도서관 산책로 실외배드민턴장 등,은평구,서울특별시 은평구 불광동 산33-1,126.9298962,37.6188016
72,불암산도시자연공원,5332422.0,등산로 및 휴게시설,노원구,서울특별시 노원구 한글비석로12길 51-33(불암산공원),127.0952714,37.6636719
73,용마폭포공원,5107964.0,광장 4개소 노인정 수영장 용마폭포공원,중랑구,서울특별시 중랑구 면목동 산1-4,127.0905888,37.5731968
74,사육신공원,47964.0,사육신묘 의절사 불이문 홍살문 비각 산책로,동작구,서울특별시 동작구 노량진로 191,126.948636,37.5137049
75,용왕산근린공원,213552.0,"용왕정 1동(정도600년 기념 건립) , 다목적구장 6000㎡ 조깅코스 400m, 실내배드민턴장 1개소 게이트볼장1개소 어린이 놀이터1개소 약수터2개소 각종 운동시설(체력단련장) 화장실 3개동 공원등 63개 기타시설 등",양천구,서울특별시 양천구 목동 199-51,126.8783125,37.5429593
76,사직근린공원,168099.87,사직단 단군성전 황학정 어린이도서관 종로시립도서관 수영장,종로구,서울특별시 종로구 사직로9길 5,126.9674018,37.5759864
77,우장산근린공원,359435.2,강서구민회관 서울정보기능대학 운동장(인조잔디구장조깅트랙) 테니스장 트림코스장 조각의 거리 야외무대 국궁장 등,강서구,서울특별시 강서구 내발산동 산4-5,126.844932,37.5541932
78,삼일근린공원,36660.0,삼일공원비 삼일공원 산책길 삼일공원 놀이터,동작구,서울특별시 동작구 사당동 산24-17,126.9743686,37.4860183
79,삼청근린공원,380735.0,삼청동문(암각) 배드민턴장 테니스장 어린이 놀이터 다목적 공터 및 매점 등,종로구,서울특별시 종로구 북촌로 134-1 (우) 03050,126.9842875,37.5895821
80,인왕산도시자연공원,1807420.9,인왕사 선바위 국사당 인왕천 만수천 석굴암약수터,종로구,서울특별시 종로구 옥인동 산 3-1,126.9578438,37.5849001
81,상도근린공원,359342.8,배드민턴장 생활체육시설 약수터 산책로,동작구,서울특별시 동작구 성대로6사길 27-6(상도공원),126.9385469,37.492299
82,일자산근린공원,285882.6,실내배드민턴장 실내체육관 산책로 X-게임장 잔디광장 인공폭포,강동구,서울특별시 강동구 동남로 660(일자산공원),127.1574587,37.5431657
83,쌍문근린공원,328018.0,산책등산로 정자 약수터 화장실 테니스장 배구장 배드민턴장 문화센터 등,도봉구,서울특별시 도봉구 쌍문동 산80,127.0271316,37.6531456
84,수락산도시자연공원,6691885.3,등산로 및 휴게시설,노원구,서울특별시 노원구 상계동 산3-1,127.0813633,37.699232
85,송파나루근린공원(석촌호수),285757.0,휴게소 서울놀이마당 매직아일랜드 석촌호수,송파구,서울특별시 송파구 잠실로 148 (잠실동),127.0983002,37.5069328
86,선유도근린공원,110407.0,녹색기둥의 정원 시간의 정원 수질정화원 수생식물원 선유정 네개의 원형공간 카페테리아나루 선유교 전망데크,영등포구,서울특별시 영등포구 선유로 343 (당산동 1) 선유도공원관리사무소,126.90014,37.543418
87,손기정체육공원,29682.2,손기정기념관 문화도서관 테니스장 게이트볼장 어린이놀이터 화장실 등,중구,서울특별시 중구 손기정로 101,126.9652702,37.5560189
88,성북근린공원,137759.0,생태연못 전망대 휴게광장 나무집 야외학습장 바닥분수 등,성북구,서울특별시 성북구 돈암동 616-1055,127.0078625,37.5948509
89,봉제산공원,917190.0,법성사 용문사 약수터 배드민턴장,강서구,서울특별시 강서구 화곡동 산41-6,126.8517836,37.5421979
90,서울창포원,51470.0,붓꽃원 약용식물원 수변식물원초화원. 방문자센터 등,도봉구,서울특별시 도봉구 마들로 916(서울창포원),127.047938,37.689585
91,북서울꿈의숲,662543.0,조경시설 : 청운답원 월영지 월광폭포 단풍숲 초화원 사슴동산 칠폭지 볼플라자 산책로 쉼터 데크 계류 옥상녹화 등 건축시설 : 방문자센터(서울디자인갤러리) 전망대 공연장(2) 미술관 창녕위궁재서 주차장(402대) 레스토랑(2) 카페(2) 기타시설 : 태양광발전시설 경사형엘리베이터(2) Open스튜디오,강북구,서울특별시 강북구 월계로 173,127.0407344,37.6233355
92,서서울호수공원,217946.0,소리분수(노즐41개) 미디어벽천 실개천 건천(계류시설) 백인의 식탁 음수전 등 체육시설 : 축구장 (3010㎡)ㆍ농구장 1면(240㎡)ㆍ배드민턴장 4면(1050㎡) 철봉 등 12 종(53개),양천구,서울특별시 양천구 남부순환로64길 20 (신월동),126.8304789,37.5278392
93,중랑캠핑숲,179666.0,조경시설  수경시설 : 2900㎡(분수연못 1120 테라스연못 440 계류 720 건천 620) 잔디광장 : 5000㎡(청소년문화존/Wi-Fi) 산 책 로 : 1767㎡(산책로 797 등산로 970) 조경수목 : 82473주(교목 2411 관목 80062) 기타녹지 : 90480㎡(지피식물 6000 잔디 14480 녹지 70000 초화 164000본)       휴양시설  캠 핑 장 : 47면(37200㎡/관리사무소 1동 화장실 1동 식기세척장 1동 운동시설 등)       교양시설  청소년독서실 : 936㎡(2층) 청소년커뮤니티센터 : 390㎡(3층) 생태학습존 청소년문화존 일부 : 24400㎡   관리시설 관리사무소 : 576㎡(공원 196 캠핑장 380/ 스파 화장실 매점 등) 주 차 장 : 68면(청소년문화존 58 가족캠프존 10) 공 원 등 : 136주 (공원등 90 보안등 46),중랑구,서울특별시 중랑구 송림길 160(중랑캠핑숲)/중랑구 망우동 74(청소년체험의숲),127.1093075,37.6049896
94,솔밭근린공원,34955.0,"- 조경시설: 생태연못, 그늘시렁, 산책로, 데크광장 등     - 운동시설: 배드민턴장(6면), 운동시설(27점) 등     - 어린이놀이터: 2개소    - 교양시설: 야외무대, 놀이마당, 조형물, 장기바둑쉼터 등    - 편익시설: 화장실, 음수대 등    - 관리시설: 관리사무소, 공원등, 안내표지판 등    - 수경시설: 바닥분수 63㎡    - 기   타 : 반려동물 산책로 약800m",강북구,서울특별시 강북구 우이동 80번지 일대,127.0116241,37.652331
95,금천체육공원(관악산),18083.0,전망대 목재데크길 다목적운동장 농구장 배드민턴장 간이무대 조합놀이대 황톳길 지압로 야외운동기구 등,금천구,서울특별시 금천구 독산동 산118-4 일대 (금천체육공원),126.908681,37.468164
96,금천폭포근린공원,4835.0,문화회관 2020㎡ 인공폭포(L30 x H12m) 공원시설 전망대 등,금천구,서울특별시 금천구 시흥대로38길 61(시흥동 937-2),126.9040127,37.4468663
97,만수천공원(관악산),19650.0,체육시설 : 생활체육시설 독산테니스장(8면) 배드민턴장(2개소) 다목적 광장 편익시설 : 정자(3동) 화장실(2개소) 만수천 약수터,금천구,서울특별시 금천구 독산동 산8 일대,126.9090028,37.4734274
98,발바닥공원,7000.0,기반시설 : 산책로 조경시설 : 관상용식수대 그늘시렁 연못 휴양시설 : 정자 운동시설 : 체력단련시설 편익시설 : 화장실 지압보도 관리시설 : 도봉환경교실,도봉구,서울특별시 도봉구 시루봉로6길 33,127.031982,37.6597135
99,월천근린공원,10712.0,기반시설 : 산책로 조경시설 : 관상용식수대 그늘시렁 연못 휴양시설 : 정자 장의자 운동시설 : 배드민턴장 체력단련시설 유희시설 : 그네 미끄럼틀 시솔 조합놀이대 등 편익시설 : 화장실 음수대 관리시설 : 공원등 안내판,도봉구,서울특별시 도봉구 창동 28번지,127.0509895,37.6473889
100,용두근린공원,17182.0,"조경시설 : 연못 분수 그늘시렁 편의시설 : 음수대 휴게소 야외전시장 관리시설 : 공원안내판 관리동 기반시설 : 스마트쉼터, 도로 진입광장 휴게광장",동대문구,서울특별시 동대문구 용두동 34-1번지 일대,127.0390042,37.5732791
101,상암근린공원,160349.3,조경시설 : 생태연못 생태습지 암석원 그늘시렁 정자 등 편의시설 : 화장실 연식의자 등 관리시설 : 종합안내판 공원등 관리사무소 모유수유실 유모차대여소 등 기반시설 : 운동기구(어깨손목돌리기 등 7종 10조),마포구,서울특별시 마포구 상암동 1761,126.8859012,37.5760106
102,와우근린공원,87432.4,배드민턴장 약수터 농구장 조깅트랙 체력단련장 지압보도 광장,마포구,서울특별시 마포구 창전동 3-193번지 일대(홍익대 뒷산),126.9289936,37.5517298
103,금호근린공원,13467.8,체육관 경로당 청소년 문화회관 어린이집 그늘시렁 음수대 평의자 등의자 운동시설물 공원등 종합안내간판 등,성동구,서울특별시 성동구 장터1길 18,127.0189457,37.5494726
104,달맞이근린공원,63411.4,경로당 어린이놀이터 배드민턴장 화장실 음수대 공원등,성동구,서울특별시 성동구 옥수동 산1-1,127.0212054,37.543564
105,문정근린공원,49972.0,조경시설 : 바닥분수 초가정자 사각정자 휴게벤치 등 기반시설 : 경화토포장로 마사토산책로 등,송파구,서울특별시 송파구 문정동 18-4,127.1275819,37.4862156
106,문화예술공원,74385.0,놀이마당 중앙광장 잔디광장 야외무대 원두막 1동 조각작품 12개소 모래놀이터 등,서초구,서울특별시 서초구 바우뫼로12길 40 (양재동),127.030517,37.467654
107,세종로공원,8868.0,휴게?편익공간 : 야외무대 382㎡ 매점 18㎡ 디자인파라솔 2개소 야외테이블 14개 등 상징광장 : 조선시대 사헌부 및 병조터 흔적복원 490㎡ 한글글자마당 : 168㎡(전국민 공모 11172자로 구성),종로구,서울특별시 종로구 세종대로 189 (우) 03172,126.9758875,37.5735
108,샘말공원(관악산근린공원 샘말지구),10634.0,"음수대, 화장실, 세족대, 황톳길, 휴게시설, 바닥분수, 어린이놀이시설, 생활체육시설, 유아숲체험원",관악구,서울특별시 관악구 대학동 산63-1일대 샘말공원,126.938511,37.4642128
109,초안산생태공원,22113.0,조경시설 : 잔디광장 계류 생태연못 녹지대 편의시설 : 음수대 유희시설 : 조합놀이대 시소 그네 운동시설 : 생활체육시설 관리시설 : CCTV 공원등 공원안내판 유희시설 : 산책로 중앙진입로,도봉구,서울특별시 도봉구 창동 산24,127.0405382,37.6479483
110,푸른수목원,200956.0,"KB숲교육센터,20개의 주제정원,항동저수지,잔디마당,편의시설",구로구,서울특별시 구로구 서해안로 2117(항동81-1) 푸른수목원관리사무소,126.82407,37.483029
111,서오능도시자연공원,1082847.0,산책로(둘레길) 탑골생태공원 유아숲체험장 운동시설 등,은평구,서울특별시 은평구 구파발동 갈현동 진관내동,126.9134338,37.6374823
112,청계산도시자연공원,3607700.0,정자 4동 파고라 약수터 화장실 등,서초구,서울특별시 서초구 원지동 산 33,127.0424726,37.4224347
113,개화근린공원,386500.0,약사사 약사사 3층석탑 미타사 약수터 6?25전사자위령탑 운동시설 등,강서구,서울특별시 강서구 개화동 산17,126.8068278,37.5813917
114,아차산공원,23450.0,"어울림광장, 어울림정원, 여가센터, 습지원, 맨발길, 약수터 등",광진구,서울특별시 광진구 광장동 370,127.1010031,37.5517142
115,인능산도시자연공원,2108968.0,"옹달샘 1개소, 등산 동선상 헬기장 등",서초구,서울특별시 서초구 내곡동 산12-404,127.0666632,37.4482109
116,구룡산도시자연공원,2201257.0,"국수봉 전망대, 율암약수터,",서초구,서울특별시 서초구 염곡동 산25-1,127.061567,37.4689473
117,우면산도시자연공원,3721692.0,약수터 정자 화장실 등,서초구,서울특별시 서초구 우면동 산35-1,127.0091324,37.470484
118,향림근린공원,147859.0,산책로 구민체육센터 다목적체육관 축구장 등,은평구,서울특별시 은평구 진관동 산55,126.9240693,37.6293824
119,신사근린공원,111650.0,산책로 자연학습장 놀이터 등,은평구,서울특별시 은평구 신사동 산80-4,126.9102948,37.5920771
120,광평근린공원,519782.0,사당 재실 종회당,강남구,서울특별시 강남구 수서동 산10-1,127.092184,37.4880445
121,청담근린공원,59347.0,청소년회관 시비광장 실개천 배드민턴장 농구장 약수터 운동광장 등,강남구,서울특별시 강남구 청담동 66,127.052453,37.5213259
122,허브천문공원,25500.0,유리온실 관천대 전망데크 휴게데크 그늘막 별자리조명 등,강동구,서울특별시 강동구 둔촌동 산94,127.1533951,37.5372715
123,GTX연신849광장(구 물빛공원),4800.0,"야외무대, 미디어월, 음수대 등",은평구,서울특별시 은평구 통일로 849,126.9207354,37.619052
124,숭인근린공원,45615.0,,종로구,서울특별시 종로구 숭인동 58,127.0178267,37.5764419
125,서일대뒷산공원,631021.0,순국선열 추념탑 348㎡ 높이 22.3m,중랑구,서울특별시 중랑구 면목동 산19,127.0987817,37.5877155
126,용마도시자연공원(사가정공원),109635.0,피크닉장 놀이터 체력단련장 체육관,중랑구,서울특별시 중랑구 면목7동 산50,127.095997,37.5797622
127,문화비축기지,140022.0,6개의탱크와 문화마당 녹지,마포구,서울특별시 마포구 증산로 87,126.8932455,37.57171848
128,경춘선숲길,211392.0,조경시설 : 텃밭 잔디광장 철길 산책로 등 건축시설 : 무궁화호 객차(방문자센터) 기타시설 : 경춘철교,,노원구 공릉2동 산 82-2,127.076482,37.627077
129,율현공원,157535.0,기반시설 : 잔디광장 조경시설 : 정자 조형쉼터 조형파고라 수경시설  운동시설 : 게이트볼장 다목적구장 체력단련시설  편익시설 : 화장실 음수대 근로자대기실  유희시설 : 어린이놀이터(2개),강남구,서울특별시 강남구 밤고개로24길 91(율현동 56),127.115594,37.472332
131,서울식물원,505350.9,"열린숲 : 진입광장, 둘레숲, 숲문화학교, 잔디마당, LG아트센터, 방문자센터, 햇살정원, 목본류전시장",강서구,서울특별시 강서구 마곡동로 161 서울식물원,126.83483,37.569781
132,서소문역사공원,0.0,,중구,서울특별시 중구 의주로2가 16-2,126.969742,37.560868
133,순화문화공원,0.0,,중구,서울특별시 중구 순화동 216-2,126.971584,37.560215
