senior_id,facility_name,facility_type,district_code,district_name,facility_address
A0495,성북구립 상월곡실버복지센터,노인여가복지시설,1129000000,성북구,서울특별시 성북구 화랑로18길 6 (상월곡동)
A0724,서초구립양재노인종합복지관,노인여가복지시설,1165000000,서초구,서울특별시 서초구 강남대로30길
A0922,강서구립봉제산노인복지센터,노인여가복지시설,1150000000,강서구,서울특별시 강서구 화곡동 산 41-16
A1022,시립중랑노인종합복지관,노인여가복지시설,1126000000,중랑구,서울특별시 중랑구 겸재로9길 45 (면목동)
A1165,강남구립 강남노인종합복지관,노인여가복지시설,1168000000,강남구,서울특별시 강남구 삼성로 66 번지
A1174,강북노인종합복지관,노인여가복지시설,1130500000,강북구,서울특별시 강북구 삼양로92길 40 (수유동)
A1599,북가좌노인복지관,노인여가복지시설,1141000000,서대문구,서울특별시 서대문구 증가로20길 43 (북가좌동)
A1732,양천어르신종합복지관,노인여가복지시설,1147000000,양천구,서울특별시 양천구 목동로3길 106 (신정동)
A1756,연희노인복지관,노인여가복지시설,1141000000,서대문구,서울특별시 서대문구 홍제천로2길 111 (연희동)
A2077,시립은평노인종합복지관,노인여가복지시설,1138000000,은평구,서울특별시 은평구 연서로 415 (진관동)
A2149,도봉동어르신복지관,노인여가복지시설,1132000000,도봉구,서울특별시 도봉구 도봉로169가길 52 (도봉동)
A2224,구립역촌노인복지관,노인여가복지시설,1138000000,은평구,서울특별시 은평구 연서로3나길 11-30 (역촌동)
A2247,구립갈현노인복지관,노인여가복지시설,1138000000,은평구,서울특별시 은평구 통일로89길 12-6 (갈현동)
A2255,약수노인복지관,노인여가복지시설,1114000000,중구,서울특별시 중구 다산로6길 11 (신당동)
A2315,송파노인종합복지관,노인여가복지시설,1171000000,송파구,서울특별시 송파구 백제고분로32길 41 (삼전동)
A2509,동작노인종합복지관,노인여가복지시설,1159000000,동작구,서울특별시 동작구 상도로11길 7 (대방동)
A2723,성북구립 장위실버복지센터,노인여가복지시설,1129000000,성북구,서울특별시 성북구 한천로 708 (장위동)
A2732,구립중화경로복지관,노인여가복지시설,1126000000,중랑구,서울특별시 중랑구 동일로138길 28 (중화동)
A2733,시립성북노인종합복지관,노인여가복지시설,1129000000,성북구,서울특별시 성북구 종암로15길 10 (종암동)
A2739,시립노원노인종합복지관,노인여가복지시설,1135000000,노원구,"서울특별시 노원구 노원로16길 15 (하계동, 시립노원노인종합복지관)"
A2758,시립용산노인종합복지관,노인여가복지시설,1117000000,용산구,서울특별시 용산구 독서당로11길 16 (한남동)
A2771,서울시립강서노인종합복지관,노인여가복지시설,1150000000,강서구,서울특별시 강서구 화곡로61길 85 (등촌동)
A2776,관악노인종합복지관,노인여가복지시설,1162000000,관악구,서울특별시 관악구 보라매로 35 (봉천동)
A2947,서울노인복지센터,노인여가복지시설,1111000000,종로구,서울특별시 종로구 삼일대로 467 (경운동)
A2955,서대문노인종합복지관,노인여가복지시설,1141000000,서대문구,서울특별시 서대문구 독립문로8길 57 (천연동)
A2991,창동어르신복지관,노인여가복지시설,1132000000,도봉구,서울특별시 도봉구 덕릉로60차길 8 (창동)
A3015,구립신내노인종합복지관,노인여가복지시설,1126000000,중랑구,서울특별시 중랑구 신내로15길 175 (신내동)
A3085,쌍문동어르신복지관,노인여가복지시설,1132000000,도봉구,서울특별시 도봉구 우이천로 363 (쌍문동)
A3206,서울시립동대문노인종합복지관,노인여가복지시설,1123000000,동대문구,서울특별시 동대문구 제기로33길 25 (청량리동)
A3812,방학동어르신복지관,노인여가복지시설,1132000000,도봉구,서울특별시 도봉구 시루봉로15라길 59-9 (방학동)
A3971,종로노인종합복지관,노인여가복지시설,1111000000,종로구,서울특별시 종로구 율곡로19길 17-8 (이화동)
A4002,성동노인종합복지관,노인여가복지시설,1120000000,성동구,서울특별시 성동구 마조로 77 (마장동)
A4035,구립영등포노인종합복지관,노인여가복지시설,1156000000,영등포구,서울특별시 영등포구 도림로 482 (문래동3가)
A4195,청파노인복지관,노인여가복지시설,1117000000,용산구,서울특별시 용산구 청파로83길 26 (서계동)
A4790,강남구립 역삼노인복지관,노인여가복지시설,1168000000,강남구,서울특별시 강남구 도곡로27길 27 (역삼동)
A4947,서초구립중앙노인종합복지관,노인여가복지시설,1165000000,서초구,서울특별시 서초구 서초대로54길
A5818,강동구립 해공노인복지관,노인여가복지시설,1174000000,강동구,서울특별시 강동구 천중로17길 42-16 (천호동)
A5842,구립신사노인복지관,노인여가복지시설,1138000000,은평구,서울특별시 은평구 증산로15길 47 (신사동)
A5899,도봉노인종합복지관,노인여가복지시설,1132000000,도봉구,서울특별시 도봉구 도당로2길 12-13 (쌍문동)
A6010,성가정노인종합복지관,노인여가복지시설,1174000000,강동구,서울특별시 강동구 양재대로156길 28 (고덕동)
A6055,아현실버복지관,노인여가복지시설,1144000000,마포구,서울특별시 마포구 환일길 3 (아현동)
A6079,금천노인종합복지관,노인여가복지시설,1154500000,금천구,서울특별시 금천구 시흥대로51길 93-32 (시흥동)
A6080,마포노인종합복지관,노인여가복지시설,1144000000,마포구,서울특별시 마포구 서강로 68 (창전동)
A6226,광진노인종합복지관,노인여가복지시설,1121500000,광진구,서울특별시 광진구 군자로 88 (군자동)
A6327,강남구립 대치노인복지관,노인여가복지시설,1168000000,강남구,서울특별시 강남구 역삼로69길 22 (대치동)
A6449,강남구립 강남시니어플라자,노인여가복지시설,1168000000,강남구,서울특별시 강남구 봉은사로 332 (역삼동)
A6518,금천호암노인종합복지관,노인여가복지시설,1154500000,금천구,서울특별시 금천구 독산로72길 86-5 (독산동)
A6622,우리마포복지관,노인여가복지시설,1144000000,마포구,서울특별시 마포구 신촌로26길 10 (노고산동)
A7031,송파실벗뜨락,노인여가복지시설,1171000000,송파구,"서울특별시 송파구 송파동 113번지 2호   4,5,6층"
A7039,온수어르신복지관,노인여가복지시설,1153000000,구로구,서울특별시 구로구 부일로9길 111 (온수동)
A7040,공릉노인복지관,노인여가복지시설,1135000000,노원구,서울특별시 노원구 공릉로 129 (공릉동)
A7046,강서구립곰달래어르신복지센터,노인여가복지시설,1150000000,강서구,서울특별시 강서구 화곡동 890번지
A7146,구로노인종합복지관,노인여가복지시설,1153000000,구로구,서울특별시 구로구 새말로16길 25 번지 7 호
A7296,왕십리도선동노인복지관,노인여가복지시설,1120000000,성동구,"서울특별시 성동구 마장로 141 (상왕십리동, 왕십리도선동 복합청사 노인복지센터)"
A7577,서울특별시립강동노인종합복지관,노인여가복지시설,1174000000,강동구,서울특별시 강동구 동남로71길 32-5 (명일동)
A7727,송파복지센터,노인여가복지시설,1171000000,송파구,서울특별시 송파구 충민로 184 (장지동)
A7958,구립응암노인복지관,노인여가복지시설,1138000000,은평구,서울특별시 은평구 응암로21가길 5-1 (응암동)
A8780,강남구립 논현노인종합복지관,노인여가복지시설,1168000000,강남구,서울특별시 강남구 강남대로128길 59 (논현동)
A9358,구립불광노인복지관,노인여가복지시설,1138000000,은평구,서울특별시 은평구 연서로32길 17-11 (불광동)
A9619,강서구립화곡노인복지센터,노인여가복지시설,1150000000,강서구,서울특별시 강서구 월정로30길 963층~5층
A9646,강서구립연지노인복지센터,노인여가복지시설,1150000000,강서구,서울특별시 강서구 화곡로58길 30-7
C0000006552,근화노인교실,노인여가복지시설,1114000000,중구,서울특별시 중구 동호로20길 24 (신당동)
C0000006693,도원동교회 노인교실,노인여가복지시설,1117000000,용산구,서울특별시 용산구 새창로12길 11-8 (도원동)
C0000006711,후암동성당 시니어아카데미,노인여가복지시설,1117000000,용산구,서울특별시 용산구 후암로34길 21-8 (후암동)
C0000006714,용산성당 성모성심 아카데미,노인여가복지시설,1117000000,용산구,서울특별시 용산구 효창원로15길 37 (산천동)
C0000006721,원동교회 늘품나루학교,노인여가복지시설,1117000000,용산구,서울특별시 용산구 원효로64길 21 (원효로2가)
C0000006758,삼각교회 상록대학,노인여가복지시설,1117000000,용산구,서울특별시 용산구 한강대로53길 8 (한강로1가)
C0000006779,새남터성당 시니어아카데미,노인여가복지시설,1117000000,용산구,서울특별시 용산구 이촌로 80-8 (이촌동)
C0000006922,성동무지개노인대학,노인여가복지시설,1120000000,성동구,서울특별시 성동구 무학로6길 9 (홍익동)
C0000006935,성수1가2동노인복지관 대현분소,노인여가복지시설,1120000000,성동구,서울특별시 성동구 금호로 172-1 (금호동1가)
C0000007003,금호교회 늘푸른대학,노인여가복지시설,1120000000,성동구,서울특별시 성동구 금호동3가 165-1
C0000007243,구의교회 늘푸른대학,노인여가복지시설,1121500000,광진구,서울특별시 광진구 광나루로44길 47 (구의동)
C0000007274,(사)대한노인회 동대문구지회,노인여가복지시설,1123000000,동대문구,서울특별시 동대문구 사가정로 98 (전농동)
C0000007516,국일교회노인교실,노인여가복지시설,1126000000,중랑구,서울특별시 중랑구 상봉로25길 27 (상봉동)
C0000008933,천주교불광동성당노인교실,노인여가복지시설,1138000000,은평구,서울특별시 은평구 통일로 786 (불광동)
C0000008938,응암교회노인교실,노인여가복지시설,1138000000,은평구,서울특별시 은평구 은평로16길 11 (응암동)
C0000008976,응암 시니어 아카데미,노인여가복지시설,1138000000,은평구,서울특별시 은평구 가좌로 200 (응암동)
C0000008980,늘푸른교실,노인여가복지시설,1138000000,은평구,서울특별시 은평구 갈현로35길 12-13 (갈현동)
C0000009087,서광 어르신대학,노인여가복지시설,1138000000,은평구,서울특별시 은평구 통일로 951 (갈현동)
C0000010954,아현노인교실,노인여가복지시설,1141000000,서대문구,서울특별시 서대문구 신촌로 293 (북아현동)
C0000011022,바오로시니어대학,노인여가복지시설,1141000000,서대문구,서울특별시 서대문구 연희로 64-14 (연희동)
C0000011028,연희교회노인교실,노인여가복지시설,1141000000,서대문구,서울특별시 서대문구 연희로10길 17-6 (연희동)
C0000011082,아현동성당노인대학,노인여가복지시설,1141000000,서대문구,서울특별시 서대문구 북아현로4나길 17 (북아현동)
C0000011255,성산동성당백삼위성인대학,노인여가복지시설,1144000000,마포구,서울특별시 마포구 성산동 572-200
C0000011288,베드로노인교실,노인여가복지시설,1144000000,마포구,서울특별시 마포구 마포대로14길 15-1 (공덕동)
C0000011363,천주교등촌성당 요셉노인교실,노인여가복지시설,1147000000,양천구,서울특별시 양천구 목동중앙북로8길 41 (목동)
C0000011381,해나리은빛 노인교실,노인여가복지시설,1147000000,양천구,서울특별시 양천구 목동동로 353 (목동)
C0000011401,산돌노인교실,노인여가복지시설,1147000000,양천구,서울특별시 양천구 오목로 270 (목동)
C0000011402,등촌교회 노인교실,노인여가복지시설,1147000000,양천구,서울특별시 양천구 목동중앙북로8길 49 (목동)
C0000011404,목동성당 로사리오 노인교실,노인여가복지시설,1147000000,양천구,서울특별시 양천구 목동서로 271 (신정동)
C0000011452,금빛새마을금고 노인교실,노인여가복지시설,1147000000,양천구,"서울특별시 양천구 신월로 188 (신월동,3층)"
C0000011764,까치산노인교실,노인여가복지시설,1150000000,강서구,서울특별시 강서구 까치산로2길 89-1 (화곡동)
C0000011793,강서교회노인교실,노인여가복지시설,1150000000,강서구,서울특별시 강서구 강서로15길 132 (화곡동)
C0000011819,성산어르신문화교실,노인여가복지시설,1150000000,강서구,서울특별시 강서구 개화동로23길 111 (방화동)
C0000012922,상도성가정시니어아카데미,노인여가복지시설,1159000000,동작구,서울특별시 동작구 상도로 259 (상도동)
C0000013174,관악시조노인교실,노인여가복지시설,1162000000,관악구,서울특별시 관악구 봉천동 13-44
C0000013274,요셉시니어아카데미,노인여가복지시설,1165000000,서초구,서울특별시 서초구 방배로5길 43 (방배동)
C0000013400,포이시니어아카데미,노인여가복지시설,1165000000,서초구,서울특별시 서초구 논현로5길 28 (양재동)
C0000013631,역삼동성당 경환성경공부대학,노인여가복지시설,1168000000,강남구,"서울특별시 강남구 언주로85길 23-11 (역삼동, 역삼성당)"
C0000014070,(사)대한노인회 강동구지회부설 노인교실,노인여가복지시설,1174000000,강동구,"서울특별시 강동구 양재대로 1342, 2층 (둔촌동, 강동숨;터)"
C0102545092,수표교교회서초노인대학,노인여가복지시설,1165000000,서초구,서울특별시 서초구 명달로 52 (서초동)
C0103568439,서초노인대학,노인여가복지시설,1165000000,서초구,서울특별시 서초구 서초대로54길 45 (서초동)
C0103578338,효성교회노인교실,노인여가복지시설,1165000000,서초구,서울특별시 서초구 서초대로34가길 43 (방배동)
C0103979406,난곡동 성가정 시니어아카데미,노인여가복지시설,1162000000,관악구,서울특별시 관악구 난곡로26길 43 (신림동)
C0104316590,서대문성당성심회노인교실,노인여가복지시설,1141000000,서대문구,"서울특별시 서대문구 통일로9길 11 (냉천동, 서대문성당)"
C0105913247,강서제자노인교실,노인여가복지시설,1150000000,강서구,서울특별시 강서구 방화동로 52 (방화동)
C0107493822,오병이어,노인여가복지시설,1138000000,은평구,서울특별시 은평구 역말로8길 25 (대조동)
C0108219572,남산시민대학,노인여가복지시설,1117000000,용산구,서울특별시 용산구 서빙고로 39 (한강로3가)
C0113983779,이태원감리교회 실버아카데미,노인여가복지시설,1117000000,용산구,"서울특별시 용산구 이태원로15길 1, 3층 (이태원동)"
C0115149410,평광교회 GS(Golden Senior) 대학,노인여가복지시설,1147000000,양천구,서울특별시 양천구 목동 909번지 2호 평광교회
C0116434848,서문교회 장수대학,노인여가복지시설,1138000000,은평구,"서울특별시 은평구 가좌로10길 10 (응암동, 서문교회)"
C0119379370,구산교회 실버대학,노인여가복지시설,1138000000,은평구,서울특별시 은평구 구산동 16번지 26호
C0120436149,북가좌2동노인복지센터,노인여가복지시설,1141000000,서대문구,서울특별시 서대문구 증가로20길 43 (북가좌동)
C0128012503,동작휴양소,노인여가복지시설,1159000000,동작구,충청남도 태안군 안면읍 중신로 343
C0128270562,금천어르신복지센터,노인여가복지시설,1154500000,금천구,서울특별시 금천구 독산동 1088번지 1호
C0133637546,한성늘푸른대학,노인여가복지시설,1138000000,은평구,서울특별시 은평구 응암로20길 23 (응암동)
C0133649551,역촌 시니어 아카데미,노인여가복지시설,1138000000,은평구,서울특별시 은평구 역말로 14 (역촌동)
C0134474281,연동실버아카데미,노인여가복지시설,1111000000,종로구,서울특별시 종로구 김상옥로 37 (연지동)
C0134739775,성락시니어아카데미,노인여가복지시설,1156000000,영등포구,서울특별시 영등포구 도림로 304 (신길동)
C0136178100,중앙늘푸른대학,노인여가복지시설,1111000000,종로구,서울특별시 종로구 충신길 22 (종로6가)
C0136766184,문래시니어노인교실,노인여가복지시설,1156000000,영등포구,서울특별시 영등포구 문래로20길 52
C0136843644,충신평생대학,노인여가복지시설,1117000000,용산구,서울특별시 용산구 이촌로 188 (이촌동)
C0140086790,시니어행복발전센터,노인여가복지시설,1156000000,영등포구,서울특별시 영등포구 대림동 899번지 2호 영등포보건분소 2층
C0151939866,우장산성당 부설 시니어아카데미,노인여가복지시설,1150000000,강서구,서울특별시 강서구 화곡로53길 21 (화곡동)
C0155048002,등촌1동성당 노인교실 평생대학,노인여가복지시설,1150000000,강서구,"서울특별시 강서구 공항대로55길 61 (등촌동, 등촌1동천주교회)"
C0170708757,송파실벗뜨락,노인여가복지시설,1171000000,송파구,서울특별시 송파구 백제고분로42길 5 (송파동)
C0173190370,발산동성당볏고을시니어아카데미,노인여가복지시설,1150000000,강서구,"서울특별시 강서구 강서로45다길 12-27 (화곡동, 발산동성당)"
C0180004812,동천노년교실,노인여가복지시설,1156000000,영등포구,서울특별시 영등포구 신길로40길 10 (신길동)
C0182554230,백영관대학,노인여가복지시설,1150000000,강서구,서울특별시 강서구 금낭화로 52 (방화동)
C0184193791,양천실버교실,노인여가복지시설,1147000000,양천구,서울특별시 양천구 신월로24길 8 (신월동)
C0189818842,서림동 현대아파트 실버교실,노인여가복지시설,1162000000,관악구,"서울특별시 관악구 신림로29길 8 (신림동, 신림현대아파트 경로당)"
C0190809851,망우동성당 늘푸른대학 노인교실,노인여가복지시설,1126000000,중랑구,서울특별시 중랑구 봉우재로65길 13 (망우동)
C0190814322,양원성당 시니어아카데미,노인여가복지시설,1126000000,중랑구,서울특별시 중랑구 양원역로 89 (망우동)
C0190992784,양천교회 청춘교실,노인여가복지시설,1150000000,강서구,"서울특별시 강서구 양천로47가길 25-10 (가양동, 양천교회)"
C0191160447,강남노아대학 노인교실,노인여가복지시설,1168000000,강남구,"서울특별시 강남구 헌릉로637길 12 (세곡동, 강남제일교회)"
C0193378491,성북구립 정릉실버복지센터,노인여가복지시설,1129000000,성북구,서울특별시 성북구 솔샘로 8 (정릉동)
C0198909497,은평교회 늘푸른 대학,노인여가복지시설,1138000000,은평구,"서울특별시 은평구 응암로 376, 5층 (녹번동)"
C0206331598,중화동성당 바오로대학 노인교실,노인여가복지시설,1126000000,중랑구,서울특별시 중랑구 동일로134길 3 (중화동)
C0295953542,강서50플러스센터,노인여가복지시설,1150000000,강서구,"서울특별시 강서구 강서로56가길 166, 203동 지하1~2층 (등촌동)"
C0296433103,성요셉아카데미,노인여가복지시설,1168000000,강남구,서울특별시 강남구 도곡로 540 (대치동)
C0608063483,천주교세곡동성당시니어아카데미,노인여가복지시설,1168000000,강남구,"서울특별시 강남구 밤고개로21길 50 (율현동, 천주교 세곡동성당)"
C0608063593,주영광시니어대학,노인여가복지시설,1174000000,강동구,서울특별시 강동구 아리수로93가길 34 (강일동)
C0608064115,목천교회 노인교실,노인여가복지시설,1126000000,중랑구,서울특별시 중랑구 용마산로 432 (면목동)
C0608070655,구립 자양노인복지관,노인여가복지시설,1121500000,광진구,서울특별시 광진구 뚝섬로56길 20 (자양동)
C0608070862,용마산 성당 사랑 시니어 아카데미,노인여가복지시설,1126000000,중랑구,서울특별시 중랑구 면목로27나길 32 (면목동)
C0608071148,상봉 시니어 아카데미,노인여가복지시설,1126000000,중랑구,서울특별시 중랑구 면목로92길 34 (상봉동)
C0608082237,망우교회 어르신대학,노인여가복지시설,1126000000,중랑구,서울특별시 중랑구 용마산로112나길 7 (망우동)
C0608088053,구립 수락노인종합복지관,노인여가복지시설,1135000000,노원구,서울특별시 노원구 수락산로 214 (상계동)
C0608095904,더 블레싱,노인여가복지시설,1168000000,강남구,"서울특별시 강남구 논현로132길 18 (논현동, 서울영동교회)"
C0608098168,은빛학교,노인여가복지시설,1144000000,마포구,서울특별시 마포구 독막로 189 (신수동)
C0608104541,은평노인대학,노인여가복지시설,1138000000,은평구,"서울특별시 은평구 통일로 767, B117호 (대조동, 베르디움 STAY1)"
C0608114710,오손도손시니어대학,노인여가복지시설,1132000000,도봉구,"서울특별시 도봉구 도당로13길 22, 3층 (방학동)"
C0608119221,(사)대한노인회관악구지회 부설 노인대학,노인여가복지시설,1162000000,관악구,"서울특별시 관악구 관악로5길 95, 1층 (봉천동)"
C0608129449,송정동노인복지관,노인여가복지시설,1120000000,성동구,"서울특별시 성동구 송정18가길 9, 2층 (송정동)"
C0608134483,노원어르신휴센터,노인여가복지시설,1135000000,노원구,"서울특별시 노원구 동일로 1456, 711동동 1207호 (상계동, 상계주공아파트)"
C0608142341,법장사 노인교실,노인여가복지시설,1126000000,중랑구,서울특별시 중랑구 숙선옹주로 69 (묵동)
C0608144844,동일교회 경로대학,노인여가복지시설,1126000000,중랑구,서울특별시 중랑구 면목로35길 21 (면목동)
C0608145024,목동시니어 스마트교육센터,노인여가복지시설,1147000000,양천구,"서울특별시 양천구 등촌로 208, 2층 (목동)"
C0608170148,학리시니어센터,노인여가복지시설,1168000000,강남구,서울특별시 강남구 학동로47길 30 (논현동)
C0608208533,100세 건강플러스,노인여가복지시설,1130500000,강북구,"서울특별시 강북구 오현로 208 (번동, 번동주공3단지아파트 309동 주민복지관-2)"
C0608275303,상도은빛복지관,노인여가복지시설,1159000000,동작구,서울특별시 동작구 매봉로 36 (상도1동)
C0608330198,영동실버대학,노인여가복지시설,1168000000,강남구,서울특별시 강남구 논현로6길 6 (개포동)
C0608330209,은평카리스스쿨,노인여가복지시설,1138000000,은평구,서울특별시 은평구 진흥로15길 22-20 (불광동)
C0608335756,꿈꾸는 할롬 모임(할롬교실),노인여가복지시설,1144000000,마포구,서울특별시 마포구 월드컵로42길 55 (상암동)
C0608337179,옹기시니어아카데미,노인여가복지시설,1126000000,중랑구,서울특별시 중랑구 신내로7나길 5 (신내동)
C0608337231,꿈비,노인여가복지시설,1138000000,은평구,서울특별시 은평구 증산로11길 7-12 (증산동)
C0608462699,반포느티나무쉼터,노인여가복지시설,1165000000,서초구,"서울특별시 서초구 신반포로 127, 4층 (반포동, 반포2동열린문화센터)"
C0608954392,은곡시니어센터,노인여가복지시설,1168000000,강남구,서울특별시 강남구 헌릉로571길 48 (세곡동)
C0608954445,문정노인종합복지관,노인여가복지시설,1171000000,송파구,서울특별시 송파구 송이로37길 11 (문정동)
C0609064754,삼성시니어센터,노인여가복지시설,1168000000,강남구,서울특별시 강남구 봉은사로111길 18-3 (삼성동)
C0609131597,동백꽃노인종합복지관,노인여가복지시설,1123000000,동대문구,서울특별시 동대문구 전농동 146번지
C0609131599,동백꽃노인종합복지관,노인여가복지시설,1123000000,동대문구,서울특별시 동대문구 전농동 146번지
C0609364141,에버그린 교실,노인여가복지시설,1144000000,마포구,"서울특별시 마포구 마포대로 197-1 (아현동, 아현장로교회)"
C0609451583,용두동교회 평생대학(노인교실),노인여가복지시설,1123000000,동대문구,서울특별시 동대문구 왕산로17길 14 (용두동)
C0609451586,용두동교회 평생대학(노인교실),노인여가복지시설,1123000000,동대문구,서울특별시 동대문구 왕산로17길 14 (용두동)
C0609492239,면목 야고보대학,노인여가복지시설,1126000000,중랑구,서울특별시 중랑구 면목로58길 41 (면목동)
C0609522799,동대문성당 시니어대학,노인여가복지시설,1111000000,종로구,"서울특별시 종로구 난계로25길 54 (숭인동, 동대문성당)"
C0609565860,행복한 미라클시니어아카데미,노인여가복지시설,1121500000,광진구,"서울특별시 광진구 능동로47길 15, 2층 (중곡동)"
C0609565861,행복한 미라클시니어아케데미,노인여가복지시설,1121500000,광진구,"서울특별시 광진구 능동로47길 15, 2층 (중곡동)"
C0609565916,수서시니어아카데미,노인여가복지시설,1168000000,강남구,서울특별시 강남구 광평로 199 (수서동)
C0609575153,행복한 미라클시니어아카데미,노인여가복지시설,1121500000,광진구,"서울특별시 광진구 능동로47길 15, 2층 (중곡동)"
C0609608169,강남구립 도곡1노인복지관,노인여가복지시설,1168000000,강남구,서울특별시 강남구 강남대로44길 25 (도곡동)
C0609620191,왕십리2동노인복지관,노인여가복지시설,1120000000,성동구,서울특별시 성동구 무학봉길 69 (하왕십리동)
C0609630155,선정시니어센터,노인여가복지시설,1168000000,강남구,서울특별시 강남구 선릉로105길 5 (역삼동)
C0609677430,관악어르신행복센터,노인여가복지시설,1162000000,관악구,"서울특별시 관악구 관악로5길 95 (봉천동, 1층)"
C0609691202,동대문50플러스센터,노인여가복지시설,1123000000,동대문구,"서울특별시 동대문구 외대역동로5길 18 (휘경동, 동대문50플러스센터)"
C0609695591,사당솔밭도서관 노인교실,노인여가복지시설,1159000000,동작구,서울특별시 동작구 솔밭로 86 (사당동)
C0609714719,종로구지회 부설 노인대학,노인여가복지시설,1111000000,종로구,"서울특별시 종로구 대학로3길 14, 3층 (효제동, (북촌별관) 북촌로5가길 17-7)"
C0609723116,김영삼도서관,노인여가복지시설,1159000000,동작구,서울특별시 동작구 매봉로 1 (상도1동)
C0609729032,꿈꾸는 실버아카데미,노인여가복지시설,1123000000,동대문구,"서울특별시 동대문구 한천로58길 47 (이문동, 쌍용아파트)"
C0609732365,강서구립마곡어르신복지관,노인여가복지시설,1150000000,강서구,서울특별시 강서구 마곡중앙5로 43 (마곡동)
C0609740087,방배4동 느티나무쉼터,노인여가복지시설,1165000000,서초구,"서울특별시 서초구 방배중앙로 118, 2층 (방배동, 서초 시니어플라자)"
C0609740344,포이시니어센터,노인여가복지시설,1168000000,강남구,"서울특별시 강남구 논현로16길 11, 1층 (개포동)"
C0609740449,구파발성당 예수성심대학,노인여가복지시설,1138000000,은평구,"서울특별시 은평구 진관2로 29-16 (진관동, 구파발성당)"
F00249,청구노인복지센터(분관),노인여가복지시설,1114000000,중구,서울특별시 중구 청구로3길 69 (신당동)
F03847,금천한내어르신복지센터,노인여가복지시설,1154500000,금천구,"서울특별시 금천구 한내로 69-15 (독산동, 주공13단지아파트)"
F03957,반석노인교실,노인여가복지시설,1154500000,금천구,서울특별시 금천구 독산로78길 20 (독산동)
F03958,성가정시니어아카데미,노인여가복지시설,1154500000,금천구,서울특별시 금천구 두산로5길 19독산1동성당 (독산동)
F03959,시흥노인교실,노인여가복지시설,1154500000,금천구,서울특별시 금천구 금하로23다길 8 (시흥동)
F03960,신일노인교실,노인여가복지시설,1154500000,금천구,서울특별시 금천구 시흥대로90길 25신일교회 (독산동)
F03961,제일노인교실,노인여가복지시설,1154500000,금천구,서울특별시 금천구 탑골로2길 56제일교회 (시흥동)
F03962,행복시니어아카데미,노인여가복지시설,1154500000,금천구,서울특별시 금천구 독산로38길 10시흥4동성당 (시흥동)
F04655,금천어르신복지센터,노인여가복지시설,1154500000,금천구,서울특별시 금천구 범안로17길 22 (독산동)
F04691,시흥중앙교회 시니어아카데미,노인여가복지시설,1154500000,금천구,서울특별시 금천구 시흥대로72길 13 (시흥동)
F14041,구립 수락노인종합복지관,노인여가복지시설,1135000000,노원구,서울특별시 노원구 수락산로 214상계동 (상계동)
G0434,구립용마경로복지관,노인여가복지시설,1126000000,중랑구,서울특별시 중랑구 용마산로94길 98 (면목동)
G0723,인왕노인복지관,노인여가복지시설,1141000000,서대문구,서울특별시 서대문구 통일로26길 12-5 (홍제동)
G0811,용강 노인복지관,노인여가복지시설,1144000000,마포구,서울특별시 마포구 토정로31길 31 (용강동)
G1269,목동어르신복지관,노인여가복지시설,1147000000,양천구,서울특별시 양천구 목동중앙로3길 21 (목동)
G1437,사당어르신종합복지관,노인여가복지시설,1159000000,동작구,"서울특별시 동작구 남부순환로 2081 (사당동, 사당노인종합복지관)"
G1664,동작50+센터,노인여가복지시설,1159000000,동작구,"서울특별시 동작구 노량진로 140 (노량진동, 메가스터디타워 2층)"
G1685,구립영등포어르신복지센터,노인여가복지시설,1156000000,영등포구,서울특별시 영등포구 영등포동 645 번지 20 호
G1782,영등포50플러스센터,노인여가복지시설,1156000000,영등포구,서울특별시 영등포구 여의도동 56번지 1호
G2071,강남구립 압구정노인복지관,노인여가복지시설,1168000000,강남구,서울특별시 강남구 도산대로53길 5 (신사동)
G2529,노원50플러스센터,노인여가복지시설,1135000000,노원구,서울특별시 노원구 노원로30길 73 (상계동)
G2581,송파실벗뜨락,노인여가복지시설,1171000000,송파구,서울특별시 송파구 백제고분로42길 5 (송파동)
G2855,사근동노인복지관,노인여가복지시설,1120000000,성동구,"서울특별시 성동구 사근동길 37, 2층 (사근동)"
G3369,밝은내어르신복지센터,노인여가복지시설,1147000000,양천구,"서울특별시 양천구 지양로14길 17, 4층 (신월동, 신월7동주민센터)"
G3614,구립대조노인복지관,노인여가복지시설,1138000000,은평구,서울특별시 은평구 역말로9길 대조노인복지관 대조 동
G3763,청춘아카데미,노인여가복지시설,1162000000,관악구,서울특별시 관악구 방천길 39 (신림동)
G3875,구립신내경로복지관,노인여가복지시설,1126000000,중랑구,서울특별시 중랑구 망우로65길 20 (신내동)
G4109,월계노인복지관,노인여가복지시설,1135000000,노원구,서울특별시 노원구 월계동  936번지
G4165,성북구립 석관실버복지센터,노인여가복지시설,1129000000,성북구,서울특별시 성북구 화랑로32길 88 (석관동)
G4230,성북구립 정릉실버복지센터,노인여가복지시설,1129000000,성북구,서울특별시 성북구 솔샘로 8 (정릉동)
G4573,성북50플러스센터,노인여가복지시설,1129000000,성북구,서울특별시 성북구 지봉로24길 26 (보문동5가)
G4645,서초구립느티나무쉼터,노인여가복지시설,1165000000,서초구,서울특별시 서초구 염곡말길 느티나무쉼터
G4813,성수1가2동노인복지관,노인여가복지시설,1120000000,성동구,"서울특별시 성동구 왕십리로5길 3, 6층 (성수동1가, 성수1가2동 공공복합청사)"
G5082,성북구립 삼선실버복지센터,노인여가복지시설,1129000000,성북구,서울특별시 성북구 삼선교로18길 41 (삼선동5가)
G5500,매봉시니어센터,노인여가복지시설,1168000000,강남구,"서울특별시 강남구 남부순환로378길 20, 1층-지하1층 (도곡동)"
G5617,서서울어르신복지관,노인여가복지시설,1147000000,양천구,서울특별시 양천구 가로공원로60가길 16 (신월동)
G6471,금천한내어르신복지센터,노인여가복지시설,1154500000,금천구,"서울특별시 금천구 한내로 69-15, 4층 (독산동, 독산1동 분소지역 복지관)"
G6756,금천어르신복지센터,노인여가복지시설,1154500000,금천구,서울특별시 금천구 범안로17길 22 (독산동)
G8867,서초50플러스센터,노인여가복지시설,1165000000,서초구,서울특별시 서초구 염곡말길 9 (염곡동)
G9616,방배느티나무쉼터,노인여가복지시설,1165000000,서초구,서울특별시 서초구 남부순환로287길 17-4 (방배동)
P1497,청춘만세 창동어르신문화센터,노인여가복지시설,1132000000,도봉구,"서울특별시 도봉구 마들로 536, 5층 (창동)"
P3909,용답동노인복지관,노인여가복지시설,1120000000,성동구,서울특별시 성동구 용답동  183번지 3호
P3949,강북50플러스센터,노인여가복지시설,1130500000,강북구,서울특별시 강북구 오현로9길 49 (미아동)
Z0629,서초구립방배노인종합복지관,노인여가복지시설,1165000000,서초구,서울특별시 서초구 방배천로 48 (방배동)
