query_id,rank,recommended_place_name,recommended_district,recommended_place_type,final_score,composite_similarity,explanation
2026-03-10_17:40_중구,1,남대문시장,중구,market,1.719647,0.86384,"이 장소는 중구 자치구 조건과 일치, market 유형이 일정 문맥과 유사, 입력 시간대의 유동·접촉 가능성이 높음, 목표 유권자 조건과 부합으로 평가되어 상위 추천에 배치되었다."
2026-03-10_17:40_중구,2,평화시장,중구,market,1.562342,0.86384,"이 장소는 중구 자치구 조건과 일치, market 유형이 일정 문맥과 유사, 입력 시간대의 유동·접촉 가능성이 높음, 목표 유권자 조건과 부합으로 평가되어 상위 추천에 배치되었다."
2026-03-10_17:40_중구,3,삼익패션타운,중구,market,1.530598,0.86384,"이 장소는 중구 자치구 조건과 일치, market 유형이 일정 문맥과 유사, 입력 시간대의 유동·접촉 가능성이 높음, 목표 유권자 조건과 부합으로 평가되어 상위 추천에 배치되었다."
2026-03-11_15:10_영등포구,1,영등포유통상가,영등포구,market,1.529346,0.859058,"이 장소는 영등포구 자치구 조건과 일치, market 유형이 일정 문맥과 유사, 입력 시간대의 유동·접촉 가능성이 높음, 목표 유권자 조건과 부합으로 평가되어 상위 추천에 배치되었다."
2026-03-11_15:10_영등포구,2,영등포시장기계공구상가,영등포구,market,1.483628,0.859058,"이 장소는 영등포구 자치구 조건과 일치, market 유형이 일정 문맥과 유사, 입력 시간대의 유동·접촉 가능성이 높음, 목표 유권자 조건과 부합으로 평가되어 상위 추천에 배치되었다."
2026-03-11_15:10_영등포구,3,영등포청과시장,영등포구,market,1.466987,0.859058,"이 장소는 영등포구 자치구 조건과 일치, market 유형이 일정 문맥과 유사, 입력 시간대의 유동·접촉 가능성이 높음, 목표 유권자 조건과 부합으로 평가되어 상위 추천에 배치되었다."
2026-03-11_16:20_영등포구,1,영등포유통상가,영등포구,market,1.529346,0.859058,"이 장소는 영등포구 자치구 조건과 일치, market 유형이 일정 문맥과 유사, 입력 시간대의 유동·접촉 가능성이 높음, 목표 유권자 조건과 부합으로 평가되어 상위 추천에 배치되었다."
2026-03-11_16:20_영등포구,2,영등포시장기계공구상가,영등포구,market,1.483628,0.859058,"이 장소는 영등포구 자치구 조건과 일치, market 유형이 일정 문맥과 유사, 입력 시간대의 유동·접촉 가능성이 높음, 목표 유권자 조건과 부합으로 평가되어 상위 추천에 배치되었다."
2026-03-11_16:20_영등포구,3,영등포청과시장,영등포구,market,1.466987,0.859058,"이 장소는 영등포구 자치구 조건과 일치, market 유형이 일정 문맥과 유사, 입력 시간대의 유동·접촉 가능성이 높음, 목표 유권자 조건과 부합으로 평가되어 상위 추천에 배치되었다."
2026-03-12_16:00_강서구,1,공항동 먹자골목 골목형상점가,강서구,market,1.483657,0.862723,"이 장소는 강서구 자치구 조건과 일치, market 유형이 일정 문맥과 유사, 입력 시간대의 유동·접촉 가능성이 높음, 목표 유권자 조건과 부합으로 평가되어 상위 추천에 배치되었다."
2026-03-12_16:00_강서구,2,강서구청먹자골목 골목형상점가,강서구,market,1.475853,0.862723,"이 장소는 강서구 자치구 조건과 일치, market 유형이 일정 문맥과 유사, 입력 시간대의 유동·접촉 가능성이 높음, 목표 유권자 조건과 부합으로 평가되어 상위 추천에 배치되었다."
2026-03-12_16:00_강서구,3,까치산시장,강서구,market,1.467844,0.862723,"이 장소는 강서구 자치구 조건과 일치, market 유형이 일정 문맥과 유사, 입력 시간대의 유동·접촉 가능성이 높음, 목표 유권자 조건과 부합으로 평가되어 상위 추천에 배치되었다."
2026-03-12_17:25_강서구,1,공항동 먹자골목 골목형상점가,강서구,market,1.5018,0.865842,"이 장소는 강서구 자치구 조건과 일치, market 유형이 일정 문맥과 유사, 입력 시간대의 유동·접촉 가능성이 높음, 목표 유권자 조건과 부합으로 평가되어 상위 추천에 배치되었다."
2026-03-12_17:25_강서구,2,강서구청먹자골목 골목형상점가,강서구,market,1.493996,0.865842,"이 장소는 강서구 자치구 조건과 일치, market 유형이 일정 문맥과 유사, 입력 시간대의 유동·접촉 가능성이 높음, 목표 유권자 조건과 부합으로 평가되어 상위 추천에 배치되었다."
2026-03-12_17:25_강서구,3,까치산시장,강서구,market,1.485987,0.865842,"이 장소는 강서구 자치구 조건과 일치, market 유형이 일정 문맥과 유사, 입력 시간대의 유동·접촉 가능성이 높음, 목표 유권자 조건과 부합으로 평가되어 상위 추천에 배치되었다."
2026-03-13_14:10_노원구,1,공릉동도깨비시장,노원구,market,1.462156,0.862345,"이 장소는 노원구 자치구 조건과 일치, market 유형이 일정 문맥과 유사, 입력 시간대의 유동·접촉 가능성이 높음, 목표 유권자 조건과 부합으로 평가되어 상위 추천에 배치되었다."
2026-03-13_14:10_노원구,2,상계중앙시장,노원구,market,1.461134,0.862345,"이 장소는 노원구 자치구 조건과 일치, market 유형이 일정 문맥과 유사, 입력 시간대의 유동·접촉 가능성이 높음, 목표 유권자 조건과 부합으로 평가되어 상위 추천에 배치되었다."
2026-03-13_14:50_노원구,1,공릉노인복지관,노원구,senior_friendly,1.848911,0.823144,"이 장소는 노원구 자치구 조건과 일치, senior_friendly 유형이 일정 문맥과 유사, 목표 유권자 조건과 부합, 복지·정책 현장 맥락과 연결으로 평가되어 상위 추천에 배치되었다."
2026-03-13_15:30_노원구,1,공릉동도깨비시장,노원구,market,1.462156,0.862913,"이 장소는 노원구 자치구 조건과 일치, market 유형이 일정 문맥과 유사, 입력 시간대의 유동·접촉 가능성이 높음, 목표 유권자 조건과 부합으로 평가되어 상위 추천에 배치되었다."
2026-03-13_15:30_노원구,2,상계중앙시장,노원구,market,1.461134,0.862913,"이 장소는 노원구 자치구 조건과 일치, market 유형이 일정 문맥과 유사, 입력 시간대의 유동·접촉 가능성이 높음, 목표 유권자 조건과 부합으로 평가되어 상위 추천에 배치되었다."
2026-03-16_13:00_구로구,1,오류버들시장 골목형상점가,구로구,market,1.478393,0.8714,"이 장소는 구로구 자치구 조건과 일치, market 유형이 일정 문맥과 유사, 입력 시간대의 유동·접촉 가능성이 높음, 목표 유권자 조건과 부합으로 평가되어 상위 추천에 배치되었다."
2026-03-16_13:00_구로구,2,남구로시장,구로구,market,1.467404,0.8714,"이 장소는 구로구 자치구 조건과 일치, market 유형이 일정 문맥과 유사, 입력 시간대의 유동·접촉 가능성이 높음, 목표 유권자 조건과 부합으로 평가되어 상위 추천에 배치되었다."
2026-03-16_13:00_구로구,3,그라운드고척 골목형상점가,구로구,market,1.465149,0.8714,"이 장소는 구로구 자치구 조건과 일치, market 유형이 일정 문맥과 유사, 입력 시간대의 유동·접촉 가능성이 높음, 목표 유권자 조건과 부합으로 평가되어 상위 추천에 배치되었다."
2026-03-16_14:00_구로구,1,구로노인종합복지관,구로구,senior_friendly,1.822965,0.827282,"이 장소는 구로구 자치구 조건과 일치, senior_friendly 유형이 일정 문맥과 유사, 목표 유권자 조건과 부합, 복지·정책 현장 맥락과 연결으로 평가되어 상위 추천에 배치되었다."
2026-03-17_14:00_마포구,1,아현시장,마포구,market,1.465291,0.865381,"이 장소는 마포구 자치구 조건과 일치, market 유형이 일정 문맥과 유사, 입력 시간대의 유동·접촉 가능성이 높음, 목표 유권자 조건과 부합으로 평가되어 상위 추천에 배치되었다."
2026-03-17_14:00_마포구,2,연남동골목형상점가,마포구,market,1.463755,0.865381,"이 장소는 마포구 자치구 조건과 일치, market 유형이 일정 문맥과 유사, 입력 시간대의 유동·접촉 가능성이 높음, 목표 유권자 조건과 부합으로 평가되어 상위 추천에 배치되었다."
2026-03-17_14:00_마포구,3,망원시장,마포구,market,1.459033,0.865381,"이 장소는 마포구 자치구 조건과 일치, market 유형이 일정 문맥과 유사, 입력 시간대의 유동·접촉 가능성이 높음, 목표 유권자 조건과 부합으로 평가되어 상위 추천에 배치되었다."
2026-03-19_10:00_송파구,1,잠실(송파구청),송파구,subway,1.608771,0.776489,"이 장소는 송파구 자치구 조건과 일치, subway 유형이 일정 문맥과 유사, 목표 유권자 조건과 부합, 후보 일정 profile과 유사한 장소 유형으로 평가되어 상위 추천에 배치되었다."
2026-03-24_17:00_광화문,1,서울역,중구,subway,1.713275,0.5975,"이 장소는 subway 유형이 일정 문맥과 유사, 입력 시간대의 유동·접촉 가능성이 높음, 목표 유권자 조건과 부합, 후보 일정 profile과 유사한 장소 유형으로 평가되어 상위 추천에 배치되었다."
2026-03-24_17:00_광화문,2,잠실(송파구청),송파구,subway,1.709786,0.5975,"이 장소는 subway 유형이 일정 문맥과 유사, 입력 시간대의 유동·접촉 가능성이 높음, 목표 유권자 조건과 부합, 후보 일정 profile과 유사한 장소 유형으로 평가되어 상위 추천에 배치되었다."
2026-03-24_17:00_광화문,3,강남,강남구,subway,1.679378,0.5975,"이 장소는 subway 유형이 일정 문맥과 유사, 입력 시간대의 유동·접촉 가능성이 높음, 목표 유권자 조건과 부합, 후보 일정 profile과 유사한 장소 유형으로 평가되어 상위 추천에 배치되었다."
2026-03-24_17:40_종로구,1,동대문종합시장,종로구,market,1.641642,0.866696,"이 장소는 종로구 자치구 조건과 일치, market 유형이 일정 문맥과 유사, 입력 시간대의 유동·접촉 가능성이 높음, 목표 유권자 조건과 부합으로 평가되어 상위 추천에 배치되었다."
2026-03-24_17:40_종로구,2,광장전통시장,종로구,market,1.581025,0.866696,"이 장소는 종로구 자치구 조건과 일치, market 유형이 일정 문맥과 유사, 입력 시간대의 유동·접촉 가능성이 높음, 목표 유권자 조건과 부합으로 평가되어 상위 추천에 배치되었다."
2026-03-24_17:40_종로구,3,광장시장,종로구,market,1.533457,0.866696,"이 장소는 종로구 자치구 조건과 일치, market 유형이 일정 문맥과 유사, 입력 시간대의 유동·접촉 가능성이 높음, 목표 유권자 조건과 부합으로 평가되어 상위 추천에 배치되었다."
2026-03-25_17:20_광진구,1,신성전통시장,광진구,market,1.483726,0.86771,"이 장소는 광진구 자치구 조건과 일치, market 유형이 일정 문맥과 유사, 입력 시간대의 유동·접촉 가능성이 높음, 목표 유권자 조건과 부합으로 평가되어 상위 추천에 배치되었다."
2026-03-25_17:20_광진구,2,자양전통시장,광진구,market,1.48219,0.86771,"이 장소는 광진구 자치구 조건과 일치, market 유형이 일정 문맥과 유사, 입력 시간대의 유동·접촉 가능성이 높음, 목표 유권자 조건과 부합으로 평가되어 상위 추천에 배치되었다."
2026-03-25_17:20_광진구,3,중곡제일골목시장,광진구,market,1.481476,0.86771,"이 장소는 광진구 자치구 조건과 일치, market 유형이 일정 문맥과 유사, 입력 시간대의 유동·접촉 가능성이 높음, 목표 유권자 조건과 부합으로 평가되어 상위 추천에 배치되었다."
2026-03-25_18:15_광진구,1,신성전통시장,광진구,market,1.483726,0.86771,"이 장소는 광진구 자치구 조건과 일치, market 유형이 일정 문맥과 유사, 입력 시간대의 유동·접촉 가능성이 높음, 목표 유권자 조건과 부합으로 평가되어 상위 추천에 배치되었다."
2026-03-25_18:15_광진구,2,자양전통시장,광진구,market,1.48219,0.86771,"이 장소는 광진구 자치구 조건과 일치, market 유형이 일정 문맥과 유사, 입력 시간대의 유동·접촉 가능성이 높음, 목표 유권자 조건과 부합으로 평가되어 상위 추천에 배치되었다."
2026-03-25_18:15_광진구,3,중곡제일골목시장,광진구,market,1.481476,0.86771,"이 장소는 광진구 자치구 조건과 일치, market 유형이 일정 문맥과 유사, 입력 시간대의 유동·접촉 가능성이 높음, 목표 유권자 조건과 부합으로 평가되어 상위 추천에 배치되었다."
2026-03-26_16:00_관악구,1,신림,관악구,subway,1.492909,0.779444,"이 장소는 관악구 자치구 조건과 일치, subway 유형이 일정 문맥과 유사, 목표 유권자 조건과 부합, 후보 일정 profile과 유사한 장소 유형으로 평가되어 상위 추천에 배치되었다."
2026-03-26_16:00_관악구,2,서울대입구(관악구청),관악구,subway,1.426744,0.779444,"이 장소는 관악구 자치구 조건과 일치, subway 유형이 일정 문맥과 유사, 목표 유권자 조건과 부합, 후보 일정 profile과 유사한 장소 유형으로 평가되어 상위 추천에 배치되었다."
2026-03-26_16:00_관악구,3,낙성대(강감찬),관악구,subway,1.263685,0.779444,"이 장소는 관악구 자치구 조건과 일치, subway 유형이 일정 문맥과 유사, 목표 유권자 조건과 부합, 후보 일정 profile과 유사한 장소 유형으로 평가되어 상위 추천에 배치되었다."
2026-03-26_16:15_관악구,1,신림별빛거리 골목형상점가,관악구,market,1.480665,0.86401,"이 장소는 관악구 자치구 조건과 일치, market 유형이 일정 문맥과 유사, 입력 시간대의 유동·접촉 가능성이 높음, 목표 유권자 조건과 부합으로 평가되어 상위 추천에 배치되었다."
2026-03-26_16:15_관악구,2,녹두S밸리 골목형상점가,관악구,market,1.462689,0.86401,"이 장소는 관악구 자치구 조건과 일치, market 유형이 일정 문맥과 유사, 입력 시간대의 유동·접촉 가능성이 높음, 목표 유권자 조건과 부합으로 평가되어 상위 추천에 배치되었다."
2026-03-26_16:15_관악구,3,행운담길 골목형상점가,관악구,market,1.461666,0.86401,"이 장소는 관악구 자치구 조건과 일치, market 유형이 일정 문맥과 유사, 입력 시간대의 유동·접촉 가능성이 높음, 목표 유권자 조건과 부합으로 평가되어 상위 추천에 배치되었다."
2026-03-28_12:50_성동구,1,성수,성동구,subway,1.515016,0.767917,"이 장소는 성동구 자치구 조건과 일치, subway 유형이 일정 문맥과 유사, 목표 유권자 조건과 부합, 후보 일정 profile과 유사한 장소 유형으로 평가되어 상위 추천에 배치되었다."
2026-03-28_12:50_성동구,2,왕십리(성동구청),성동구,subway,1.167942,0.767917,"이 장소는 성동구 자치구 조건과 일치, subway 유형이 일정 문맥과 유사, 목표 유권자 조건과 부합, 후보 일정 profile과 유사한 장소 유형으로 평가되어 상위 추천에 배치되었다."
2026-03-30_11:00_동작구,1,노량진수산시장골목형상점가,동작구,market,1.434048,0.845849,"이 장소는 동작구 자치구 조건과 일치, market 유형이 일정 문맥과 유사, 입력 시간대의 유동·접촉 가능성이 높음, 목표 유권자 조건과 부합으로 평가되어 상위 추천에 배치되었다."
2026-03-30_11:00_동작구,2,이수미로 골목형상점가,동작구,market,1.402818,0.845849,"이 장소는 동작구 자치구 조건과 일치, market 유형이 일정 문맥과 유사, 입력 시간대의 유동·접촉 가능성이 높음, 목표 유권자 조건과 부합으로 평가되어 상위 추천에 배치되었다."
2026-03-30_11:00_동작구,3,숭실마루길 골목형상점가,동작구,market,1.3945,0.845849,"이 장소는 동작구 자치구 조건과 일치, market 유형이 일정 문맥과 유사, 입력 시간대의 유동·접촉 가능성이 높음, 목표 유권자 조건과 부합으로 평가되어 상위 추천에 배치되었다."
2026-03-31_11:30_동대문구,1,신림,관악구,subway,1.55061,0.4925,"이 장소는 subway 유형이 일정 문맥과 유사, 목표 유권자 조건과 부합, 후보 일정 profile과 유사한 장소 유형, 교통 접근성이 높은 후보지으로 평가되어 상위 추천에 배치되었다."
2026-03-31_11:30_동대문구,2,잠실(송파구청),송파구,subway,1.400806,0.4925,"이 장소는 subway 유형이 일정 문맥과 유사, 목표 유권자 조건과 부합, 후보 일정 profile과 유사한 장소 유형, 교통 접근성이 높은 후보지으로 평가되어 상위 추천에 배치되었다."
2026-03-31_11:30_동대문구,3,서울역,중구,subway,1.389098,0.4925,"이 장소는 subway 유형이 일정 문맥과 유사, 목표 유권자 조건과 부합, 후보 일정 profile과 유사한 장소 유형, 교통 접근성이 높은 후보지으로 평가되어 상위 추천에 배치되었다."
2026-04-02_16:00_양천구,1,서울역,중구,subway,1.568918,0.485,"이 장소는 subway 유형이 일정 문맥과 유사, 목표 유권자 조건과 부합, 후보 일정 profile과 유사한 장소 유형, 교통 접근성이 높은 후보지으로 평가되어 상위 추천에 배치되었다."
2026-04-02_16:00_양천구,2,잠실(송파구청),송파구,subway,1.565429,0.485,"이 장소는 subway 유형이 일정 문맥과 유사, 목표 유권자 조건과 부합, 후보 일정 profile과 유사한 장소 유형, 교통 접근성이 높은 후보지으로 평가되어 상위 추천에 배치되었다."
2026-04-02_16:00_양천구,3,강남,강남구,subway,1.535021,0.485,"이 장소는 subway 유형이 일정 문맥과 유사, 목표 유권자 조건과 부합, 후보 일정 profile과 유사한 장소 유형, 교통 접근성이 높은 후보지으로 평가되어 상위 추천에 배치되었다."
2026-04-04_10:00_노원구,1,노원,노원구,subway,1.223893,0.778921,"이 장소는 노원구 자치구 조건과 일치, subway 유형이 일정 문맥과 유사, 목표 유권자 조건과 부합, 후보 일정 profile과 유사한 장소 유형으로 평가되어 상위 추천에 배치되었다."
2026-04-05_17:40_양천구,1,서울역,중구,subway,1.69206,0.5975,"이 장소는 subway 유형이 일정 문맥과 유사, 입력 시간대의 유동·접촉 가능성이 높음, 목표 유권자 조건과 부합, 후보 일정 profile과 유사한 장소 유형으로 평가되어 상위 추천에 배치되었다."
2026-04-05_17:40_양천구,2,잠실(송파구청),송파구,subway,1.688572,0.5975,"이 장소는 subway 유형이 일정 문맥과 유사, 입력 시간대의 유동·접촉 가능성이 높음, 목표 유권자 조건과 부합, 후보 일정 profile과 유사한 장소 유형으로 평가되어 상위 추천에 배치되었다."
2026-04-05_17:40_양천구,3,강남,강남구,subway,1.658163,0.5975,"이 장소는 subway 유형이 일정 문맥과 유사, 입력 시간대의 유동·접촉 가능성이 높음, 목표 유권자 조건과 부합, 후보 일정 profile과 유사한 장소 유형으로 평가되어 상위 추천에 배치되었다."
2026-04-06_16:30_강북구,1,강북북부골목시장,강북구,market,1.455828,0.846963,"이 장소는 강북구 자치구 조건과 일치, market 유형이 일정 문맥과 유사, 입력 시간대의 유동·접촉 가능성이 높음, 목표 유권자 조건과 부합으로 평가되어 상위 추천에 배치되었다."
2026-04-06_16:30_강북구,2,미소상인회 골목형상점가,강북구,market,1.455114,0.846963,"이 장소는 강북구 자치구 조건과 일치, market 유형이 일정 문맥과 유사, 입력 시간대의 유동·접촉 가능성이 높음, 목표 유권자 조건과 부합으로 평가되어 상위 추천에 배치되었다."
2026-04-06_16:30_강북구,3,오패산로 골목형상점가,강북구,market,1.4544,0.846963,"이 장소는 강북구 자치구 조건과 일치, market 유형이 일정 문맥과 유사, 입력 시간대의 유동·접촉 가능성이 높음, 목표 유권자 조건과 부합으로 평가되어 상위 추천에 배치되었다."
2026-04-06_18:00_성북구,1,월곡달빛오거리골목형상점가,성북구,market,1.501535,0.847926,"이 장소는 성북구 자치구 조건과 일치, market 유형이 일정 문맥과 유사, 입력 시간대의 유동·접촉 가능성이 높음, 목표 유권자 조건과 부합으로 평가되어 상위 추천에 배치되었다."
2026-04-06_18:00_성북구,2,석계음식문화거리,성북구,market,1.500924,0.847926,"이 장소는 성북구 자치구 조건과 일치, market 유형이 일정 문맥과 유사, 입력 시간대의 유동·접촉 가능성이 높음, 목표 유권자 조건과 부합으로 평가되어 상위 추천에 배치되었다."
2026-04-06_18:00_성북구,3,종암북바위길골목형상점가,성북구,market,1.499799,0.847926,"이 장소는 성북구 자치구 조건과 일치, market 유형이 일정 문맥과 유사, 입력 시간대의 유동·접촉 가능성이 높음, 목표 유권자 조건과 부합으로 평가되어 상위 추천에 배치되었다."
2026-04-07_15:40_동작구,1,노량진수산시장골목형상점가,동작구,market,1.499629,0.845064,"이 장소는 동작구 자치구 조건과 일치, market 유형이 일정 문맥과 유사, 입력 시간대의 유동·접촉 가능성이 높음, 목표 유권자 조건과 부합으로 평가되어 상위 추천에 배치되었다."
2026-04-07_15:40_동작구,2,이수미로 골목형상점가,동작구,market,1.46922,0.845064,"이 장소는 동작구 자치구 조건과 일치, market 유형이 일정 문맥과 유사, 입력 시간대의 유동·접촉 가능성이 높음, 목표 유권자 조건과 부합으로 평가되어 상위 추천에 배치되었다."
2026-04-07_15:40_동작구,3,숭실마루길 골목형상점가,동작구,market,1.460903,0.845064,"이 장소는 동작구 자치구 조건과 일치, market 유형이 일정 문맥과 유사, 입력 시간대의 유동·접촉 가능성이 높음, 목표 유권자 조건과 부합으로 평가되어 상위 추천에 배치되었다."
2026-04-07_16:40_동작구,1,노량진수산시장골목형상점가,동작구,market,1.499629,0.845064,"이 장소는 동작구 자치구 조건과 일치, market 유형이 일정 문맥과 유사, 입력 시간대의 유동·접촉 가능성이 높음, 목표 유권자 조건과 부합으로 평가되어 상위 추천에 배치되었다."
2026-04-07_16:40_동작구,2,이수미로 골목형상점가,동작구,market,1.46922,0.845064,"이 장소는 동작구 자치구 조건과 일치, market 유형이 일정 문맥과 유사, 입력 시간대의 유동·접촉 가능성이 높음, 목표 유권자 조건과 부합으로 평가되어 상위 추천에 배치되었다."
2026-04-07_16:40_동작구,3,숭실마루길 골목형상점가,동작구,market,1.460903,0.845064,"이 장소는 동작구 자치구 조건과 일치, market 유형이 일정 문맥과 유사, 입력 시간대의 유동·접촉 가능성이 높음, 목표 유권자 조건과 부합으로 평가되어 상위 추천에 배치되었다."
2026-04-08_17:00_서대문구,1,포방터시장,서대문구,market,1.492718,0.856273,"이 장소는 서대문구 자치구 조건과 일치, market 유형이 일정 문맥과 유사, 입력 시간대의 유동·접촉 가능성이 높음, 목표 유권자 조건과 부합으로 평가되어 상위 추천에 배치되었다."
2026-04-08_17:00_서대문구,2,영천시장,서대문구,market,1.490976,0.856273,"이 장소는 서대문구 자치구 조건과 일치, market 유형이 일정 문맥과 유사, 입력 시간대의 유동·접촉 가능성이 높음, 목표 유권자 조건과 부합으로 평가되어 상위 추천에 배치되었다."
2026-04-08_17:00_서대문구,3,남이동길골목형상점가,서대문구,market,1.490673,0.856273,"이 장소는 서대문구 자치구 조건과 일치, market 유형이 일정 문맥과 유사, 입력 시간대의 유동·접촉 가능성이 높음, 목표 유권자 조건과 부합으로 평가되어 상위 추천에 배치되었다."
2026-04-08_17:55_서대문구,1,서울역,중구,subway,1.713703,0.5975,"이 장소는 subway 유형이 일정 문맥과 유사, 입력 시간대의 유동·접촉 가능성이 높음, 목표 유권자 조건과 부합, 후보 일정 profile과 유사한 장소 유형으로 평가되어 상위 추천에 배치되었다."
2026-04-08_17:55_서대문구,2,잠실(송파구청),송파구,subway,1.710215,0.5975,"이 장소는 subway 유형이 일정 문맥과 유사, 입력 시간대의 유동·접촉 가능성이 높음, 목표 유권자 조건과 부합, 후보 일정 profile과 유사한 장소 유형으로 평가되어 상위 추천에 배치되었다."
2026-04-08_17:55_서대문구,3,강남,강남구,subway,1.679806,0.5975,"이 장소는 subway 유형이 일정 문맥과 유사, 입력 시간대의 유동·접촉 가능성이 높음, 목표 유권자 조건과 부합, 후보 일정 profile과 유사한 장소 유형으로 평가되어 상위 추천에 배치되었다."
2026-04-09_15:00_중랑구,1,우림골목시장,중랑구,market,1.462536,0.846173,"이 장소는 중랑구 자치구 조건과 일치, market 유형이 일정 문맥과 유사, 입력 시간대의 유동·접촉 가능성이 높음, 목표 유권자 조건과 부합으로 평가되어 상위 추천에 배치되었다."
2026-04-09_15:00_중랑구,2,동원전통종합시장,중랑구,market,1.460795,0.846173,"이 장소는 중랑구 자치구 조건과 일치, market 유형이 일정 문맥과 유사, 입력 시간대의 유동·접촉 가능성이 높음, 목표 유권자 조건과 부합으로 평가되어 상위 추천에 배치되었다."
2026-04-09_15:00_중랑구,3,상봉먹자 골목형상점가,중랑구,market,1.458129,0.846173,"이 장소는 중랑구 자치구 조건과 일치, market 유형이 일정 문맥과 유사, 입력 시간대의 유동·접촉 가능성이 높음, 목표 유권자 조건과 부합으로 평가되어 상위 추천에 배치되었다."
2026-04-09_15:50_중랑구,1,우림골목시장,중랑구,market,1.462536,0.845,"이 장소는 중랑구 자치구 조건과 일치, market 유형이 일정 문맥과 유사, 입력 시간대의 유동·접촉 가능성이 높음, 목표 유권자 조건과 부합으로 평가되어 상위 추천에 배치되었다."
2026-04-09_15:50_중랑구,2,동원전통종합시장,중랑구,market,1.460795,0.845,"이 장소는 중랑구 자치구 조건과 일치, market 유형이 일정 문맥과 유사, 입력 시간대의 유동·접촉 가능성이 높음, 목표 유권자 조건과 부합으로 평가되어 상위 추천에 배치되었다."
2026-04-09_15:50_중랑구,3,상봉먹자 골목형상점가,중랑구,market,1.458129,0.845,"이 장소는 중랑구 자치구 조건과 일치, market 유형이 일정 문맥과 유사, 입력 시간대의 유동·접촉 가능성이 높음, 목표 유권자 조건과 부합으로 평가되어 상위 추천에 배치되었다."
2026-04-15_10:55_종로구,1,동대문종합시장,종로구,market,1.549585,0.826005,"이 장소는 종로구 자치구 조건과 일치, market 유형이 일정 문맥과 유사, 입력 시간대의 유동·접촉 가능성이 높음, 목표 유권자 조건과 부합으로 평가되어 상위 추천에 배치되었다."
2026-04-15_10:55_종로구,2,광장전통시장,종로구,market,1.488146,0.826005,"이 장소는 종로구 자치구 조건과 일치, market 유형이 일정 문맥과 유사, 입력 시간대의 유동·접촉 가능성이 높음, 목표 유권자 조건과 부합으로 평가되어 상위 추천에 배치되었다."
2026-04-15_10:55_종로구,3,광장시장,종로구,market,1.4414,0.826005,"이 장소는 종로구 자치구 조건과 일치, market 유형이 일정 문맥과 유사, 입력 시간대의 유동·접촉 가능성이 높음, 목표 유권자 조건과 부합으로 평가되어 상위 추천에 배치되었다."
2026-04-17_07:30_송파구,1,가락몰 골목형상점가,송파구,market,1.446399,0.777907,"이 장소는 송파구 자치구 조건과 일치, market 유형이 일정 문맥과 유사, 목표 유권자 조건과 부합, 시장·상권 접촉에 적합으로 평가되어 상위 추천에 배치되었다."
2026-04-17_07:30_송파구,2,방이시장,송파구,market,1.365027,0.777907,"이 장소는 송파구 자치구 조건과 일치, market 유형이 일정 문맥과 유사, 목표 유권자 조건과 부합, 시장·상권 접촉에 적합으로 평가되어 상위 추천에 배치되었다."
2026-04-17_07:30_송파구,3,풍납시장,송파구,market,1.361025,0.777907,"이 장소는 송파구 자치구 조건과 일치, market 유형이 일정 문맥과 유사, 목표 유권자 조건과 부합, 시장·상권 접촉에 적합으로 평가되어 상위 추천에 배치되었다."
2026-04-17_15:30_강동구,1,서울역,중구,subway,1.604489,0.485,"이 장소는 subway 유형이 일정 문맥과 유사, 목표 유권자 조건과 부합, 후보 일정 profile과 유사한 장소 유형, 교통 접근성이 높은 후보지으로 평가되어 상위 추천에 배치되었다."
2026-04-17_15:30_강동구,2,잠실(송파구청),송파구,subway,1.601001,0.485,"이 장소는 subway 유형이 일정 문맥과 유사, 목표 유권자 조건과 부합, 후보 일정 profile과 유사한 장소 유형, 교통 접근성이 높은 후보지으로 평가되어 상위 추천에 배치되었다."
2026-04-17_15:30_강동구,3,강남,강남구,subway,1.570592,0.485,"이 장소는 subway 유형이 일정 문맥과 유사, 목표 유권자 조건과 부합, 후보 일정 profile과 유사한 장소 유형, 교통 접근성이 높은 후보지으로 평가되어 상위 추천에 배치되었다."
2026-04-17_16:00_강동구,1,서울역,중구,subway,1.626989,0.485,"이 장소는 subway 유형이 일정 문맥과 유사, 목표 유권자 조건과 부합, 후보 일정 profile과 유사한 장소 유형, 교통 접근성이 높은 후보지으로 평가되어 상위 추천에 배치되었다."
2026-04-17_16:00_강동구,2,잠실(송파구청),송파구,subway,1.623501,0.485,"이 장소는 subway 유형이 일정 문맥과 유사, 목표 유권자 조건과 부합, 후보 일정 profile과 유사한 장소 유형, 교통 접근성이 높은 후보지으로 평가되어 상위 추천에 배치되었다."
2026-04-17_16:00_강동구,3,강남,강남구,subway,1.593092,0.485,"이 장소는 subway 유형이 일정 문맥과 유사, 목표 유권자 조건과 부합, 후보 일정 profile과 유사한 장소 유형, 교통 접근성이 높은 후보지으로 평가되어 상위 추천에 배치되었다."
2026-04-17_16:35_강동구,1,서울역,중구,subway,1.590989,0.485,"이 장소는 subway 유형이 일정 문맥과 유사, 목표 유권자 조건과 부합, 후보 일정 profile과 유사한 장소 유형, 교통 접근성이 높은 후보지으로 평가되어 상위 추천에 배치되었다."
2026-04-17_16:35_강동구,2,잠실(송파구청),송파구,subway,1.587501,0.485,"이 장소는 subway 유형이 일정 문맥과 유사, 목표 유권자 조건과 부합, 후보 일정 profile과 유사한 장소 유형, 교통 접근성이 높은 후보지으로 평가되어 상위 추천에 배치되었다."
2026-04-17_16:35_강동구,3,강남,강남구,subway,1.557092,0.485,"이 장소는 subway 유형이 일정 문맥과 유사, 목표 유권자 조건과 부합, 후보 일정 profile과 유사한 장소 유형, 교통 접근성이 높은 후보지으로 평가되어 상위 추천에 배치되었다."
2026-04-19_14:40_노원구,1,노원,노원구,subway,1.230161,0.754623,"이 장소는 노원구 자치구 조건과 일치, subway 유형이 일정 문맥과 유사, 목표 유권자 조건과 부합, 후보 일정 profile과 유사한 장소 유형으로 평가되어 상위 추천에 배치되었다."
2026-04-22_18:00_은평구,1,연신내,은평구,subway,1.506637,0.867042,"이 장소는 은평구 자치구 조건과 일치, subway 유형이 일정 문맥과 유사, 입력 시간대의 유동·접촉 가능성이 높음, 목표 유권자 조건과 부합으로 평가되어 상위 추천에 배치되었다."
2026-04-24_14:45_성동구,1,마장축산물시장,성동구,market,1.496791,0.838984,"이 장소는 성동구 자치구 조건과 일치, market 유형이 일정 문맥과 유사, 입력 시간대의 유동·접촉 가능성이 높음, 목표 유권자 조건과 부합으로 평가되어 상위 추천에 배치되었다."
2026-04-24_14:45_성동구,2,성동용답상가시장,성동구,market,1.465662,0.838984,"이 장소는 성동구 자치구 조건과 일치, market 유형이 일정 문맥과 유사, 입력 시간대의 유동·접촉 가능성이 높음, 목표 유권자 조건과 부합으로 평가되어 상위 추천에 배치되었다."
2026-04-24_14:45_성동구,3,송정벚꽃골목형상점가,성동구,market,1.461147,0.838984,"이 장소는 성동구 자치구 조건과 일치, market 유형이 일정 문맥과 유사, 입력 시간대의 유동·접촉 가능성이 높음, 목표 유권자 조건과 부합으로 평가되어 상위 추천에 배치되었다."
2026-04-24_16:50_성동구,1,마장축산물시장,성동구,market,1.496791,0.846731,"이 장소는 성동구 자치구 조건과 일치, market 유형이 일정 문맥과 유사, 입력 시간대의 유동·접촉 가능성이 높음, 목표 유권자 조건과 부합으로 평가되어 상위 추천에 배치되었다."
2026-04-24_16:50_성동구,2,성동용답상가시장,성동구,market,1.465662,0.846731,"이 장소는 성동구 자치구 조건과 일치, market 유형이 일정 문맥과 유사, 입력 시간대의 유동·접촉 가능성이 높음, 목표 유권자 조건과 부합으로 평가되어 상위 추천에 배치되었다."
2026-04-24_16:50_성동구,3,송정벚꽃골목형상점가,성동구,market,1.461147,0.846731,"이 장소는 성동구 자치구 조건과 일치, market 유형이 일정 문맥과 유사, 입력 시간대의 유동·접촉 가능성이 높음, 목표 유권자 조건과 부합으로 평가되어 상위 추천에 배치되었다."
2026-04-25_09:00_서초구,1,고속터미널,서초구,subway,1.405419,0.863031,"이 장소는 서초구 자치구 조건과 일치, subway 유형이 일정 문맥과 유사, 입력 시간대의 유동·접촉 가능성이 높음, 목표 유권자 조건과 부합으로 평가되어 상위 추천에 배치되었다."
2026-04-25_09:00_서초구,2,양재(서초구청),서초구,subway,1.334218,0.863031,"이 장소는 서초구 자치구 조건과 일치, subway 유형이 일정 문맥과 유사, 입력 시간대의 유동·접촉 가능성이 높음, 목표 유권자 조건과 부합으로 평가되어 상위 추천에 배치되었다."
2026-04-25_11:40_중구,1,남대문시장,중구,market,1.62759,0.822882,"이 장소는 중구 자치구 조건과 일치, market 유형이 일정 문맥과 유사, 입력 시간대의 유동·접촉 가능성이 높음, 목표 유권자 조건과 부합으로 평가되어 상위 추천에 배치되었다."
2026-04-25_11:40_중구,2,평화시장,중구,market,1.470285,0.822882,"이 장소는 중구 자치구 조건과 일치, market 유형이 일정 문맥과 유사, 입력 시간대의 유동·접촉 가능성이 높음, 목표 유권자 조건과 부합으로 평가되어 상위 추천에 배치되었다."
2026-04-25_11:40_중구,3,삼익패션타운,중구,market,1.438541,0.822882,"이 장소는 중구 자치구 조건과 일치, market 유형이 일정 문맥과 유사, 입력 시간대의 유동·접촉 가능성이 높음, 목표 유권자 조건과 부합으로 평가되어 상위 추천에 배치되었다."
2026-04-26_11:55_영등포구,1,구립영등포노인종합복지관,영등포구,senior_friendly,1.832858,0.84052,"이 장소는 영등포구 자치구 조건과 일치, senior_friendly 유형이 일정 문맥과 유사, 입력 시간대의 유동·접촉 가능성이 높음, 목표 유권자 조건과 부합으로 평가되어 상위 추천에 배치되었다."
2026-04-27_10:20_서초구,1,고속터미널,서초구,subway,1.323062,0.761269,"이 장소는 서초구 자치구 조건과 일치, subway 유형이 일정 문맥과 유사, 목표 유권자 조건과 부합, 후보 일정 profile과 유사한 장소 유형으로 평가되어 상위 추천에 배치되었다."
2026-04-27_10:20_서초구,2,양재(서초구청),서초구,subway,1.251861,0.761269,"이 장소는 서초구 자치구 조건과 일치, subway 유형이 일정 문맥과 유사, 목표 유권자 조건과 부합, 후보 일정 profile과 유사한 장소 유형으로 평가되어 상위 추천에 배치되었다."
2026-04-27_11:00_서초구,1,남대문시장,중구,market,1.427162,0.5575,"이 장소는 market 유형이 일정 문맥과 유사, 입력 시간대의 유동·접촉 가능성이 높음, 목표 유권자 조건과 부합, 시장·상권 접촉에 적합으로 평가되어 상위 추천에 배치되었다."
2026-04-27_11:00_서초구,2,동대문종합시장,종로구,market,1.349282,0.5575,"이 장소는 market 유형이 일정 문맥과 유사, 입력 시간대의 유동·접촉 가능성이 높음, 목표 유권자 조건과 부합, 시장·상권 접촉에 적합으로 평가되어 상위 추천에 배치되었다."
2026-04-27_11:00_서초구,3,장안 마실 골목형상점가,동대문구,market,1.347952,0.5575,"이 장소는 market 유형이 일정 문맥과 유사, 입력 시간대의 유동·접촉 가능성이 높음, 목표 유권자 조건과 부합, 시장·상권 접촉에 적합으로 평가되어 상위 추천에 배치되었다."
2026-04-29_10:50_성북구,1,신림,관악구,subway,1.413539,0.4375,"이 장소는 subway 유형이 일정 문맥과 유사, 후보 일정 profile과 유사한 장소 유형, 교통 접근성이 높은 후보지으로 평가되어 상위 추천에 배치되었다."
2026-04-29_10:50_성북구,2,잠실(송파구청),송파구,subway,1.263735,0.4375,"이 장소는 subway 유형이 일정 문맥과 유사, 후보 일정 profile과 유사한 장소 유형, 교통 접근성이 높은 후보지으로 평가되어 상위 추천에 배치되었다."
2026-04-29_10:50_성북구,3,서울역,중구,subway,1.252027,0.4375,"이 장소는 subway 유형이 일정 문맥과 유사, 후보 일정 profile과 유사한 장소 유형, 교통 접근성이 높은 후보지으로 평가되어 상위 추천에 배치되었다."
2026-04-29_12:00_성북구,1,서울역,중구,subway,1.574632,0.4775,"이 장소는 subway 유형이 일정 문맥과 유사, 목표 유권자 조건과 부합, 후보 일정 profile과 유사한 장소 유형, 교통 접근성이 높은 후보지으로 평가되어 상위 추천에 배치되었다."
2026-04-29_12:00_성북구,2,잠실(송파구청),송파구,subway,1.571144,0.4775,"이 장소는 subway 유형이 일정 문맥과 유사, 목표 유권자 조건과 부합, 후보 일정 profile과 유사한 장소 유형, 교통 접근성이 높은 후보지으로 평가되어 상위 추천에 배치되었다."
2026-04-29_12:00_성북구,3,강남,강남구,subway,1.540735,0.4775,"이 장소는 subway 유형이 일정 문맥과 유사, 목표 유권자 조건과 부합, 후보 일정 profile과 유사한 장소 유형, 교통 접근성이 높은 후보지으로 평가되어 상위 추천에 배치되었다."
2026-04-30_05:00_양천구,1,신림,관악구,subway,1.605468,0.53,"이 장소는 subway 유형이 일정 문맥과 유사, 목표 유권자 조건과 부합, 후보 일정 profile과 유사한 장소 유형, 교통 접근성이 높은 후보지으로 평가되어 상위 추천에 배치되었다."
2026-04-30_05:00_양천구,2,잠실(송파구청),송파구,subway,1.455663,0.53,"이 장소는 subway 유형이 일정 문맥과 유사, 목표 유권자 조건과 부합, 후보 일정 profile과 유사한 장소 유형, 교통 접근성이 높은 후보지으로 평가되어 상위 추천에 배치되었다."
2026-04-30_05:00_양천구,3,서울역,중구,subway,1.443955,0.53,"이 장소는 subway 유형이 일정 문맥과 유사, 목표 유권자 조건과 부합, 후보 일정 profile과 유사한 장소 유형, 교통 접근성이 높은 후보지으로 평가되어 상위 추천에 배치되었다."
2026-04-30_05:40_양천구,1,양천어르신종합복지관,양천구,senior_friendly,1.169011,0.39831,이 장소는 양천구 자치구 조건과 일치으로 평가되어 상위 추천에 배치되었다.
2026-04-30_05:40_양천구,2,신영시장,양천구,market,1.079046,0.531958,"이 장소는 양천구 자치구 조건과 일치, 입력 시간대의 유동·접촉 가능성이 높음, 시장·상권 접촉에 적합으로 평가되어 상위 추천에 배치되었다."
2026-04-30_05:40_양천구,3,목동깨비시장,양천구,market,1.078024,0.531958,"이 장소는 양천구 자치구 조건과 일치, 입력 시간대의 유동·접촉 가능성이 높음, 시장·상권 접촉에 적합으로 평가되어 상위 추천에 배치되었다."
2026-04-30_15:00_금천구,1,대명여울빛거리시장,금천구,market,1.465199,0.848763,"이 장소는 금천구 자치구 조건과 일치, market 유형이 일정 문맥과 유사, 입력 시간대의 유동·접촉 가능성이 높음, 목표 유권자 조건과 부합으로 평가되어 상위 추천에 배치되었다."
2026-04-30_15:00_금천구,2,비단길현대시장,금천구,market,1.463149,0.848763,"이 장소는 금천구 자치구 조건과 일치, market 유형이 일정 문맥과 유사, 입력 시간대의 유동·접촉 가능성이 높음, 목표 유권자 조건과 부합으로 평가되어 상위 추천에 배치되었다."
2026-04-30_15:00_금천구,3,법원단지길 상점가,금천구,market,1.455859,0.848763,"이 장소는 금천구 자치구 조건과 일치, market 유형이 일정 문맥과 유사, 입력 시간대의 유동·접촉 가능성이 높음, 목표 유권자 조건과 부합으로 평가되어 상위 추천에 배치되었다."
2026-05-01_14:00_마포구,1,홍대입구,마포구,subway,1.553427,0.515655,"이 장소는 마포구 자치구 조건과 일치, 목표 유권자 조건과 부합, 후보 일정 profile과 유사한 장소 유형, 교통 접근성이 높은 후보지으로 평가되어 상위 추천에 배치되었다."
2026-05-01_14:00_마포구,2,월드컵공원,마포구,park,1.365968,0.453872,"이 장소는 마포구 자치구 조건과 일치, 입력 시간대의 유동·접촉 가능성이 높음, 목표 유권자 조건과 부합으로 평가되어 상위 추천에 배치되었다."
2026-05-01_14:00_마포구,3,아현시장,마포구,market,1.363965,0.639644,"이 장소는 마포구 자치구 조건과 일치, 입력 시간대의 유동·접촉 가능성이 높음, 목표 유권자 조건과 부합, 시장·상권 접촉에 적합으로 평가되어 상위 추천에 배치되었다."
2026-05-02_07:00_마포구,1,월드컵공원,마포구,park,1.46287,0.731421,"이 장소는 마포구 자치구 조건과 일치, park 유형이 일정 문맥과 유사, 목표 유권자 조건과 부합으로 평가되어 상위 추천에 배치되었다."
2026-05-02_07:00_마포구,2,문화비축기지,마포구,park,1.349871,0.731421,"이 장소는 마포구 자치구 조건과 일치, park 유형이 일정 문맥과 유사, 목표 유권자 조건과 부합으로 평가되어 상위 추천에 배치되었다."
2026-05-02_07:00_마포구,3,와우근린공원,마포구,park,1.346074,0.731421,"이 장소는 마포구 자치구 조건과 일치, park 유형이 일정 문맥과 유사, 목표 유권자 조건과 부합으로 평가되어 상위 추천에 배치되었다."
2026-05-02_10:00_동대문구,1,서울시립동대문노인종합복지관,동대문구,senior_friendly,1.834432,0.843956,"이 장소는 동대문구 자치구 조건과 일치, senior_friendly 유형이 일정 문맥과 유사, 입력 시간대의 유동·접촉 가능성이 높음, 목표 유권자 조건과 부합으로 평가되어 상위 추천에 배치되었다."
2026-05-03_08:30_용산구,1,용산,용산구,subway,1.223398,0.812983,"이 장소는 용산구 자치구 조건과 일치, subway 유형이 일정 문맥과 유사, 입력 시간대의 유동·접촉 가능성이 높음, 후보 일정 profile과 유사한 장소 유형으로 평가되어 상위 추천에 배치되었다."
2026-05-04_14:30_영등포구,1,영등포,영등포구,subway,1.511712,0.749108,"이 장소는 영등포구 자치구 조건과 일치, subway 유형이 일정 문맥과 유사, 목표 유권자 조건과 부합, 후보 일정 profile과 유사한 장소 유형으로 평가되어 상위 추천에 배치되었다."
2026-05-04_14:30_영등포구,2,여의도,영등포구,subway,1.362345,0.749108,"이 장소는 영등포구 자치구 조건과 일치, subway 유형이 일정 문맥과 유사, 목표 유권자 조건과 부합, 후보 일정 profile과 유사한 장소 유형으로 평가되어 상위 추천에 배치되었다."
2026-05-04_14:30_영등포구,3,구립영등포노인종합복지관,영등포구,senior_friendly,1.296613,0.457687,"이 장소는 영등포구 자치구 조건과 일치, 복지·정책 현장 맥락과 연결으로 평가되어 상위 추천에 배치되었다."
2026-05-05_11:00_광진구,1,어린이대공원,광진구,park,1.377312,0.768805,"이 장소는 광진구 자치구 조건과 일치, park 유형이 일정 문맥과 유사, 목표 유권자 조건과 부합으로 평가되어 상위 추천에 배치되었다."
2026-05-05_11:00_광진구,2,아차산공원,광진구,park,1.353377,0.768805,"이 장소는 광진구 자치구 조건과 일치, park 유형이 일정 문맥과 유사, 목표 유권자 조건과 부합으로 평가되어 상위 추천에 배치되었다."
2026-05-05_13:00_송파구,1,장지근린공원,송파구,park,1.433399,0.790307,"이 장소는 송파구 자치구 조건과 일치, park 유형이 일정 문맥과 유사, 목표 유권자 조건과 부합으로 평가되어 상위 추천에 배치되었다."
2026-05-05_13:00_송파구,2,아시아근린공원,송파구,park,1.432788,0.790307,"이 장소는 송파구 자치구 조건과 일치, park 유형이 일정 문맥과 유사, 목표 유권자 조건과 부합으로 평가되어 상위 추천에 배치되었다."
2026-05-05_13:00_송파구,3,오금근린공원,송파구,park,1.423956,0.790307,"이 장소는 송파구 자치구 조건과 일치, park 유형이 일정 문맥과 유사, 목표 유권자 조건과 부합으로 평가되어 상위 추천에 배치되었다."
2026-05-06_10:40_중구,1,약수노인복지관,중구,senior_friendly,1.851827,0.839266,"이 장소는 중구 자치구 조건과 일치, senior_friendly 유형이 일정 문맥과 유사, 입력 시간대의 유동·접촉 가능성이 높음, 목표 유권자 조건과 부합으로 평가되어 상위 추천에 배치되었다."
2026-05-07_16:00_송파구,1,잠실(송파구청),송파구,subway,1.628786,0.694818,"이 장소는 송파구 자치구 조건과 일치, subway 유형이 일정 문맥과 유사, 후보 일정 profile과 유사한 장소 유형, 교통 접근성이 높은 후보지으로 평가되어 상위 추천에 배치되었다."
2026-05-07_17:00_송파구,1,가락몰 골목형상점가,송파구,market,1.566755,0.847797,"이 장소는 송파구 자치구 조건과 일치, market 유형이 일정 문맥과 유사, 입력 시간대의 유동·접촉 가능성이 높음, 목표 유권자 조건과 부합으로 평가되어 상위 추천에 배치되었다."
2026-05-07_17:00_송파구,2,방이시장,송파구,market,1.485279,0.847797,"이 장소는 송파구 자치구 조건과 일치, market 유형이 일정 문맥과 유사, 입력 시간대의 유동·접촉 가능성이 높음, 목표 유권자 조건과 부합으로 평가되어 상위 추천에 배치되었다."
2026-05-07_17:00_송파구,3,풍납시장,송파구,market,1.48138,0.847797,"이 장소는 송파구 자치구 조건과 일치, market 유형이 일정 문맥과 유사, 입력 시간대의 유동·접촉 가능성이 높음, 목표 유권자 조건과 부합으로 평가되어 상위 추천에 배치되었다."
2026-05-08_15:00_강남구,1,강남,강남구,subway,1.596235,0.700927,"이 장소는 강남구 자치구 조건과 일치, subway 유형이 일정 문맥과 유사, 후보 일정 profile과 유사한 장소 유형, 교통 접근성이 높은 후보지으로 평가되어 상위 추천에 배치되었다."
2026-05-08_15:00_강남구,2,삼성(무역센터),강남구,subway,1.389209,0.700927,"이 장소는 강남구 자치구 조건과 일치, subway 유형이 일정 문맥과 유사, 후보 일정 profile과 유사한 장소 유형, 교통 접근성이 높은 후보지으로 평가되어 상위 추천에 배치되었다."
2026-05-08_15:00_강남구,3,선릉,강남구,subway,1.381,0.700927,"이 장소는 강남구 자치구 조건과 일치, subway 유형이 일정 문맥과 유사, 후보 일정 profile과 유사한 장소 유형, 교통 접근성이 높은 후보지으로 평가되어 상위 추천에 배치되었다."
2026-05-09_11:45_영등포구,1,영등포,영등포구,subway,1.263888,0.758196,"이 장소는 영등포구 자치구 조건과 일치, subway 유형이 일정 문맥과 유사, 목표 유권자 조건과 부합, 후보 일정 profile과 유사한 장소 유형으로 평가되어 상위 추천에 배치되었다."
2026-05-09_11:45_영등포구,2,당산,영등포구,subway,1.220841,0.758196,"이 장소는 영등포구 자치구 조건과 일치, subway 유형이 일정 문맥과 유사, 목표 유권자 조건과 부합, 후보 일정 profile과 유사한 장소 유형으로 평가되어 상위 추천에 배치되었다."
2026-05-09_11:45_영등포구,3,영등포구청,영등포구,subway,1.195878,0.758196,"이 장소는 영등포구 자치구 조건과 일치, subway 유형이 일정 문맥과 유사, 목표 유권자 조건과 부합, 후보 일정 profile과 유사한 장소 유형으로 평가되어 상위 추천에 배치되었다."
2026-05-09_13:30_영등포구,1,여의도근린공원,영등포구,park,1.293545,0.712052,"이 장소는 영등포구 자치구 조건과 일치, park 유형이 일정 문맥과 유사으로 평가되어 상위 추천에 배치되었다."
2026-05-09_13:30_영등포구,2,선유도근린공원,영등포구,park,1.198198,0.712052,"이 장소는 영등포구 자치구 조건과 일치, park 유형이 일정 문맥과 유사으로 평가되어 상위 추천에 배치되었다."
2026-05-09_13:30_영등포구,3,영등포근린공원,영등포구,park,1.19769,0.712052,"이 장소는 영등포구 자치구 조건과 일치, park 유형이 일정 문맥과 유사으로 평가되어 상위 추천에 배치되었다."
2026-05-11_10:00_강서구,1,서울식물원,강서구,park,1.124158,0.398915,이 장소는 강서구 자치구 조건과 일치으로 평가되어 상위 추천에 배치되었다.
2026-05-11_10:00_강서구,2,방화근린공원,강서구,park,1.121287,0.398915,이 장소는 강서구 자치구 조건과 일치으로 평가되어 상위 추천에 배치되었다.
2026-05-11_10:00_강서구,3,우장산근린공원,강서구,park,1.095707,0.398915,이 장소는 강서구 자치구 조건과 일치으로 평가되어 상위 추천에 배치되었다.
2026-05-14_14:00_중구,1,남대문시장,중구,market,1.733338,0.833948,"이 장소는 중구 자치구 조건과 일치, market 유형이 일정 문맥과 유사, 입력 시간대의 유동·접촉 가능성이 높음, 목표 유권자 조건과 부합으로 평가되어 상위 추천에 배치되었다."
2026-05-14_14:00_중구,2,평화시장,중구,market,1.576033,0.833948,"이 장소는 중구 자치구 조건과 일치, market 유형이 일정 문맥과 유사, 입력 시간대의 유동·접촉 가능성이 높음, 목표 유권자 조건과 부합으로 평가되어 상위 추천에 배치되었다."
2026-05-14_14:00_중구,3,삼익패션타운,중구,market,1.544288,0.833948,"이 장소는 중구 자치구 조건과 일치, market 유형이 일정 문맥과 유사, 입력 시간대의 유동·접촉 가능성이 높음, 목표 유권자 조건과 부합으로 평가되어 상위 추천에 배치되었다."
2026-05-15_14:40_중랑구,1,서울역,중구,subway,1.568489,0.485,"이 장소는 subway 유형이 일정 문맥과 유사, 목표 유권자 조건과 부합, 후보 일정 profile과 유사한 장소 유형, 교통 접근성이 높은 후보지으로 평가되어 상위 추천에 배치되었다."
2026-05-15_14:40_중랑구,2,잠실(송파구청),송파구,subway,1.565001,0.485,"이 장소는 subway 유형이 일정 문맥과 유사, 목표 유권자 조건과 부합, 후보 일정 profile과 유사한 장소 유형, 교통 접근성이 높은 후보지으로 평가되어 상위 추천에 배치되었다."
2026-05-15_14:40_중랑구,3,강남,강남구,subway,1.534592,0.485,"이 장소는 subway 유형이 일정 문맥과 유사, 목표 유권자 조건과 부합, 후보 일정 profile과 유사한 장소 유형, 교통 접근성이 높은 후보지으로 평가되어 상위 추천에 배치되었다."
2026-05-16_10:00_송파구,1,장지근린공원,송파구,park,1.394498,0.768593,"이 장소는 송파구 자치구 조건과 일치, park 유형이 일정 문맥과 유사, 목표 유권자 조건과 부합으로 평가되어 상위 추천에 배치되었다."
2026-05-16_10:00_송파구,2,아시아근린공원,송파구,park,1.392756,0.768593,"이 장소는 송파구 자치구 조건과 일치, park 유형이 일정 문맥과 유사, 목표 유권자 조건과 부합으로 평가되어 상위 추천에 배치되었다."
2026-05-16_10:00_송파구,3,오금근린공원,송파구,park,1.385055,0.768593,"이 장소는 송파구 자치구 조건과 일치, park 유형이 일정 문맥과 유사, 목표 유권자 조건과 부합으로 평가되어 상위 추천에 배치되었다."
2026-05-16_12:30_성동구,1,마장축산물시장,성동구,market,1.517933,0.844811,"이 장소는 성동구 자치구 조건과 일치, market 유형이 일정 문맥과 유사, 입력 시간대의 유동·접촉 가능성이 높음, 목표 유권자 조건과 부합으로 평가되어 상위 추천에 배치되었다."
2026-05-16_12:30_성동구,2,성동용답상가시장,성동구,market,1.486805,0.844811,"이 장소는 성동구 자치구 조건과 일치, market 유형이 일정 문맥과 유사, 입력 시간대의 유동·접촉 가능성이 높음, 목표 유권자 조건과 부합으로 평가되어 상위 추천에 배치되었다."
2026-05-16_12:30_성동구,3,송정벚꽃골목형상점가,성동구,market,1.48229,0.844811,"이 장소는 성동구 자치구 조건과 일치, market 유형이 일정 문맥과 유사, 입력 시간대의 유동·접촉 가능성이 높음, 목표 유권자 조건과 부합으로 평가되어 상위 추천에 배치되었다."
2026-05-16_18:40_종로구,1,동대문종합시장,종로구,market,1.460658,0.481646,"이 장소는 종로구 자치구 조건과 일치, 입력 시간대의 유동·접촉 가능성이 높음, 목표 유권자 조건과 부합, 시장·상권 접촉에 적합으로 평가되어 상위 추천에 배치되었다."
2026-05-16_18:40_종로구,2,광장전통시장,종로구,market,1.388525,0.481646,"이 장소는 종로구 자치구 조건과 일치, 입력 시간대의 유동·접촉 가능성이 높음, 목표 유권자 조건과 부합, 시장·상권 접촉에 적합으로 평가되어 상위 추천에 배치되었다."
2026-05-16_18:40_종로구,3,종각,종로구,subway,1.32245,0.498949,"이 장소는 종로구 자치구 조건과 일치, 입력 시간대의 유동·접촉 가능성이 높음, 목표 유권자 조건과 부합, 후보 일정 profile과 유사한 장소 유형으로 평가되어 상위 추천에 배치되었다."
