gold_id,candidate_name,date,day_of_week,d_day,time,district,place_name,address,event_title,place_type,campaign_activity_type,online_offline,target_voter_group,context_tags,gold_label_0_3,gold_label_reason,use_for_place_recommendation,use_for_message_recommendation,source_image
OH_0001,오세훈,2026-04-27,월,D-37,12:30,종로구,점핑업 캠프,확인 필요,오세훈 점핑업 캠프 오픈,캠프/정당,정당행사,offline,일반시민,manual_visual_review;address_review_required;캠프;정당;정당행사;종로구;오후;캠프/정당,2,장소 의미는 있으나 직접 유세 장소성은 보조적인 일정임,True,True,오세훈0427.jpg
OH_0002,오세훈,2026-04-27,월,D-37,14:00,강남구,SETEC 컨벤션홀,확인 필요,강남구 필승결의대회,직능단체,정당행사,offline,일반시민,manual_visual_review;address_review_required;직능단체;정당행사;강남구;오후,2,장소 의미는 있으나 직접 유세 장소성은 보조적인 일정임,True,True,오세훈0427.jpg
OH_0003,오세훈,2026-04-27,월,D-37,16:00,서대문구,서대문문화체육회관,확인 필요,서대문구 필승결의대회,체육시설,정당행사,offline,일반시민,manual_visual_review;address_review_required;체육시설;정당행사;서대문구;오후,2,장소 의미는 있으나 직접 유세 장소성은 보조적인 일정임,True,True,오세훈0427.jpg
OH_0004,오세훈,2026-04-28,화,D-36,04:05,,새벽동행 자율주행버스,확인 필요,새벽동행 자율주행버스 탑승,교통거점,현장방문,offline,직장인,manual_visual_review;address_review_required;교통거점;현장방문;저녁,0,장소 정보가 부족하거나 온라인/내부 일정으로 장소 추천 평가에서 제외함,False,False,오세훈0428.jpg
OH_0005,오세훈,2026-04-28,화,D-36,11:00,용산구,용산구 필승결의대회장,확인 필요,용산구 필승결의대회,직능단체,정당행사,offline,일반시민,manual_visual_review;address_review_required;직능단체;정당행사;용산구;오전,2,장소 의미는 있으나 직접 유세 장소성은 보조적인 일정임,True,True,오세훈0428.jpg
OH_0006,오세훈,2026-04-28,화,D-36,14:00,영등포구,한국노총 서울본부,확인 필요,한국노총 서울본부 노동절 행사,노동현장,노동/직능행사,offline,노동자,manual_visual_review;address_review_required;노동현장;노동;직능행사;영등포구;오후;노동/직능행사,2,장소 의미는 있으나 직접 유세 장소성은 보조적인 일정임,True,True,오세훈0428.jpg
OH_0007,오세훈,2026-04-29,수,D-35,09:20,서대문구,신촌벤처스퀘어,확인 필요,[삶의질 특별시 서울] 1호 공약 현장발표,정책현장,공약발표,offline,일반시민,manual_visual_review;address_review_required;정책현장;공약발표;서대문구;오전,2,장소 의미는 있으나 직접 유세 장소성은 보조적인 일정임,True,True,오세훈0429.jpg
OH_0008,오세훈,2026-04-29,수,D-35,10:30,성동구,쌍리단길·생문시장,확인 필요,오세훈과 함께 걸어요 쌍리단길 생문시장,골목상권,지역상권방문,offline,상인,manual_visual_review;address_review_required;골목상권;지역상권방문;성동구;오전,3,오프라인 방문이며 장소명과 지역 맥락이 있어 장소 추천 정답으로 적합함,True,True,오세훈0429.jpg
OH_0009,오세훈,2026-04-29,수,D-35,14:00,중구,중구구민회관,확인 필요,중구성동구을 필승결의대회,직능단체,정당행사,offline,일반시민,manual_visual_review;address_review_required;직능단체;정당행사;중구;오후,2,장소 의미는 있으나 직접 유세 장소성은 보조적인 일정임,True,True,오세훈0429.jpg
OH_0010,오세훈,2026-04-29,수,D-35,15:00,광진구,광진구 필승결의대회장,확인 필요,광진구 필승결의대회,직능단체,정당행사,offline,일반시민,manual_visual_review;address_review_required;직능단체;정당행사;광진구;오후,2,장소 의미는 있으나 직접 유세 장소성은 보조적인 일정임,True,True,오세훈0429.jpg
OH_0011,오세훈,2026-04-30,목,D-34,09:00,중구,대한상공회의소,확인 필요,"2026 한국포럼 K-복지, 세계를 사로잡다",정책현장,토론회,offline,어르신,manual_visual_review;address_review_required;정책현장;토론회;중구;오전,2,장소 의미는 있으나 직접 유세 장소성은 보조적인 일정임,True,True,오세훈0430.jpg
OH_0012,오세훈,2026-04-30,목,D-34,10:00,영등포구,국회의원회관,확인 필요,국민의힘 서울시당 필승결의 및 공천자대회,캠프/정당,정당행사,offline,일반시민,manual_visual_review;address_review_required;캠프;정당;정당행사;영등포구;오전;캠프/정당,2,장소 의미는 있으나 직접 유세 장소성은 보조적인 일정임,True,True,오세훈0430.jpg
OH_0013,오세훈,2026-04-30,목,D-34,11:30,,서울직장인편,확인 필요,오세훈이 응원합니다 서울직장인편,방송/언론,메시지콘텐츠,online,일반시민,manual_visual_review;address_review_required;방송;언론;메시지콘텐츠;오전;방송/언론,1,장소 추천보다 메시지 또는 미디어 노출 평가에 가까운 일정임,False,True,오세훈0430.jpg
OH_0014,오세훈,2026-04-30,목,D-34,14:00,중구,정책 발표 현장,확인 필요,공약 발표 마을체육 회복 서울,정책현장,공약발표,offline,일반시민,manual_visual_review;address_review_required;정책현장;공약발표;중구;오후,2,장소 의미는 있으나 직접 유세 장소성은 보조적인 일정임,True,True,오세훈0430.jpg
OH_0015,오세훈,2026-04-30,목,D-34,16:00,서초구,서초구 필승결의대회장,확인 필요,서초구 필승결의대회,직능단체,정당행사,offline,일반시민,manual_visual_review;address_review_required;직능단체;정당행사;서초구;오후,2,장소 의미는 있으나 직접 유세 장소성은 보조적인 일정임,True,True,오세훈0430.jpg
OH_0016,오세훈,2026-05-01,금,D-33,11:40,종로구,서울배달라이더 현장,확인 필요,오세훈이 응원합니다 서울배달라이더,노동현장,현장방문,offline,노동자,manual_visual_review;address_review_required;노동현장;현장방문;종로구;오전,3,오프라인 방문이며 장소명과 지역 맥락이 있어 장소 추천 정답으로 적합함,True,True,오세훈0501.jpg
OH_0017,오세훈,2026-05-01,금,D-33,13:25,서대문구,서대문문화체육회관,확인 필요,서대문갑 필승결의대회,체육시설,정당행사,offline,일반시민,manual_visual_review;address_review_required;체육시설;정당행사;서대문구;오후,2,장소 의미는 있으나 직접 유세 장소성은 보조적인 일정임,True,True,오세훈0501.jpg
OH_0018,오세훈,2026-05-01,금,D-33,15:30,성동구,서울숲,확인 필요,공약발표 서울형 그린라이프,공원,공약발표,offline,일반시민,manual_visual_review;address_review_required;공원;공약발표;성동구;오후,2,장소 의미는 있으나 직접 유세 장소성은 보조적인 일정임,True,True,오세훈0501.jpg
OH_0019,오세훈,2026-05-01,금,D-33,15:50,성동구,서울숲,확인 필요,오세훈과 함께 걸어요 서울국제정원박람회,공원,거리인사,offline,일반시민,manual_visual_review;address_review_required;공원;거리인사;성동구;오후,3,오프라인 방문이며 장소명과 지역 맥락이 있어 장소 추천 정답으로 적합함,True,True,오세훈0501.jpg
OH_0020,오세훈,2026-05-01,금,D-33,16:30,성동구,서울숲 야외무대,확인 필요,서울국제정원박람회 개막식,공원,행사참석,offline,일반시민,manual_visual_review;address_review_required;공원;행사참석;성동구;오후,3,오프라인 방문이며 장소명과 지역 맥락이 있어 장소 추천 정답으로 적합함,True,True,오세훈0501.jpg
OH_0021,오세훈,2026-05-02,토,D-32,07:00,마포구,상암동 월드컵공원,확인 필요,2026 여성마라톤대회,체육시설,행사참석,offline,일반시민,manual_visual_review;address_review_required;체육시설;행사참석;마포구;오전,3,오프라인 방문이며 장소명과 지역 맥락이 있어 장소 추천 정답으로 적합함,True,True,오세훈0502.jpg
OH_0022,오세훈,2026-05-02,토,D-32,09:30,성북구,상경청년 자취방,확인 필요,월세 대란 현장 상경청년 자취방 방문,정책현장,현장방문,offline,청년,manual_visual_review;address_review_required;정책현장;현장방문;성북구;오전,3,오프라인 방문이며 장소명과 지역 맥락이 있어 장소 추천 정답으로 적합함,True,True,오세훈0502.jpg
OH_0023,오세훈,2026-05-02,토,D-32,11:00,은평구,은평을 필승결의대회장,확인 필요,은평을 필승결의대회,직능단체,정당행사,offline,일반시민,manual_visual_review;address_review_required;직능단체;정당행사;은평구;오전,2,장소 의미는 있으나 직접 유세 장소성은 보조적인 일정임,True,True,오세훈0502.jpg
OH_0024,오세훈,2026-05-02,토,D-32,14:00,강동구,강동구 필승결의대회장,확인 필요,강동구 필승결의대회,직능단체,정당행사,offline,일반시민,manual_visual_review;address_review_required;직능단체;정당행사;강동구;오후,2,장소 의미는 있으나 직접 유세 장소성은 보조적인 일정임,True,True,오세훈0502.jpg
OH_0025,오세훈,2026-05-02,토,D-32,15:20,서초구,서초갑 필승결의대회장,확인 필요,서초갑 필승결의대회,직능단체,정당행사,offline,일반시민,manual_visual_review;address_review_required;직능단체;정당행사;서초구;오후,2,장소 의미는 있으나 직접 유세 장소성은 보조적인 일정임,True,True,오세훈0502.jpg
OH_0026,오세훈,2026-05-02,토,D-32,16:30,마포구,마포구 필승결의대회장,확인 필요,마포구 필승결의대회,직능단체,정당행사,offline,일반시민,manual_visual_review;address_review_required;직능단체;정당행사;마포구;오후,2,장소 의미는 있으나 직접 유세 장소성은 보조적인 일정임,True,True,오세훈0502.jpg
OH_0027,오세훈,2026-05-03,일,D-31,08:30,용산구,효창운동장,확인 필요,서울특별시장기 축구대회 개회식,체육시설,행사참석,offline,상인,manual_visual_review;address_review_required;체육시설;행사참석;용산구;오전,3,오프라인 방문이며 장소명과 지역 맥락이 있어 장소 추천 정답으로 적합함,True,True,오세훈0503.jpg
OH_0028,오세훈,2026-05-03,일,D-31,11:00,종로구,시민동행선대위원장단 간담회장,확인 필요,삶의질특별시 서울 선대위 시민동행선대위원장단 간담회,직능단체,간담회,offline,일반시민,manual_visual_review;address_review_required;직능단체;간담회;종로구;오전,2,장소 의미는 있으나 직접 유세 장소성은 보조적인 일정임,True,True,오세훈0503.jpg
OH_0029,오세훈,2026-05-03,일,D-31,14:00,금천구,금천구 필승결의대회장,확인 필요,금천구 필승결의대회,직능단체,정당행사,offline,일반시민,manual_visual_review;address_review_required;직능단체;정당행사;금천구;오후,2,장소 의미는 있으나 직접 유세 장소성은 보조적인 일정임,True,True,오세훈0503.jpg
OH_0030,오세훈,2026-05-03,일,D-31,15:00,영등포구,영등포구 필승결의대회장,확인 필요,영등포구 필승결의대회,직능단체,정당행사,offline,일반시민,manual_visual_review;address_review_required;직능단체;정당행사;영등포구;오후,2,장소 의미는 있으나 직접 유세 장소성은 보조적인 일정임,True,True,오세훈0503.jpg
OH_0031,오세훈,2026-05-03,일,D-31,16:10,종로구,종로구 필승결의대회장,확인 필요,종로구 필승결의대회,직능단체,정당행사,offline,일반시민,manual_visual_review;address_review_required;직능단체;정당행사;종로구;오후,2,장소 의미는 있으나 직접 유세 장소성은 보조적인 일정임,True,True,오세훈0503.jpg
OH_0032,오세훈,2026-05-04,월,D-30,08:30,,YTN-R,확인 필요,YTN-R 장성철의 뉴스명당,방송/언론,방송출연,online,일반시민,manual_visual_review;address_review_required;방송;언론;방송출연;오전;방송/언론,1,장소 추천보다 메시지 또는 미디어 노출 평가에 가까운 일정임,False,True,오세훈0504.jpg
OH_0033,오세훈,2026-05-04,월,D-30,11:30,영등포구,국회,확인 필요,이재명 대통령 공소취소 특별법 저지를 위한 범야권 수도권단체장 긴급면담,정책현장,정책협약,offline,일반시민,manual_visual_review;address_review_required;정책현장;정책협약;영등포구;오전,2,장소 의미는 있으나 직접 유세 장소성은 보조적인 일정임,True,True,오세훈0504.jpg
OH_0034,오세훈,2026-05-04,월,D-30,14:00,구로구,온수역,확인 필요,온수역 역세권 활성화사업 현장 간담회,정책현장,현장방문,offline,직장인,manual_visual_review;address_review_required;정책현장;현장방문;구로구;오후,3,오프라인 방문이며 장소명과 지역 맥락이 있어 장소 추천 정답으로 적합함,True,True,오세훈0504.jpg
OH_0035,오세훈,2026-05-04,월,D-30,16:30,,KBS1,확인 필요,KBS1 사사건건,방송/언론,방송출연,online,일반시민,manual_visual_review;address_review_required;방송;언론;방송출연;오후;방송/언론,1,장소 추천보다 메시지 또는 미디어 노출 평가에 가까운 일정임,False,True,오세훈0504.jpg
OH_0036,오세훈,2026-05-05,화,D-29,09:20,중구,서울가족플라자,확인 필요,어린이 공약발표와 아이행복투어,정책현장,공약발표,offline,일반시민,manual_visual_review;address_review_required;정책현장;공약발표;중구;오전,2,장소 의미는 있으나 직접 유세 장소성은 보조적인 일정임,True,True,오세훈0505.jpg
OH_0037,오세훈,2026-05-05,화,D-29,11:00,영등포구,국회,확인 필요,국민의힘 공약단체장 후보 긴급 기자회견,정책현장,기자회견,offline,일반시민,manual_visual_review;address_review_required;정책현장;기자회견;영등포구;오전,2,장소 의미는 있으나 직접 유세 장소성은 보조적인 일정임,True,True,오세훈0505.jpg
OH_0038,오세훈,2026-05-05,화,D-29,13:30,중구,서울광장,확인 필요,아이행복투어 책임있는 서울광장,공원,행사참석,offline,일반시민,manual_visual_review;address_review_required;공원;행사참석;중구;오후,3,오프라인 방문이며 장소명과 지역 맥락이 있어 장소 추천 정답으로 적합함,True,True,오세훈0505.jpg
OH_0039,오세훈,2026-05-05,화,D-29,14:30,중구,DDP,확인 필요,아이행복투어 어린이 디자인 페스티벌,정책현장,행사참석,offline,일반시민,manual_visual_review;address_review_required;정책현장;행사참석;중구;오후,3,오프라인 방문이며 장소명과 지역 맥락이 있어 장소 추천 정답으로 적합함,True,True,오세훈0505.jpg
OH_0040,오세훈,2026-05-05,화,D-29,15:40,서초구,예술의전당,확인 필요,아이행복투어 서울스프링페스티벌,공원,행사참석,offline,일반시민,manual_visual_review;address_review_required;공원;행사참석;서초구;오후,3,오프라인 방문이며 장소명과 지역 맥락이 있어 장소 추천 정답으로 적합함,True,True,오세훈0505.jpg
OH_0041,오세훈,2026-05-06,수,D-28,06:40,성동구,마장동축산물시장,확인 필요,마장동축산물시장 현장방문,전통시장,지역상권방문,offline,상인,manual_visual_review;address_review_required;전통시장;지역상권방문;성동구;오전,3,오프라인 방문이며 장소명과 지역 맥락이 있어 장소 추천 정답으로 적합함,True,True,오세훈0506.jpg
OH_0042,오세훈,2026-05-06,수,D-28,10:30,중구,장충체육관,확인 필요,대한노인회 서울시연합회 어버이날 기념행사,복지시설,행사참석,offline,어르신,manual_visual_review;address_review_required;복지시설;행사참석;중구;오전,3,오프라인 방문이며 장소명과 지역 맥락이 있어 장소 추천 정답으로 적합함,True,True,오세훈0506.jpg
OH_0043,오세훈,2026-05-06,수,D-28,13:30,영등포구,국회,확인 필요,부동산지옥 시민대책회의 출정 기자회견,정책현장,기자회견,offline,일반시민,manual_visual_review;address_review_required;정책현장;기자회견;영등포구;오후,2,장소 의미는 있으나 직접 유세 장소성은 보조적인 일정임,True,True,오세훈0506.jpg
OH_0044,오세훈,2026-05-06,수,D-28,14:30,성동구,대림창고,확인 필요,부동산지옥 시민대책회의 1차회의 성동구편,정책현장,간담회,offline,일반시민,manual_visual_review;address_review_required;정책현장;간담회;성동구;오후,2,장소 의미는 있으나 직접 유세 장소성은 보조적인 일정임,True,True,오세훈0506.jpg
OH_0045,오세훈,2026-05-07,목,D-27,07:30,,불교방송 라디오,확인 필요,불교방송 라디오 금태섭의 아침저널,방송/언론,방송출연,online,일반시민,manual_visual_review;address_review_required;방송;언론;방송출연;오전;방송/언론,1,장소 추천보다 메시지 또는 미디어 노출 평가에 가까운 일정임,False,True,오세훈0507.jpg
OH_0046,오세훈,2026-05-07,목,D-27,08:30,중구,뉴스1 미래포럼,확인 필요,2026 뉴스1 미래포럼,정책현장,토론회,offline,일반시민,manual_visual_review;address_review_required;정책현장;토론회;중구;오전,2,장소 의미는 있으나 직접 유세 장소성은 보조적인 일정임,True,True,오세훈0507.jpg
OH_0047,오세훈,2026-05-07,목,D-27,10:00,영등포구,대림1구역 재개발 현장,확인 필요,영등포구 대림1구역 재개발 현장,재개발/도시개발현장,현장방문,offline,직장인;지역주민,manual_visual_review;address_review_required;재개발;도시개발현장;현장방문;영등포구;오전;재개발/도시개발현장,3,오프라인 방문이며 장소명과 지역 맥락이 있어 장소 추천 정답으로 적합함,True,True,오세훈0507.jpg
OH_0048,오세훈,2026-05-07,목,D-27,12:30,,YTN 뉴스NOW,확인 필요,YTN 뉴스NOW 출연,방송/언론,방송출연,online,일반시민,manual_visual_review;address_review_required;방송;언론;방송출연;오후;방송/언론,1,장소 추천보다 메시지 또는 미디어 노출 평가에 가까운 일정임,False,True,오세훈0507.jpg
OH_0049,오세훈,2026-05-07,목,D-27,14:00,광진구,부동산지옥 시민대책회의장,확인 필요,부동산지옥 2차 시민대책회의 기자회견 광진구,정책현장,기자회견,offline,일반시민,manual_visual_review;address_review_required;정책현장;기자회견;광진구;오후,2,장소 의미는 있으나 직접 유세 장소성은 보조적인 일정임,True,True,오세훈0507.jpg
OH_0050,오세훈,2026-05-07,목,D-27,15:00,광진구,구의2동 주택재개발 후보지,확인 필요,압도적 주택공급 구의2동 주택재개발사업 후보지 방문,재개발/도시개발현장,현장방문,offline,지역주민,manual_visual_review;address_review_required;재개발;도시개발현장;현장방문;광진구;오후;재개발/도시개발현장,3,오프라인 방문이며 장소명과 지역 맥락이 있어 장소 추천 정답으로 적합함,True,True,오세훈0507.jpg
OH_0051,오세훈,2026-05-08,금,D-26,09:10,서초구,돌봄 공약 발표 현장,확인 필요,아이와 부모 어르신까지 안심하는 서울 돌봄 공약 발표,정책현장,공약발표,offline,어르신,manual_visual_review;address_review_required;정책현장;공약발표;서초구;오전,2,장소 의미는 있으나 직접 유세 장소성은 보조적인 일정임,True,True,오세훈0508.jpg
OH_0052,오세훈,2026-05-08,금,D-26,10:30,중구,서울장애인종합복지관,확인 필요,서울장복 노인종합복지관 어버이날 기념식,복지시설,행사참석,offline,어르신,manual_visual_review;address_review_required;복지시설;행사참석;중구;오전,3,오프라인 방문이며 장소명과 지역 맥락이 있어 장소 추천 정답으로 적합함,True,True,오세훈0508.jpg
OH_0053,오세훈,2026-05-08,금,D-26,14:00,서대문구,가좌역광장,확인 필요,서대문구 어버이날 기념행사,공원,행사참석,offline,직장인,manual_visual_review;address_review_required;공원;행사참석;서대문구;오후,3,오프라인 방문이며 장소명과 지역 맥락이 있어 장소 추천 정답으로 적합함,True,True,오세훈0508.jpg
OH_0054,오세훈,2026-05-08,금,D-26,16:00,영등포구,서울시사회복지사협회,확인 필요,서울시사회복지사협회 정책간담회,복지시설,간담회,offline,어르신,manual_visual_review;address_review_required;복지시설;간담회;영등포구;오후,2,장소 의미는 있으나 직접 유세 장소성은 보조적인 일정임,True,True,오세훈0508.jpg
OH_0055,오세훈,2026-05-08,금,D-26,18:00,,CBS라디오,확인 필요,CBS라디오 박재홍의 한판승부,방송/언론,방송출연,online,일반시민,manual_visual_review;address_review_required;방송;언론;방송출연;저녁;방송/언론,1,장소 추천보다 메시지 또는 미디어 노출 평가에 가까운 일정임,False,True,오세훈0508.jpg
OH_0056,오세훈,2026-05-09,토,D-25,10:00,종로구,점핑업 캠프,확인 필요,공약발표 4050 맞춤형 종합지원,정책현장,공약발표,offline,일반시민,manual_visual_review;address_review_required;정책현장;공약발표;종로구;오전,2,장소 의미는 있으나 직접 유세 장소성은 보조적인 일정임,True,True,오세훈0509.jpg
OH_0057,오세훈,2026-05-09,토,D-25,11:00,종로구,점핑업 캠프,확인 필요,부동산지옥 지지를 위한 서울시장후보 구청장후보 연석회의,캠프/정당,간담회,offline,상인,manual_visual_review;address_review_required;캠프;정당;간담회;종로구;오전;캠프/정당,2,장소 의미는 있으나 직접 유세 장소성은 보조적인 일정임,True,True,오세훈0509.jpg
OH_0058,오세훈,2026-05-09,토,D-25,15:00,동대문구,청량리 경동시장 일대,확인 필요,오세훈과 함께 걸어요 청량리 경동시장 일대,전통시장,지역상권방문,offline,상인,manual_visual_review;address_review_required;전통시장;지역상권방문;동대문구;오후,3,오프라인 방문이며 장소명과 지역 맥락이 있어 장소 추천 정답으로 적합함,True,True,오세훈0509.jpg
OH_0059,오세훈,2026-05-10,일,D-24,11:00,종로구,점핑업 캠프,확인 필요,교통공약 발표 이동의 답답함을 풀어내는 서울 교통 대전환,정책현장,공약발표,offline,직장인,manual_visual_review;address_review_required;정책현장;공약발표;종로구;오전,2,장소 의미는 있으나 직접 유세 장소성은 보조적인 일정임,True,True,오세훈0510.jpg
OH_0060,오세훈,2026-05-10,일,D-24,12:00,성동구,문화복합공간,확인 필요,오세훈이 응원합니다 청년창업가,정책현장,간담회,offline,청년,manual_visual_review;address_review_required;정책현장;간담회;성동구;오후,2,장소 의미는 있으나 직접 유세 장소성은 보조적인 일정임,True,True,오세훈0510.jpg
OH_0061,오세훈,2026-05-11,월,D-23,11:00,중구,MBN미디어센터,확인 필요,한국방송기자클럽 초청 토론회,방송/언론,토론회,hybrid,일반시민,manual_visual_review;address_review_required;방송;언론;토론회;중구;오전;방송/언론,1,장소 추천보다 메시지 또는 미디어 노출 평가에 가까운 일정임,False,True,오세훈0511.jpg
OH_0062,오세훈,2026-05-11,월,D-23,14:20,구로구,고척1동 이동약자 현장,확인 필요,고지대 이동약자 현장 방문,정책현장,현장방문,offline,일반시민,manual_visual_review;address_review_required;정책현장;현장방문;구로구;오후,3,오프라인 방문이며 장소명과 지역 맥락이 있어 장소 추천 정답으로 적합함,True,True,오세훈0511.jpg
OH_0063,오세훈,2026-05-11,월,D-23,15:00,구로구,부동산지옥 시민대책회의장,확인 필요,부동산지옥 시민대책회의 기자회견 구로구,정책현장,기자회견,offline,일반시민,manual_visual_review;address_review_required;정책현장;기자회견;구로구;오후,2,장소 의미는 있으나 직접 유세 장소성은 보조적인 일정임,True,True,오세훈0511.jpg
OH_0064,오세훈,2026-05-11,월,D-23,16:30,종로구,점핑업 캠프,확인 필요,한국도시방재학회 정책간담회,직능단체,간담회,offline,일반시민,manual_visual_review;address_review_required;직능단체;간담회;종로구;오후,2,장소 의미는 있으나 직접 유세 장소성은 보조적인 일정임,True,True,오세훈0511.jpg
OH_0065,오세훈,2026-05-12,화,D-22,10:00,종로구,광화문광장 감사의정원,확인 필요,감사의 정원 준공식,공원,행사참석,offline,일반시민,manual_visual_review;address_review_required;공원;행사참석;종로구;오전,3,오프라인 방문이며 장소명과 지역 맥락이 있어 장소 추천 정답으로 적합함,True,True,오세훈0512.jpg
OH_0066,오세훈,2026-05-12,화,D-22,11:30,영등포구,국회의원회관,확인 필요,서울시당 선대위 발대식 및 서울시장 선대위 후보 연석회의,캠프/정당,정당행사,offline,상인,manual_visual_review;address_review_required;캠프;정당;정당행사;영등포구;오전;캠프/정당,2,장소 의미는 있으나 직접 유세 장소성은 보조적인 일정임,True,True,오세훈0512.jpg
OH_0067,오세훈,2026-05-12,화,D-22,14:00,중구,서울시청,확인 필요,약자와의 동행 공약발표,정책현장,공약발표,offline,일반시민,manual_visual_review;address_review_required;정책현장;공약발표;중구;오후,2,장소 의미는 있으나 직접 유세 장소성은 보조적인 일정임,True,True,오세훈0512.jpg
OH_0068,오세훈,2026-05-12,화,D-22,16:00,종로구,점핑업 캠프,확인 필요,서울비대위 정책간담회,직능단체,간담회,offline,일반시민,manual_visual_review;address_review_required;직능단체;간담회;종로구;오후,2,장소 의미는 있으나 직접 유세 장소성은 보조적인 일정임,True,True,오세훈0512.jpg
OH_0069,오세훈,2026-05-13,수,D-21,07:35,,SBS라디오,확인 필요,SBS 라디오 김태현의 정치쇼,방송/언론,방송출연,online,일반시민,manual_visual_review;address_review_required;방송;언론;방송출연;오전;방송/언론,1,장소 추천보다 메시지 또는 미디어 노출 평가에 가까운 일정임,False,True,오세훈0513.jpg
OH_0070,오세훈,2026-05-13,수,D-21,10:00,종로구,점핑업 캠프,확인 필요,소상공인 공약발표,정책현장,공약발표,offline,상인,manual_visual_review;address_review_required;정책현장;공약발표;종로구;오전,2,장소 의미는 있으나 직접 유세 장소성은 보조적인 일정임,True,True,오세훈0513.jpg
OH_0071,오세훈,2026-05-13,수,D-21,11:00,종로구,조계종 총무원,확인 필요,조계종 총무원장 예방,종교시설,종교행사,offline,일반시민,manual_visual_review;address_review_required;종교시설;종교행사;종로구;오전,2,장소 의미는 있으나 직접 유세 장소성은 보조적인 일정임,True,True,오세훈0513.jpg
OH_0072,오세훈,2026-05-13,수,D-21,13:00,강동구,부동산지옥 시민대책회의장,확인 필요,부동산지옥 시민대책회의 기자회견 강동구,정책현장,기자회견,offline,일반시민,manual_visual_review;address_review_required;정책현장;기자회견;강동구;오후,2,장소 의미는 있으나 직접 유세 장소성은 보조적인 일정임,True,True,오세훈0513.jpg
OH_0073,오세훈,2026-05-13,수,D-21,15:30,종로구,점핑업 캠프,확인 필요,서울특별시 소상공인연합회 정책간담회,직능단체,간담회,offline,상인,manual_visual_review;address_review_required;직능단체;간담회;종로구;오후,2,장소 의미는 있으나 직접 유세 장소성은 보조적인 일정임,True,True,오세훈0513.jpg
OH_0074,오세훈,2026-05-14,목,D-20,09:30,중구,서울시청 신청사,확인 필요,6.3 지방선거 대국민 호소 기자회견,정책현장,기자회견,offline,일반시민,manual_visual_review;address_review_required;정책현장;기자회견;중구;오전,2,장소 의미는 있으나 직접 유세 장소성은 보조적인 일정임,True,True,오세훈0514.jpg
OH_0075,오세훈,2026-05-14,목,D-20,11:00,종로구,점핑업 캠프,확인 필요,우종민 전 국회의원 접견,캠프/정당,내부/정당행사,offline,일반시민,manual_visual_review;address_review_required;캠프;정당;내부;정당행사;종로구;오전;캠프/정당;내부/정당행사,0,장소 정보가 부족하거나 온라인/내부 일정으로 장소 추천 평가에서 제외함,False,False,오세훈0514.jpg
OH_0076,오세훈,2026-05-14,목,D-20,14:00,중구,한국프레스센터,확인 필요,서울시장 후보 초청 한국신문방송편집인협회 포럼,방송/언론,토론회,offline,상인,manual_visual_review;address_review_required;방송;언론;토론회;중구;오후;방송/언론,2,장소 의미는 있으나 직접 유세 장소성은 보조적인 일정임,True,True,오세훈0514.jpg
OH_0077,오세훈,2026-05-14,목,D-20,16:40,중구,주거시장 정책간담회장,확인 필요,서울시장 후보자 주거시장 정책간담회,정책현장,간담회,offline,상인;지역주민,manual_visual_review;address_review_required;정책현장;간담회;중구;오후,2,장소 의미는 있으나 직접 유세 장소성은 보조적인 일정임,True,True,오세훈0514.jpg
OH_0078,오세훈,2026-05-14,목,D-20,17:30,종로구,점핑업 캠프,확인 필요,서울특별시 어린이집연합회 정책간담회,직능단체,간담회,offline,일반시민,manual_visual_review;address_review_required;직능단체;간담회;종로구;오후,2,장소 의미는 있으나 직접 유세 장소성은 보조적인 일정임,True,True,오세훈0514.jpg
OH_0079,오세훈,2026-05-15,금,D-19,09:00,영등포구,한국노총 서울지역본부,확인 필요,한국노총 서울지역본부 정책간담회,노동현장,간담회,offline,노동자;직장인,manual_visual_review;address_review_required;노동현장;간담회;영등포구;오전,2,장소 의미는 있으나 직접 유세 장소성은 보조적인 일정임,True,True,오세훈0515.jpg
OH_0080,오세훈,2026-05-15,금,D-19,10:00,중구,청계천,확인 필요,이명박 전 대통령 청계천 환담,정책현장,현장방문,offline,일반시민,manual_visual_review;address_review_required;정책현장;현장방문;중구;오전,2,장소 의미는 있으나 직접 유세 장소성은 보조적인 일정임,True,True,오세훈0515.jpg
OH_0081,오세훈,2026-05-15,금,D-19,11:00,중구,문화공약 발표 현장,확인 필요,문화공약 발표 및 서울문화예술상징위원회 출범식,정책현장,공약발표,offline,일반시민,manual_visual_review;address_review_required;정책현장;공약발표;중구;오전,2,장소 의미는 있으나 직접 유세 장소성은 보조적인 일정임,True,True,오세훈0515.jpg
OH_0082,오세훈,2026-05-15,금,D-19,14:00,송파구,부동산지옥 시민대책회의장,확인 필요,부동산지옥 시민대책회의 송파구,정책현장,간담회,offline,일반시민,manual_visual_review;address_review_required;정책현장;간담회;송파구;오후,2,장소 의미는 있으나 직접 유세 장소성은 보조적인 일정임,True,True,오세훈0515.jpg
OH_0083,오세훈,2026-05-15,금,D-19,15:00,송파구,잠실 MICE 현장,확인 필요,잠실 MICE 현장방문,정책현장,현장방문,offline,일반시민,manual_visual_review;address_review_required;정책현장;현장방문;송파구;오후,3,오프라인 방문이며 장소명과 지역 맥락이 있어 장소 추천 정답으로 적합함,True,True,오세훈0515.jpg
OH_0084,오세훈,2026-05-15,금,D-19,16:00,강남구,부동산지옥 시민대책회의장,확인 필요,부동산지옥 시민대책회의 강남구,정책현장,간담회,offline,일반시민,manual_visual_review;address_review_required;정책현장;간담회;강남구;오후,2,장소 의미는 있으나 직접 유세 장소성은 보조적인 일정임,True,True,오세훈0515.jpg
OH_0085,오세훈,2026-05-15,금,D-19,17:00,서초구,부동산지옥 시민대책회의장,확인 필요,부동산지옥 시민대책회의 서초구,정책현장,간담회,offline,일반시민,manual_visual_review;address_review_required;정책현장;간담회;서초구;오후,2,장소 의미는 있으나 직접 유세 장소성은 보조적인 일정임,True,True,오세훈0515.jpg
OH_0086,오세훈,2026-05-16,토,D-18,08:30,노원구,공릉동,확인 필요,오세훈 이준석이 함께 응원합니다 청년의 꿈,정책현장,거리인사,offline,청년,manual_visual_review;address_review_required;정책현장;거리인사;노원구;오전,3,오프라인 방문이며 장소명과 지역 맥락이 있어 장소 추천 정답으로 적합함,True,True,오세훈0516.jpg
OH_0087,오세훈,2026-05-16,토,D-18,10:00,송파구,잠실보조경기장,확인 필요,2026 서울시민체육대축전,체육시설,행사참석,offline,일반시민,manual_visual_review;address_review_required;체육시설;행사참석;송파구;오전,3,오프라인 방문이며 장소명과 지역 맥락이 있어 장소 추천 정답으로 적합함,True,True,오세훈0516.jpg
OH_0088,오세훈,2026-05-16,토,D-18,13:00,동작구,부동산지옥 시민대책회의장,확인 필요,부동산지옥 시민대책회의 동작구을,정책현장,간담회,offline,일반시민,manual_visual_review;address_review_required;정책현장;간담회;동작구;오후,2,장소 의미는 있으나 직접 유세 장소성은 보조적인 일정임,True,True,오세훈0516.jpg
OH_0089,오세훈,2026-05-16,토,D-18,13:40,동작구,부동산지옥 시민대책회의장,확인 필요,부동산지옥 시민대책회의 동작갑,정책현장,간담회,offline,일반시민,manual_visual_review;address_review_required;정책현장;간담회;동작구;오후,2,장소 의미는 있으나 직접 유세 장소성은 보조적인 일정임,True,True,오세훈0516.jpg
OH_0090,오세훈,2026-05-16,토,D-18,14:30,동작구,원불교 서울교구,확인 필요,하단원 모경종 원불교 서울교구장 예방,종교시설,종교행사,offline,일반시민,manual_visual_review;address_review_required;종교시설;종교행사;동작구;오후,2,장소 의미는 있으나 직접 유세 장소성은 보조적인 일정임,True,True,오세훈0516.jpg
OH_0091,오세훈,2026-05-17,일,D-17,09:40,종로구,점핑업 캠프,확인 필요,공약발표 부모찬스 대신 서울찬스로 내집 마련,정책현장,공약발표,offline,일반시민,manual_visual_review;address_review_required;정책현장;공약발표;종로구;오전,2,장소 의미는 있으나 직접 유세 장소성은 보조적인 일정임,True,True,오세훈0517.jpg
OH_0092,오세훈,2026-05-17,일,D-17,11:00,중랑구,금란교회,확인 필요,금란교회 주일예배,종교시설,종교행사,offline,일반시민,manual_visual_review;address_review_required;종교시설;종교행사;중랑구;오전,2,장소 의미는 있으나 직접 유세 장소성은 보조적인 일정임,True,True,오세훈0517.jpg
OH_0093,오세훈,2026-05-17,일,D-17,13:00,중랑구,중랑 서울장미축제,확인 필요,오세훈과 함께 걸어요 중랑 서울장미축제,공원,거리인사,offline,일반시민,manual_visual_review;address_review_required;공원;거리인사;중랑구;오후,3,오프라인 방문이며 장소명과 지역 맥락이 있어 장소 추천 정답으로 적합함,True,True,오세훈0517.jpg
OH_0094,오세훈,2026-05-17,일,D-17,15:00,용산구,수도권재건축재개발연합회,확인 필요,수도권재건축재개발연합회 정책간담회,재개발/도시개발현장,간담회,offline,지역주민,manual_visual_review;address_review_required;재개발;도시개발현장;간담회;용산구;오후;재개발/도시개발현장,2,장소 의미는 있으나 직접 유세 장소성은 보조적인 일정임,True,True,오세훈0517.jpg
OH_0095,오세훈,2026-05-18,월,D-16,08:30,,채널A,확인 필요,채널A 정치시그널 출연,방송/언론,방송출연,online,일반시민,manual_visual_review;address_review_required;방송;언론;방송출연;오전;방송/언론,1,장소 추천보다 메시지 또는 미디어 노출 평가에 가까운 일정임,False,True,오세훈0518.jpg
OH_0096,오세훈,2026-05-18,월,D-16,10:00,서울 외,국립5.18민주묘지,확인 필요,5.18 민주화운동 제46주년 서울기념식,추모/상징공간,추모행사,offline,일반시민,manual_visual_review;address_review_required;추모;상징공간;추모행사;서울 외;오전;추모/상징공간,2,장소 의미는 있으나 직접 유세 장소성은 보조적인 일정임,True,True,오세훈0518.jpg
OH_0097,오세훈,2026-05-18,월,D-16,11:30,영등포구,서울 청년취업사관학교,확인 필요,서울 청년취업사관학교 방문,정책현장,현장방문,offline,청년,manual_visual_review;address_review_required;정책현장;현장방문;영등포구;오전,3,오프라인 방문이며 장소명과 지역 맥락이 있어 장소 추천 정답으로 적합함,True,True,오세훈0518.jpg
OH_0098,오세훈,2026-05-18,월,D-16,12:20,영등포구,서울시 창업지원시설,확인 필요,서울시 창업지원시설 입주 청년 간담회,정책현장,간담회,offline,청년,manual_visual_review;address_review_required;정책현장;간담회;영등포구;오후,3,오프라인 방문이며 장소명과 지역 맥락이 있어 장소 추천 정답으로 적합함,True,True,오세훈0518.jpg
OH_0099,오세훈,2026-05-18,월,D-16,14:00,영등포구,국회의원회관,확인 필요,부동산정책 세미나,정책현장,토론회,offline,일반시민,manual_visual_review;address_review_required;정책현장;토론회;영등포구;오후,2,장소 의미는 있으나 직접 유세 장소성은 보조적인 일정임,True,True,오세훈0518.jpg
OH_0100,오세훈,2026-05-18,월,D-16,15:00,양천구,부동산지옥 시민대책회의장,확인 필요,부동산지옥 시민대책회의 양천구,정책현장,간담회,offline,일반시민,manual_visual_review;address_review_required;정책현장;간담회;양천구;오후,2,장소 의미는 있으나 직접 유세 장소성은 보조적인 일정임,True,True,오세훈0518.jpg
OH_0101,오세훈,2026-05-19,화,D-15,09:00,종로구,점핑업 캠프,확인 필요,서울시 장애인단체 정책간담회,복지시설,간담회,offline,어르신,manual_visual_review;address_review_required;복지시설;간담회;종로구;오전,2,장소 의미는 있으나 직접 유세 장소성은 보조적인 일정임,True,True,오세훈0519.jpg
OH_0102,오세훈,2026-05-19,화,D-15,10:00,종로구,창신동쪽방촌 온기창고,확인 필요,창신동쪽방촌 온기창고 1일 매니저,복지시설,현장방문,offline,어르신,manual_visual_review;address_review_required;복지시설;현장방문;종로구;오전,3,오프라인 방문이며 장소명과 지역 맥락이 있어 장소 추천 정답으로 적합함,True,True,오세훈0519.jpg
OH_0103,오세훈,2026-05-19,화,D-15,10:30,종로구,창신동 문구완구거리,확인 필요,오세훈과 함께 걸어요 창신동 문구완구거리,골목상권,지역상권방문,offline,상인,manual_visual_review;address_review_required;골목상권;지역상권방문;종로구;오전,3,오프라인 방문이며 장소명과 지역 맥락이 있어 장소 추천 정답으로 적합함,True,True,오세훈0519.jpg
OH_0104,오세훈,2026-05-19,화,D-15,14:00,종로구,관광공약 발표 현장,확인 필요,관광공약 발표 4계절 365일 매력이 넘치는 도파민 특별시,정책현장,공약발표,offline,일반시민,manual_visual_review;address_review_required;정책현장;공약발표;종로구;오후,2,장소 의미는 있으나 직접 유세 장소성은 보조적인 일정임,True,True,오세훈0519.jpg
OH_0105,오세훈,2026-05-20,수,D-14,09:00,중구,한국프레스센터,확인 필요,서울시장 후보 초청 관훈토론회,방송/언론,토론회,offline,상인,manual_visual_review;address_review_required;방송;언론;토론회;중구;오전;방송/언론,2,장소 의미는 있으나 직접 유세 장소성은 보조적인 일정임,True,True,오세훈0520.jpg
OH_0106,오세훈,2026-05-20,수,D-14,11:10,송파구,교통회관,확인 필요,서울특별시 개인택시운송사업조합 창립기념식,교통거점,직능행사,offline,직장인,manual_visual_review;address_review_required;교통거점;직능행사;송파구;오전,2,장소 의미는 있으나 직접 유세 장소성은 보조적인 일정임,True,True,오세훈0520.jpg
OH_0107,오세훈,2026-05-20,수,D-14,11:40,송파구,교통회관,확인 필요,교통회관 회원사 간담회,교통거점,간담회,offline,직장인,manual_visual_review;address_review_required;교통거점;간담회;송파구;오전,2,장소 의미는 있으나 직접 유세 장소성은 보조적인 일정임,True,True,오세훈0520.jpg
OH_0108,오세훈,2026-05-20,수,D-14,14:00,강동구,저출생 공약발표 현장,확인 필요,저출생 공약발표 만남의 설렘부터 아이의 웃음까지 서울이 함께합니다,정책현장,공약발표,offline,일반시민,manual_visual_review;address_review_required;정책현장;공약발표;강동구;오후,2,장소 의미는 있으나 직접 유세 장소성은 보조적인 일정임,True,True,오세훈0520.jpg
OH_0109,오세훈,2026-05-21,목,D-13,09:30,강북구,수유역,확인 필요,출근 대시민 메시지,교통거점,출근인사,offline,직장인,manual_visual_review;address_review_required;교통거점;출근인사;강북구;오전,3,오프라인 방문이며 장소명과 지역 맥락이 있어 장소 추천 정답으로 적합함,True,True,오세훈0521.jpg
OH_0110,오세훈,2026-05-21,목,D-13,10:00,강북구,삼양사거리,확인 필요,삼양사거리 유세,교통거점,거리유세,offline,직장인,manual_visual_review;address_review_required;교통거점;거리유세;강북구;오전,3,오프라인 방문이며 장소명과 지역 맥락이 있어 장소 추천 정답으로 적합함,True,True,오세훈0521.jpg
OH_0111,오세훈,2026-05-21,목,D-13,11:00,서대문구,인왕시장,확인 필요,인왕시장 순회,전통시장,지역상권방문,offline,상인,manual_visual_review;address_review_required;전통시장;지역상권방문;서대문구;오전,3,오프라인 방문이며 장소명과 지역 맥락이 있어 장소 추천 정답으로 적합함,True,True,오세훈0521.jpg
OH_0112,오세훈,2026-05-21,목,D-13,11:30,서대문구,국민은행 홍제동점,확인 필요,국민은행 홍제동점 유세,교통거점,거리유세,offline,직장인,manual_visual_review;address_review_required;교통거점;거리유세;서대문구;오전,3,오프라인 방문이며 장소명과 지역 맥락이 있어 장소 추천 정답으로 적합함,True,True,오세훈0521.jpg
OH_0113,오세훈,2026-05-21,목,D-13,13:00,영등포구,우리시장,확인 필요,우리시장 순회,전통시장,지역상권방문,offline,상인,manual_visual_review;address_review_required;전통시장;지역상권방문;영등포구;오후,3,오프라인 방문이며 장소명과 지역 맥락이 있어 장소 추천 정답으로 적합함,True,True,오세훈0521.jpg
OH_0114,오세훈,2026-05-21,목,D-13,14:10,구로구,베다니교회 앞,확인 필요,베다니교회 앞 유세,교통거점,거리유세,offline,직장인,manual_visual_review;address_review_required;교통거점;거리유세;구로구;오후,3,오프라인 방문이며 장소명과 지역 맥락이 있어 장소 추천 정답으로 적합함,True,True,오세훈0521.jpg
OH_0115,오세훈,2026-05-21,목,D-13,15:30,성북구,성신여대입구,확인 필요,성신여대입구 순회,교통거점,거리인사,offline,직장인,manual_visual_review;address_review_required;교통거점;거리인사;성북구;오후,3,오프라인 방문이며 장소명과 지역 맥락이 있어 장소 추천 정답으로 적합함,True,True,오세훈0521.jpg
OH_0116,오세훈,2026-05-21,목,D-13,17:30,동대문구,경동시장,확인 필요,경동시장 순회,전통시장,지역상권방문,offline,상인,manual_visual_review;address_review_required;전통시장;지역상권방문;동대문구;오후,3,오프라인 방문이며 장소명과 지역 맥락이 있어 장소 추천 정답으로 적합함,True,True,오세훈0521.jpg
OH_0117,오세훈,2026-05-21,목,D-13,18:00,동대문구,청량리역사거리,확인 필요,청량리역사거리 유세,교통거점,거리유세,offline,직장인,manual_visual_review;address_review_required;교통거점;거리유세;동대문구;저녁,3,오프라인 방문이며 장소명과 지역 맥락이 있어 장소 추천 정답으로 적합함,True,True,오세훈0521.jpg
OH_0118,오세훈,2026-05-21,목,D-13,20:00,강남구,강남역,확인 필요,강남역 순회,교통거점,거리인사,offline,직장인,manual_visual_review;address_review_required;교통거점;거리인사;강남구;저녁,3,오프라인 방문이며 장소명과 지역 맥락이 있어 장소 추천 정답으로 적합함,True,True,오세훈0521.jpg
OH_0119,오세훈,2026-05-22,금,D-12,07:30,동작구,보라매공원,확인 필요,보라매공원 아침인사,공원,출근인사,offline,일반시민,manual_visual_review;address_review_required;공원;출근인사;동작구;오전,3,오프라인 방문이며 장소명과 지역 맥락이 있어 장소 추천 정답으로 적합함,True,True,오세훈0522.jpg
OH_0120,오세훈,2026-05-22,금,D-12,10:00,광진구,능동어린이대공원,확인 필요,대시민 메시지 능동어린이대공원,공원,현장방문,offline,일반시민,manual_visual_review;address_review_required;공원;현장방문;광진구;오전,3,오프라인 방문이며 장소명과 지역 맥락이 있어 장소 추천 정답으로 적합함,True,True,오세훈0522.jpg
OH_0121,오세훈,2026-05-22,금,D-12,10:30,광진구,건대입구 롯데백화점 앞,확인 필요,건대입구 롯데백화점 앞 유세,교통거점,거리유세,offline,직장인,manual_visual_review;address_review_required;교통거점;거리유세;광진구;오전,3,오프라인 방문이며 장소명과 지역 맥락이 있어 장소 추천 정답으로 적합함,True,True,오세훈0522.jpg
OH_0122,오세훈,2026-05-22,금,D-12,11:30,성동구,뚝도시장,확인 필요,뚝도시장 순회,전통시장,지역상권방문,offline,상인,manual_visual_review;address_review_required;전통시장;지역상권방문;성동구;오전,3,오프라인 방문이며 장소명과 지역 맥락이 있어 장소 추천 정답으로 적합함,True,True,오세훈0522.jpg
OH_0123,오세훈,2026-05-22,금,D-12,11:50,성동구,성수역 사거리,확인 필요,성수역 사거리 유세,교통거점,거리유세,offline,직장인,manual_visual_review;address_review_required;교통거점;거리유세;성동구;오전,3,오프라인 방문이며 장소명과 지역 맥락이 있어 장소 추천 정답으로 적합함,True,True,오세훈0522.jpg
OH_0124,오세훈,2026-05-22,금,D-12,12:20,성동구,성수역 일대,확인 필요,성수역 일대 순회,교통거점,거리인사,offline,직장인,manual_visual_review;address_review_required;교통거점;거리인사;성동구;오후,3,오프라인 방문이며 장소명과 지역 맥락이 있어 장소 추천 정답으로 적합함,True,True,오세훈0522.jpg
OH_0125,오세훈,2026-05-22,금,D-12,14:00,용산구,용문전통시장,확인 필요,용문전통시장 순회,전통시장,지역상권방문,offline,상인,manual_visual_review;address_review_required;전통시장;지역상권방문;용산구;오후,3,오프라인 방문이며 장소명과 지역 맥락이 있어 장소 추천 정답으로 적합함,True,True,오세훈0522.jpg
OH_0126,오세훈,2026-05-22,금,D-12,15:00,동작구,남성시장,확인 필요,남성시장 순회,전통시장,지역상권방문,offline,상인,manual_visual_review;address_review_required;전통시장;지역상권방문;동작구;오후,3,오프라인 방문이며 장소명과 지역 맥락이 있어 장소 추천 정답으로 적합함,True,True,오세훈0522.jpg
OH_0127,오세훈,2026-05-22,금,D-12,15:30,동작구,이수역 14번 출구,확인 필요,이수역 14번 출구 유세,교통거점,거리유세,offline,직장인,manual_visual_review;address_review_required;교통거점;거리유세;동작구;오후,3,오프라인 방문이며 장소명과 지역 맥락이 있어 장소 추천 정답으로 적합함,True,True,오세훈0522.jpg
OH_0128,오세훈,2026-05-22,금,D-12,17:30,영등포구,영등포 지하상가,확인 필요,영등포 지하상가 순회,골목상권,지역상권방문,offline,상인,manual_visual_review;address_review_required;골목상권;지역상권방문;영등포구;오후,3,오프라인 방문이며 장소명과 지역 맥락이 있어 장소 추천 정답으로 적합함,True,True,오세훈0522.jpg
OH_0129,오세훈,2026-05-22,금,D-12,19:00,마포구,홍대상상마당,확인 필요,홍대상상마당 유세,교통거점,거리유세,offline,직장인,manual_visual_review;address_review_required;교통거점;거리유세;마포구;저녁,3,오프라인 방문이며 장소명과 지역 맥락이 있어 장소 추천 정답으로 적합함,True,True,오세훈0522.jpg
OH_0130,오세훈,2026-05-22,금,D-12,20:30,은평구,은평구,확인 필요,은평구 순회,교통거점,거리인사,offline,직장인,manual_visual_review;address_review_required;교통거점;거리인사;은평구;저녁,0,장소 정보가 부족하거나 온라인/내부 일정으로 장소 추천 평가에서 제외함,False,False,오세훈0522.jpg
OH_0131,오세훈,2026-05-24,일,D-10,08:00,성북구,길상사,확인 필요,길상사 방문,종교시설,종교행사,offline,일반시민,manual_visual_review;address_review_required;종교시설;종교행사;성북구;오전,2,장소 의미는 있으나 직접 유세 장소성은 보조적인 일정임,True,True,오세훈0524.jpg
OH_0132,오세훈,2026-05-24,일,D-10,09:40,종로구,조계사,확인 필요,부처님오신날 봉축법요식,종교시설,종교행사,offline,일반시민,manual_visual_review;address_review_required;종교시설;종교행사;종로구;오전,2,장소 의미는 있으나 직접 유세 장소성은 보조적인 일정임,True,True,오세훈0524.jpg
OH_0133,오세훈,2026-05-24,일,D-10,11:30,서대문구,통일사,확인 필요,통일사 방문,종교시설,종교행사,offline,일반시민,manual_visual_review;address_review_required;종교시설;종교행사;서대문구;오전,2,장소 의미는 있으나 직접 유세 장소성은 보조적인 일정임,True,True,오세훈0524.jpg
OH_0134,오세훈,2026-05-24,일,D-10,15:00,중구,돈화문 사거리,확인 필요,돈화문 사거리 유세,교통거점,거리유세,offline,직장인,manual_visual_review;address_review_required;교통거점;거리유세;중구;오후,3,오프라인 방문이며 장소명과 지역 맥락이 있어 장소 추천 정답으로 적합함,True,True,오세훈0524.jpg
OH_0135,오세훈,2026-05-24,일,D-10,16:30,중랑구,동원시장,확인 필요,동원시장 순회 및 면목역광장 유세,전통시장,지역상권방문,offline,상인;직장인,manual_visual_review;address_review_required;전통시장;지역상권방문;중랑구;오후,3,오프라인 방문이며 장소명과 지역 맥락이 있어 장소 추천 정답으로 적합함,True,True,오세훈0524.jpg
OH_0136,오세훈,2026-05-24,일,D-10,18:00,강남구,봉은사,확인 필요,봉은사 방문,종교시설,종교행사,offline,일반시민,manual_visual_review;address_review_required;종교시설;종교행사;강남구;저녁,2,장소 의미는 있으나 직접 유세 장소성은 보조적인 일정임,True,True,오세훈0524.jpg
OH_0137,오세훈,2026-05-24,일,D-10,20:00,서초구,잠수교,확인 필요,오세훈과 함께 걸어요 잠수교 뚜벅뚜벅 축제,공원,거리인사,offline,일반시민,manual_visual_review;address_review_required;공원;거리인사;서초구;저녁,3,오프라인 방문이며 장소명과 지역 맥락이 있어 장소 추천 정답으로 적합함,True,True,오세훈0524.jpg
OH_0138,오세훈,2026-05-25,월,D-9,08:20,관악구,서울농산관,확인 필요,서울농산관 지역유세,교통거점,거리유세,offline,직장인,manual_visual_review;address_review_required;교통거점;거리유세;관악구;오전,3,오프라인 방문이며 장소명과 지역 맥락이 있어 장소 추천 정답으로 적합함,True,True,오세훈0525.jpg
OH_0139,오세훈,2026-05-25,월,D-9,10:00,도봉구,도봉산 입구,확인 필요,도봉산 입구 순회,공원,거리인사,offline,일반시민,manual_visual_review;address_review_required;공원;거리인사;도봉구;오전,3,오프라인 방문이며 장소명과 지역 맥락이 있어 장소 추천 정답으로 적합함,True,True,오세훈0525.jpg
OH_0140,오세훈,2026-05-25,월,D-9,10:30,도봉구,방학역,확인 필요,쌍문·방학역 앞 유세,교통거점,거리유세,offline,직장인,manual_visual_review;address_review_required;교통거점;거리유세;도봉구;오전,3,오프라인 방문이며 장소명과 지역 맥락이 있어 장소 추천 정답으로 적합함,True,True,오세훈0525.jpg
OH_0141,오세훈,2026-05-25,월,D-9,11:30,노원구,경춘선 숲길,확인 필요,경춘선 숲길 순회,공원,거리인사,offline,일반시민,manual_visual_review;address_review_required;공원;거리인사;노원구;오전,3,오프라인 방문이며 장소명과 지역 맥락이 있어 장소 추천 정답으로 적합함,True,True,오세훈0525.jpg
OH_0142,오세훈,2026-05-25,월,D-9,14:00,중구,백학시장,확인 필요,백학시장 순회,전통시장,지역상권방문,offline,상인,manual_visual_review;address_review_required;전통시장;지역상권방문;중구;오후,3,오프라인 방문이며 장소명과 지역 맥락이 있어 장소 추천 정답으로 적합함,True,True,오세훈0525.jpg
OH_0143,오세훈,2026-05-25,월,D-9,14:30,중구,신당역,확인 필요,신당역 유세,교통거점,거리유세,offline,직장인,manual_visual_review;address_review_required;교통거점;거리유세;중구;오후,3,오프라인 방문이며 장소명과 지역 맥락이 있어 장소 추천 정답으로 적합함,True,True,오세훈0525.jpg
OH_0144,오세훈,2026-05-25,월,D-9,15:30,광진구,어린이대공원,확인 필요,어린이대공원 복합문화공간 방문,공원,현장방문,offline,일반시민,manual_visual_review;address_review_required;공원;현장방문;광진구;오후,3,오프라인 방문이며 장소명과 지역 맥락이 있어 장소 추천 정답으로 적합함,True,True,오세훈0525.jpg
OH_0145,오세훈,2026-05-25,월,D-9,17:00,강남구,수서역 만남의 광장,확인 필요,수서역 만남의 광장 유세,교통거점,거리유세,offline,직장인,manual_visual_review;address_review_required;교통거점;거리유세;강남구;오후,3,오프라인 방문이며 장소명과 지역 맥락이 있어 장소 추천 정답으로 적합함,True,True,오세훈0525.jpg
OH_0146,오세훈,2026-05-25,월,D-9,17:40,강남구,개포동 시장,확인 필요,개포동 시장 순회,전통시장,지역상권방문,offline,상인,manual_visual_review;address_review_required;전통시장;지역상권방문;강남구;오후,3,오프라인 방문이며 장소명과 지역 맥락이 있어 장소 추천 정답으로 적합함,True,True,오세훈0525.jpg
OH_0147,오세훈,2026-05-25,월,D-9,19:30,성동구,성수동 골목상권,확인 필요,성수동 건설현장 골목상권 순회,골목상권,지역상권방문,offline,상인,manual_visual_review;address_review_required;골목상권;지역상권방문;성동구;저녁,3,오프라인 방문이며 장소명과 지역 맥락이 있어 장소 추천 정답으로 적합함,True,True,오세훈0525.jpg
