gold_id,candidate_name,date,day_of_week,d_day,time,district,place_name,address,event_title,place_type,campaign_activity_type,online_offline,target_voter_group,context_tags,gold_label_0_3,gold_label_reason,use_for_place_recommendation,use_for_message_recommendation,source_image,time_slot,normalized_place_key,is_strong_positive
GWON_006,정원오,2026-03-10,화,D-85,17:40,중구,황학시장 입구,확인 필요,"""지역방문"" 하나씩 중구 착착!",전통시장,지역상권방문,오프라인,상인;지역주민;생활권 유권자,전통시장;지역상권방문;저녁;중구;지역상권;생활밀착,3,오프라인 방문이며 장소성과 지역 유권자 접촉 가능성이 높아 장소 추천 정답으로 적합함,TRUE,TRUE,정원오20260310.jpg,afternoon,황학시장입구,True
GWON_009,정원오,2026-03-11,수,D-84,15:10,영등포구,영등포전통시장 남문,서울 영등포구 영등포동5가,하나씩 영등포 착착!,전통시장,지역상권방문,오프라인,상인;지역주민;생활권 유권자,전통시장;지역상권방문;오후;영등포구;지역상권;생활밀착,3,오프라인 방문이며 장소성과 지역 유권자 접촉 가능성이 높아 장소 추천 정답으로 적합함,TRUE,TRUE,정원오20260311.jpg,afternoon,영등포전통시장남문,True
GWON_010,정원오,2026-03-11,수,D-84,16:20,영등포구,대림중앙시장,대림역 12번출구,하나씩 영등포 착착!,전통시장,지역상권방문,오프라인,상인;지역주민;생활권 유권자,전통시장;지역상권방문;오후;영등포구;지역상권;생활밀착,3,오프라인 방문이며 장소성과 지역 유권자 접촉 가능성이 높아 장소 추천 정답으로 적합함,TRUE,TRUE,정원오20260311.jpg,afternoon,대림중앙시장,True
GWON_015,정원오,2026-03-12,목,D-83,16:00,강서구,방신전통시장,서울특별시 강서구 방화동로16길 31 방신전통시장 입구,하나씩 강서 착착 - 방신전통시장,전통시장,지역상권방문,오프라인,상인;지역주민;생활권 유권자,전통시장;지역상권방문;오후;강서구;지역상권;생활밀착,3,오프라인 방문이며 장소성과 지역 유권자 접촉 가능성이 높아 장소 추천 정답으로 적합함,TRUE,TRUE,정원오20260312.jpg,afternoon,방신전통시장,True
GWON_016,정원오,2026-03-12,목,D-83,17:25,강서구,남부골목시장,서울특별시 강서구 화곡동 943-7 남부골목시장,하나씩 강서 착착 - 남부골목시장,골목상권,지역상권방문,오프라인,상인;지역주민;생활권 유권자,골목상권;지역상권방문;저녁;강서구;지역상권;생활밀착,3,오프라인 방문이며 장소성과 지역 유권자 접촉 가능성이 높아 장소 추천 정답으로 적합함,TRUE,TRUE,정원오20260312.jpg,afternoon,남부골목시장,True
GWON_017,정원오,2026-03-13,금,D-82,14:10,노원구,상계중앙시장,서울특별시 노원구 상계로 147,하나씩 노원 착착 - 상계중앙시장,전통시장,지역상권방문,오프라인,상인;지역주민;생활권 유권자,전통시장;지역상권방문;오후;노원구;지역상권;생활밀착,3,오프라인 방문이며 장소성과 지역 유권자 접촉 가능성이 높아 장소 추천 정답으로 적합함,TRUE,TRUE,정원오20260313.jpg,afternoon,상계중앙시장,True
GWON_018,정원오,2026-03-13,금,D-82,14:50,노원구,구립수락노인종합복지관,서울특별시 노원구 수락산로 214,하나씩 노원 착착 - 구립수락노인종합복지관,복지시설,복지현장방문,오프라인,노년층;복지수요자;지역주민,복지시설;복지현장방문;오후;노원구;복지;노년층,3,오프라인 방문이며 장소성과 지역 유권자 접촉 가능성이 높아 장소 추천 정답으로 적합함,TRUE,TRUE,정원오20260313.jpg,afternoon,구립수락노인종합복지관,True
GWON_019,정원오,2026-03-13,금,D-82,15:30,노원구,공릉도깨비시장,서울특별시 노원구 동일로 1032,하나씩 노원 착착 - 공릉도깨비시장,전통시장,지역상권방문,오프라인,상인;지역주민;생활권 유권자,전통시장;지역상권방문;오후;노원구;지역상권;생활밀착,3,오프라인 방문이며 장소성과 지역 유권자 접촉 가능성이 높아 장소 추천 정답으로 적합함,TRUE,TRUE,정원오20260313.jpg,afternoon,공릉도깨비시장,True
GWON_021,정원오,2026-03-16,월,D-79,13:00,구로구,남구로시장,서울시 구로구 구로동로 138,하나씩 구로 착착 - 남구로시장,전통시장,지역상권방문,오프라인,상인;지역주민;생활권 유권자,전통시장;지역상권방문;오후;구로구;지역상권;생활밀착,3,오프라인 방문이며 장소성과 지역 유권자 접촉 가능성이 높아 장소 추천 정답으로 적합함,TRUE,TRUE,정원오20260316.jpg,afternoon,남구로시장,True
GWON_022,정원오,2026-03-16,월,D-79,14:00,구로구,궁동종합사회복지관,서울시 구로구 오리로22길 5,하나씩 구로 착착 - 궁동종합사회복지관,복지시설,복지현장방문,오프라인,노년층;복지수요자;지역주민,복지시설;복지현장방문;오후;구로구;복지;노년층,3,오프라인 방문이며 장소성과 지역 유권자 접촉 가능성이 높아 장소 추천 정답으로 적합함,TRUE,TRUE,정원오20260316.jpg,afternoon,궁동종합사회복지관,True
GWON_025,정원오,2026-03-17,화,D-78,14:00,마포구,"망원시장, 월드컵시장",서울시 마포구 월드컵로 13길 64,"하나씩 마포 착착 - 망원시장, 월드컵시장",전통시장,지역상권방문,오프라인,상인;지역주민;생활권 유권자,전통시장;지역상권방문;오후;마포구;지역상권;생활밀착,3,오프라인 방문이며 장소성과 지역 유권자 접촉 가능성이 높아 장소 추천 정답으로 적합함,TRUE,TRUE,정원오20260317.jpg,afternoon,망원시장월드컵시장,True
GWON_026,정원오,2026-03-19,목,D-76,10:00,송파구,잠실학생체육관,송파구 올림픽로 25,2026 서울시 환경공무관 한마음 축제,체육시설,체육행사,오프라인,생활체육 참여자;지역주민;일반시민,체육시설;체육행사;오전;송파구,3,오프라인 방문이며 장소성과 지역 유권자 접촉 가능성이 높아 장소 추천 정답으로 적합함,TRUE,TRUE,정원오20260319.jpg,morning,잠실학생체육관,True
GWON_031,정원오,2026-03-24,화,D-71,17:00,광화문,세종대로 사거리 광화문 광장,세종대로 사거리 광화문 광장,퇴근인사,교통거점,퇴근인사,오프라인,직장인;퇴근길 유권자;일반시민,교통거점;퇴근인사;저녁;광화문;퇴근시간,3,오프라인 방문이며 장소성과 지역 유권자 접촉 가능성이 높아 장소 추천 정답으로 적합함,TRUE,TRUE,정원오20260324.jpg,afternoon,세종대로사거리광화문광장,True
GWON_032,정원오,2026-03-24,화,D-71,17:40,종로구,세종마을 음식문화거리,세종마을 음식문화거리,골목상권 방문,골목상권,지역상권방문,오프라인,상인;지역주민;생활권 유권자,골목상권;지역상권방문;저녁;종로구;지역상권;생활밀착,3,오프라인 방문이며 장소성과 지역 유권자 접촉 가능성이 높아 장소 추천 정답으로 적합함,TRUE,TRUE,정원오20260324.jpg,afternoon,세종마을음식문화거리,True
GWON_034,정원오,2026-03-25,수,D-70,17:20,광진구,중곡제일골목시장,서울특별시 광진구 중곡동 221-16,하나씩 광진 착착 - 중곡제일골목시장,골목상권,지역상권방문,오프라인,상인;지역주민;생활권 유권자,골목상권;지역상권방문;저녁;광진구;지역상권;생활밀착,3,오프라인 방문이며 장소성과 지역 유권자 접촉 가능성이 높아 장소 추천 정답으로 적합함,TRUE,TRUE,정원오20260325.jpg,afternoon,중곡제일골목시장,True
GWON_035,정원오,2026-03-25,수,D-70,18:15,광진구,건대 맛의거리,서울특별시 광진구 동일로22길,하나씩 광진 착착 - 건대 맛의거리,골목상권,지역상권방문,오프라인,상인;지역주민;생활권 유권자,골목상권;지역상권방문;저녁;광진구;지역상권;생활밀착,3,오프라인 방문이며 장소성과 지역 유권자 접촉 가능성이 높아 장소 추천 정답으로 적합함,TRUE,TRUE,정원오20260325.jpg,evening,건대맛의거리,True
GWON_037,정원오,2026-03-26,목,D-69,16:00,관악구,도림천,서울특별시 관악구 남부순환로 1588,하나씩 관악 착착 - 도림천 방문인사,공원,방문인사,오프라인,지역주민;가족단위;일반시민,공원;방문인사;오후;관악구,3,오프라인 방문이며 장소성과 지역 유권자 접촉 가능성이 높아 장소 추천 정답으로 적합함,TRUE,TRUE,정원오20260326.jpg,afternoon,도림천,True
GWON_038,정원오,2026-03-26,목,D-69,16:15,관악구,신원시장,서울특별시 관악구 신원로 21,하나씩 관악 착착 - 신원시장 방문인사,전통시장,지역상권방문,오프라인,상인;지역주민;생활권 유권자,전통시장;지역상권방문;오후;관악구;지역상권;생활밀착,3,오프라인 방문이며 장소성과 지역 유권자 접촉 가능성이 높아 장소 추천 정답으로 적합함,TRUE,TRUE,정원오20260326.jpg,afternoon,신원시장,True
GWON_041,정원오,2026-03-28,토,D-67,12:50,성동구,응봉산 팔각정,응봉산 팔각정,응봉산 방문인사,공원,방문인사,오프라인,지역주민;가족단위;일반시민,공원;방문인사;오후;성동구,3,오프라인 방문이며 장소성과 지역 유권자 접촉 가능성이 높아 장소 추천 정답으로 적합함,TRUE,TRUE,정원오20260328.jpg,afternoon,응봉산팔각정,True
GWON_045,정원오,2026-03-30,월,D-65,11:00,동작구,노량진수산시장,서울특별시 동작구 노들로2길 3,노량진수산시장 방문인사,전통시장,지역상권방문,오프라인,상인;지역주민;생활권 유권자,전통시장;지역상권방문;오전;동작구;지역상권;생활밀착,3,오프라인 방문이며 장소성과 지역 유권자 접촉 가능성이 높아 장소 추천 정답으로 적합함,TRUE,TRUE,정원오20260330.jpg,morning,노량진수산시장,True
GWON_046,정원오,2026-03-31,화,D-64,11:30,동대문구,장안동 벚꽃길,장안벚꽃길북카페 - 동대문구 장안벚꽃로 132,장안동 벚꽃길 거리인사,공원,거리인사,오프라인,지역주민;가족단위;일반시민,공원;거리인사;오전;동대문구,3,오프라인 방문이며 장소성과 지역 유권자 접촉 가능성이 높아 장소 추천 정답으로 적합함,TRUE,TRUE,정원오20260331.jpg,morning,장안동벚꽃길,True
GWON_048,정원오,2026-04-02,목,D-62,16:00,양천구,파리공원,서울특별시 양천구 목동동로 363,양천 하나씩 착착 - 파리공원,공원,방문인사,오프라인,지역주민;가족단위;일반시민,공원;방문인사;오후;양천구,3,오프라인 방문이며 장소성과 지역 유권자 접촉 가능성이 높아 장소 추천 정답으로 적합함,TRUE,TRUE,정원오20260402.jpg,afternoon,파리공원,True
GWON_052,정원오,2026-04-04,토,D-60,10:00,노원구,마들스포츠타운,마들스포츠타운,노원구민체육대회,체육시설,체육행사,오프라인,생활체육 참여자;지역주민;일반시민,체육시설;체육행사;오전;노원구,3,오프라인 방문이며 장소성과 지역 유권자 접촉 가능성이 높아 장소 추천 정답으로 적합함,TRUE,TRUE,정원오20260404.jpg,morning,마들스포츠타운,True
GWON_054,정원오,2026-04-05,일,D-59,17:40,양천구,양재천 수변무대 일대,양재천 수변무대 일대,양재천 벚꽃 등축제 방문인사,공원,방문인사,오프라인,지역주민;가족단위;일반시민,공원;방문인사;저녁;양천구,3,오프라인 방문이며 장소성과 지역 유권자 접촉 가능성이 높아 장소 추천 정답으로 적합함,TRUE,TRUE,정원오20260405.jpg,afternoon,양재천수변무대일대,True
GWON2_003,정원오,2026-04-06,월,D-58,16:30,강북구,수유시장,서울특별시 강북구 도봉로67길 34,강북 하나씩 착착 - 수유시장 방문인사,전통시장,방문인사,오프라인,"상인,지역주민","전통시장,지역상권,방문인사,오후",3,실제 오프라인 방문이며 장소성과 지역 유권자 접촉 가능성이 높아 장소 추천 평가의 강한 정답으로 적합하다.,TRUE,TRUE,정원오20260406.jpg,afternoon,수유시장,True
GWON2_004,정원오,2026-04-06,월,D-58,18:00,성북구,성북천 상점가,서울특별시 성북구 동소문로 2,성북 하나씩 착착 - (갑)성북천 상점가,골목상권,지역상권방문,오프라인,"상인,지역주민,직장인","골목상권,상점가,퇴근시간,지역상권",3,실제 오프라인 방문이며 장소성과 지역 유권자 접촉 가능성이 높아 장소 추천 평가의 강한 정답으로 적합하다.,TRUE,TRUE,정원오20260406.jpg,evening,성북천상점가,True
GWON2_008,정원오,2026-04-07,화,D-57,15:40,동작구,남성사계시장,동작구 동작대로 129,동작 하나씩 착착 - (을) 남성사계시장,전통시장,지역상권방문,오프라인,"상인,지역주민","전통시장,지역상권,오후",3,실제 오프라인 방문이며 장소성과 지역 유권자 접촉 가능성이 높아 장소 추천 평가의 강한 정답으로 적합하다.,TRUE,TRUE,정원오20260407.jpg,afternoon,남성사계시장,True
GWON2_009,정원오,2026-04-07,화,D-57,16:40,동작구,성대전통시장,동작구 성대로 14,동작 하나씩 착착 - (갑) 성대전통시장,전통시장,지역상권방문,오프라인,"상인,지역주민","전통시장,지역상권,오후",3,실제 오프라인 방문이며 장소성과 지역 유권자 접촉 가능성이 높아 장소 추천 평가의 강한 정답으로 적합하다.,TRUE,TRUE,정원오20260407.jpg,afternoon,성대전통시장,True
GWON2_013,정원오,2026-04-08,수,D-56,17:00,서대문구,영천시장,서대문구 영천동 268-5,서대문 하나씩 착착 - (갑) 영천시장,전통시장,지역상권방문,오프라인,"상인,지역주민,직장인","전통시장,지역상권,퇴근시간",3,실제 오프라인 방문이며 장소성과 지역 유권자 접촉 가능성이 높아 장소 추천 평가의 강한 정답으로 적합하다.,TRUE,TRUE,정원오20260408.jpg,afternoon,영천시장,True
GWON2_014,정원오,2026-04-08,수,D-56,17:55,서대문구,홍제천 인공폭포,서대문구 홍은동 431,서대문 하나씩 착착 - (을) 홍제천 인공폭포,공원,방문인사,오프라인,"지역주민,일반시민","공원,하천,퇴근시간,지역주민",3,실제 오프라인 방문이며 장소성과 지역 유권자 접촉 가능성이 높아 장소 추천 평가의 강한 정답으로 적합하다.,TRUE,TRUE,정원오20260408.jpg,afternoon,홍제천인공폭포,True
GWON2_017,정원오,2026-04-09,목,D-55,15:00,중랑구,동원시장,서울특별시 중랑구 상봉로 49 (동원전통시장 동측 입구),중랑 하나씩 착착! - 중랑(갑) 동원시장,전통시장,지역상권방문,오프라인,"상인,지역주민","전통시장,지역상권,오후",3,실제 오프라인 방문이며 장소성과 지역 유권자 접촉 가능성이 높아 장소 추천 평가의 강한 정답으로 적합하다.,TRUE,TRUE,정원오20260409.jpg,afternoon,동원시장,True
GWON2_018,정원오,2026-04-09,목,D-55,15:50,중랑구,우림시장,서울특별시 중랑구 용마산로115길 47 (우림시장 입구),중랑 하나씩 착착! - 중랑(을) 우림시장,전통시장,지역상권방문,오프라인,"상인,지역주민","전통시장,지역상권,오후",3,실제 오프라인 방문이며 장소성과 지역 유권자 접촉 가능성이 높아 장소 추천 평가의 강한 정답으로 적합하다.,TRUE,TRUE,정원오20260409.jpg,afternoon,우림시장,True
GWON2_027,정원오,2026-04-15,수,D-49,10:55,종로구,북촌의 봄,서울 종로구 북촌로3길 75-4,정원오가 간다: 찾아가는 서울人터뷰,골목상권,현장방문,오프라인,"지역주민,일반시민","인터뷰,현장방문,지역주민,오전",3,실제 오프라인 방문이며 장소성과 지역 유권자 접촉 가능성이 높아 장소 추천 평가의 강한 정답으로 적합하다.,TRUE,TRUE,정원오20260415.jpg,morning,북촌의봄,True
GWON2_031,정원오,2026-04-17,금,D-47,07:30,송파구,가락몰 농수산물시장,서울 송파구 양재대로 932,정원오의 찾아가는 현장: 가락농수산물시장편,전통시장,현장방문,오프라인,"상인,지역주민","전통시장,농수산물시장,상인,오전",3,실제 오프라인 방문이며 장소성과 지역 유권자 접촉 가능성이 높아 장소 추천 평가의 강한 정답으로 적합하다.,TRUE,TRUE,정원오20260417.jpg,morning,가락몰농수산물시장,True
GWON2_035,정원오,2026-04-17,금,D-47,15:30,강동구,명일동 싱크홀 현장,서울 강동구 통일로 807,정원오의 찾아가는 현장: 강동구편① - 명일동 싱크홀 사고지점,정책현장,현장방문,오프라인,"지역주민,일반시민","현장방문,안전,지역현안,오후",3,실제 오프라인 방문이며 장소성과 지역 유권자 접촉 가능성이 높아 장소 추천 평가의 강한 정답으로 적합하다.,TRUE,TRUE,정원오20260417.jpg,afternoon,명일동싱크홀현장,True
GWON2_036,정원오,2026-04-17,금,D-47,16:00,강동구,고덕비즈밸리,서울 강동구 고덕비즈밸리로 38,정원오의 찾아가는 현장: 강동구편② - 고덕비즈밸리,정책현장,현장방문,오프라인,"직장인,지역주민","현장방문,산업,직장인,오후",3,실제 오프라인 방문이며 장소성과 지역 유권자 접촉 가능성이 높아 장소 추천 평가의 강한 정답으로 적합하다.,TRUE,TRUE,정원오20260417.jpg,afternoon,고덕비즈밸리,True
GWON2_037,정원오,2026-04-17,금,D-47,16:35,강동구,고덕비즈밸리역 공사현장,서울 강동구 아리수로 279 맞은편,정원오의 찾아가는 현장: 강동구편③ - 고덕비즈밸리역 공사현장,교통거점,현장방문,오프라인,"직장인,지역주민","교통,공사현장,현장방문,오후",3,실제 오프라인 방문이며 장소성과 지역 유권자 접촉 가능성이 높아 장소 추천 평가의 강한 정답으로 적합하다.,TRUE,TRUE,정원오20260417.jpg,afternoon,고덕비즈밸리역공사현장,True
GWON2_038,정원오,2026-04-19,일,D-45,14:40,노원구,불암산철쭉동산,서울 노원구 한글비석로 326,2026 불암산 철쭉제 방문,공원,방문인사,오프라인,"지역주민,일반시민","공원,축제,주말,지역주민",3,실제 오프라인 방문이며 장소성과 지역 유권자 접촉 가능성이 높아 장소 추천 평가의 강한 정답으로 적합하다.,TRUE,TRUE,정원오20260419.jpg,afternoon,불암산철쭉동산,True
GWON2_046,정원오,2026-04-22,수,D-42,18:00,은평구,불광천,은평구 증산로 476,은평 하나씩 착착!,공원,거리인사,오프라인,"지역주민,직장인,일반시민","하천,퇴근시간,거리인사,지역주민",3,실제 오프라인 방문이며 장소성과 지역 유권자 접촉 가능성이 높아 장소 추천 평가의 강한 정답으로 적합하다.,TRUE,TRUE,정원오20260422.jpg,evening,불광천,True
GWON2_050,정원오,2026-04-24,금,D-40,14:45,성동구,아지오 성수점,"성동구 왕십리로 63, D24-1",아지오 성수점 오픈세레모니 꿈꾸는 아지오,골목상권,방문인사,오프라인,"상인,지역주민,장애인","골목상권,오픈세레모니,사회적가치,오후",3,실제 오프라인 방문이며 장소성과 지역 유권자 접촉 가능성이 높아 장소 추천 평가의 강한 정답으로 적합하다.,TRUE,TRUE,정원오20260424.jpg,afternoon,아지오성수점,True
GWON2_051,정원오,2026-04-24,금,D-40,16:50,성동구,금남시장,성동구 금호산2길 29-2,성동 하나씩 착착!,전통시장,지역상권방문,오프라인,"상인,지역주민","전통시장,지역상권,오후",3,실제 오프라인 방문이며 장소성과 지역 유권자 접촉 가능성이 높아 장소 추천 평가의 강한 정답으로 적합하다.,TRUE,TRUE,정원오20260424.jpg,afternoon,금남시장,True
GWON2_052,정원오,2026-04-25,토,D-39,09:00,서초구,잠수대교 남단,서초구 반포동 649-1,정원오의 찾아가는 현장: 러닝편,공원,체육행사,오프라인,"체육인,일반시민,지역주민","러닝,체육,주말,한강,오전",3,실제 오프라인 방문이며 장소성과 지역 유권자 접촉 가능성이 높아 장소 추천 평가의 강한 정답으로 적합하다.,TRUE,TRUE,정원오20260425.jpg,morning,잠수대교남단,True
GWON2_053,정원오,2026-04-25,토,D-39,11:40,중구,남대문시장,중구 남대문시장2길 12 (망고커피 앞),중구 하나씩 착착!,전통시장,지역상권방문,오프라인,"상인,지역주민,관광객","전통시장,지역상권,주말,오전",3,실제 오프라인 방문이며 장소성과 지역 유권자 접촉 가능성이 높아 장소 추천 평가의 강한 정답으로 적합하다.,TRUE,TRUE,정원오20260425.jpg,morning,남대문시장,True
GWON2_055,정원오,2026-04-26,일,D-38,11:55,영등포구,광야홈리스복지센터,영등포구 경인로100길 3,배식봉사 및 오찬,복지시설,복지현장방문,오프라인,"노년층,취약계층,지역주민","복지,봉사,오찬,주말",3,실제 오프라인 방문이며 장소성과 지역 유권자 접촉 가능성이 높아 장소 추천 평가의 강한 정답으로 적합하다.,TRUE,TRUE,정원오20260426.jpg,morning,광야홈리스복지센터,True
GWON2_056,정원오,2026-04-27,월,D-37,10:20,서초구,광수약국,"서초구 서초중앙로 42, 블루핀타워 107호",정원오의 찾아가는 현장: 약국편,정책현장,현장방문,오프라인,"일반시민,지역주민","약국,민생,현장방문,오전",3,실제 오프라인 방문이며 장소성과 지역 유권자 접촉 가능성이 높아 장소 추천 평가의 강한 정답으로 적합하다.,TRUE,TRUE,정원오20260427.jpg,morning,광수약국,True
GWON2_057,정원오,2026-04-27,월,D-37,11:00,서초구,서울고속버스터미널 지하상가,서초구 신반포로 189,서초 하나씩 착착!,골목상권,지역상권방문,오프라인,"상인,지역주민,이동인구","지하상가,교통거점,지역상권,오전",3,실제 오프라인 방문이며 장소성과 지역 유권자 접촉 가능성이 높아 장소 추천 평가의 강한 정답으로 적합하다.,TRUE,TRUE,정원오20260427.jpg,morning,서울고속버스터미널지하상가,True
GWON3_001,정원오,2026-04-29,수,D-35,10:50,성북구,장위14주택재개발구역,성북구 장위로 44,정원오의 찾아가는 현장 : 재개발편,재개발/도시개발현장,현장방문,오프라인,지역주민,"재개발,주거,현장방문,오전",3,재개발 현장을 직접 방문한 오프라인 일정으로 지역 현장성과 장소성이 명확하다.,TRUE,TRUE,정원오20260429.jpg,morning,장위14주택재개발구역,True
GWON3_003,정원오,2026-04-29,수,D-35,12:00,성북구,정릉공영차고지,성북구 보국문로 145,정원오의 찾아가는 현장 : 정릉공영차고지 편,교통거점,현장방문,오프라인,"지역주민,직장인","교통,차고지,현장방문,생활현장",3,교통 관련 생활 현장을 직접 방문한 일정으로 장소 추천 평가에 활용 가능하다.,TRUE,TRUE,정원오20260429.jpg,afternoon,정릉공영차고지,True
GWON3_005,정원오,2026-04-30,목,D-34,05:00,양천구,신정차량사업소,양천구 목동동로3길 41,정원오의 찾아가는 현장 : 새벽을 여는 노동자편(지하철),노동현장,현장방문,오프라인,"노동자,직장인","노동,교통,새벽,현장방문",3,새벽 노동 현장을 직접 방문한 일정으로 현장성과 유권자 접촉 가능성이 높다.,TRUE,TRUE,정원오20260430.jpg,morning,신정차량사업소,True
GWON3_006,정원오,2026-04-30,목,D-34,05:40,양천구,양천공영차고지,양천구 신정로7길 17,정원오의 찾아가는 현장 : 새벽을 여는 노동자편(버스),노동현장,현장방문,오프라인,"노동자,직장인","노동,버스,새벽,현장방문",3,버스 노동 현장을 직접 방문한 일정으로 장소성과 현장성이 뚜렷하다.,TRUE,TRUE,정원오20260430.jpg,morning,양천공영차고지,True
GWON3_012,정원오,2026-04-30,목,D-34,15:00,금천구,금천 현대시장,금천구 금하로 631,금천 하나씩 착착!,전통시장,지역상권방문,오프라인,"상인,지역주민","전통시장,상권,지역방문,오후",3,전통시장 방문으로 지역 유권자·상인 접촉 가능성이 높아 강한 정답이다.,TRUE,TRUE,정원오20260430.jpg,afternoon,금천현대시장,True
GWON3_014,정원오,2026-05-01,금,D-33,14:00,마포구,여의도공원 10번 출구,여의도공원 10번 출구,"제136주년 세계노동절 기념 한국노총 전국노동자대회 더찾은 노동절, 더 큰 전진으로! 한국노총!",노동현장,기념행사,오프라인,"노동자,일반시민","노동절,노동,집회,기념행사",3,대규모 노동자대회 현장 방문으로 유권자 접촉 가능성과 장소성이 높다.,TRUE,TRUE,정원오20260501.jpg,afternoon,여의도공원10번출구,True
GWON3_015,정원오,2026-05-02,토,D-32,07:00,마포구,마포구 월드컵로 251,마포구 월드컵로 251,제26회 여성마라톤,체육시설,체육행사,오프라인,"여성,체육인,일반시민","체육행사,여성,주말,오전",3,대중 참여 체육행사로 현장 접촉 가능성이 높아 장소 추천 정답으로 적합하다.,TRUE,TRUE,정원오20260502.jpg,morning,마포구월드컵로251,True
GWON3_016,정원오,2026-05-02,토,D-32,10:00,동대문구,밥퍼나눔운동본부,동대문구 황물로 8,밥퍼나눔운동본부,복지시설,복지현장방문,오프라인,"노년층,취약계층,지역주민","복지,나눔,현장방문",3,복지 현장을 직접 방문한 일정으로 장소성과 사회정책 메시지가 명확하다.,TRUE,TRUE,정원오20260502.jpg,morning,밥퍼나눔운동본부,True
GWON3_018,정원오,2026-05-03,일,D-31,08:30,용산구,효창운동장,용산구 효창원로 177-15,제44회 서울특별시장기 축구대회 개회식,체육시설,체육행사,오프라인,"체육인,지역주민","체육행사,축구,개회식",3,체육대회 개회식은 지역 생활체육인 접촉 가능성이 높은 오프라인 현장이다.,TRUE,TRUE,정원오20260503.jpg,morning,효창운동장,True
GWON3_024,정원오,2026-05-04,월,D-30,14:30,영등포구,한국거래소,영등포구 여의나루로 76,정원오의 찾아가는 현장 : 금융편,정책현장,현장방문,오프라인,"직장인,금융업 종사자","금융,현장방문,직장인",3,금융 현장을 직접 방문한 일정으로 직장인 접촉 및 정책 현장성이 명확하다.,TRUE,TRUE,정원오20260504.jpg,afternoon,한국거래소,True
GWON3_025,정원오,2026-05-05,화,D-29,11:00,광진구,서울어린이대공원,아차산역 3번 출구,2026 서울어린이정원 페스티벌,어린이/가족시설,기념행사,오프라인,"가족/어린이,일반시민","어린이날,가족,축제,공원",3,어린이날 가족 행사로 대중 접촉 가능성이 높아 강한 장소 추천 정답이다.,TRUE,TRUE,정원오20260505.jpg,morning,서울어린이대공원,True
GWON3_026,정원오,2026-05-05,화,D-29,13:00,송파구,잠실종합운동장,송파구 올림픽로 19-2,정원오의 찾아가는 현장 : 잠실야구장편,체육시설,현장방문,오프라인,"가족/어린이,체육인,일반시민","야구장,체육시설,어린이날,현장방문",3,대중이 모이는 체육시설 방문으로 장소성과 접촉 가능성이 높다.,TRUE,TRUE,정원오20260505.jpg,afternoon,잠실종합운동장,True
GWON3_028,정원오,2026-05-06,수,D-28,10:40,중구,장충체육관,중구 동호로 241,대한노인회 서울시연합회 제54회 어버이날 기념행사,복지시설,기념행사,오프라인,"노년층,일반시민","어버이날,노년층,기념행사,복지",3,어버이날 기념행사는 노년층 접촉 가능성이 높은 오프라인 현장이다.,TRUE,TRUE,정원오20260506.jpg,morning,장충체육관,True
GWON3_036,정원오,2026-05-07,목,D-27,16:00,송파구,송파 거여새마을지구 공공재개발 현장,송파구 오금로 528,정원오의 찾아가는 현장⑩ : 송파 거여새마을지구 공공재개발 현장,재개발/도시개발현장,현장방문,오프라인,지역주민,"재개발,주거,현장방문,송파",3,재개발 현장 방문으로 지역 현장성과 장소 추천 활용성이 높다.,TRUE,TRUE,정원오20260507.jpg,afternoon,송파거여새마을지구공공재개발현장,True
GWON3_037,정원오,2026-05-07,목,D-27,17:00,송파구,새마을전통시장,송파구 석촌호수로 78,송파 하나씩 착착! 새마을전통시장,전통시장,지역상권방문,오프라인,"상인,지역주민","전통시장,상권,송파,오후",3,전통시장 방문은 지역 유권자와 상인 접촉 가능성이 높은 강한 정답이다.,TRUE,TRUE,정원오20260507.jpg,afternoon,새마을전통시장,True
GWON3_040,정원오,2026-05-08,금,D-26,15:00,강남구,개포우성7차아파트 1015~105동 사이,강남구 개포로110길 15,정원오의 찾아가는 현장⑪ : 강남 재건축편,재개발/도시개발현장,현장방문,오프라인,지역주민,"재건축,주거,현장방문,강남",3,재건축 생활 현장을 직접 방문한 일정으로 지역 현장성이 높다.,TRUE,TRUE,정원오20260508.jpg,afternoon,개포우성7차아파트1015105동사이,True
GWON3_042,정원오,2026-05-09,토,D-25,11:45,영등포구,샛강생태공원,영등포구 여의동로 48 윤중초교 앞 삼거리,정원오의 찾아가는 현장⑫ : 샛강생태공원편,공원,현장방문,오프라인,"지역주민,일반시민","공원,생태,현장방문,주말",3,공원 현장 방문은 대중 접촉 가능성이 높고 장소성이 명확하다.,TRUE,TRUE,정원오20260509.jpg,morning,샛강생태공원,True
GWON3_043,정원오,2026-05-09,토,D-25,13:30,영등포구,여의도공원 3동 무궁화화장실 앞,영등포구 여의공원로 68 3동,정원오가 간다 : 찾아가는 서울人터뷰④ : 택시운전사님편,노동현장,현장방문,오프라인,"노동자,직장인","택시,노동,인터뷰,공원",3,택시운전사 현장 인터뷰로 노동·교통 현장성과 장소성이 있다.,TRUE,TRUE,정원오20260509.jpg,afternoon,여의도공원3동무궁화화장실앞,True
GWON3_049,정원오,2026-05-11,월,D-23,10:00,강서구,마곡 LG사이언스파크 ISC동,강서구 마곡중앙10로 30,정원오가 간다⑥ : 찾아가는 미래 <AI편>,정책현장,현장방문,오프라인,"청년,직장인,전문가","AI,미래산업,현장방문,마곡",3,AI 산업 현장 방문으로 정책 현장성과 장소성이 뚜렷하다.,TRUE,TRUE,정원오20260511.jpg,morning,마곡lg사이언스파크isc동,True
GWON3_059,정원오,2026-05-14,목,D-20,14:00,중구,투썸플레이스 정동길점,중구 정동길 3,정원오의 찾아가는 간담회⑦ : 소상공인편 - 소상공인의 든든한 동반자 서울,골목상권,정책간담회,오프라인,"소상공인,상인","소상공인,골목상권,간담회,정동",3,소상공인과 만나는 현장 간담회로 상권성과 유권자 접촉 가능성이 높다.,TRUE,TRUE,정원오20260514.jpg,afternoon,투썸플레이스정동길점,True
GWON3_063,정원오,2026-05-15,금,D-19,14:40,중랑구,먹골역 7번출구 앞,중랑구 동일로 917,중랑 하나씩 착착! 제18회 중랑 서울장미축제,공원,방문인사,오프라인,"지역주민,일반시민","지역축제,장미축제,공원,중랑",3,지역축제 현장 방문으로 유권자 접촉 가능성이 높은 강한 정답이다.,TRUE,TRUE,정원오20260515.jpg,afternoon,먹골역7번출구앞,True
GWON3_066,정원오,2026-05-16,토,D-18,10:00,송파구,잠실실내체육관,송파구 올림픽로 25,"2026 서울시민체육대축전 20주년의 열정, 더 큰 축제로",체육시설,체육행사,오프라인,"체육인,일반시민,가족/어린이","체육행사,시민축제,송파,주말",3,시민 체육대축전으로 대중 접촉 가능성이 높고 장소성이 명확하다.,TRUE,TRUE,정원오20260516.jpg,morning,잠실실내체육관,True
GWON3_067,정원오,2026-05-16,토,D-18,12:30,성동구,성수역 3번출구 앞,성동구 아차산로 116,정원오가 간다⑧ : 찾아가는 서울人터뷰 <성수동편>,골목상권,현장방문,오프라인,"청년,지역주민,상인","성수동,골목상권,인터뷰,현장방문",3,성수동 현장 인터뷰로 상권성과 유권자 접촉 가능성이 높다.,TRUE,TRUE,정원오20260516.jpg,afternoon,성수역3번출구앞,True
GWON3_068,정원오,2026-05-16,토,D-18,18:40,종로구,황인재문,종로구 종로 288,불기2570(2026)년 연등회 연등행렬 마음과 세상을 밝히는 연등회,종교시설,종교행사,오프라인,"종교인,일반시민","연등회,종교,축제,야간",3,대중 참여 연등행렬 행사로 현장 접촉 가능성이 높아 장소 추천에 적합하다.,TRUE,TRUE,정원오20260516.jpg,evening,황인재문,True
