gold_id,candidate_name,date,day_of_week,d_day,time,district,place_name,address,event_title,place_type,campaign_activity_type,online_offline,target_voter_group,context_tags,gold_label_0_3,gold_label_reason,use_for_place_recommendation,use_for_message_recommendation,source_image,time_slot
GWON_001,정원오,2026-03-09,월,D-86,08:00,동작구,국립서울현충원,확인 필요,김대중 전 대통령 묘소 참배,추모/상징공간,추모행사,오프라인,일반시민;상징의제 관심층,추모/상징공간;추모행사;오전;동작구,2,장소적 의미는 있으나 공약발표·간담회·상징행사 성격이 강해 보조 정답으로 적합함,TRUE,TRUE,정원오20260309.jpg,morning
GWON_002,정원오,2026-03-09,월,D-86,10:00,온라인,정원오TV/와이티비/스픽스/팩트TV,온라인 동시송출,출마선언 영상 공개,방송/언론,방송출연,온라인,언론시청자;일반시민,방송/언론;방송출연;오전;온라인;방송;온라인노출,0,온라인 중심 또는 장소 정보가 부족해 장소 추천 평가에는 부적합함,FALSE,FALSE,정원오20260309.jpg,morning
GWON_003,정원오,2026-03-09,월,D-86,12:45,서울 외,봉하마을,경남 김해 봉하마을,노무현 전 대통령 묘소 참배,추모/상징공간,추모행사,오프라인,일반시민;상징의제 관심층,추모/상징공간;추모행사;오후;서울 외,2,장소적 의미는 있으나 공약발표·간담회·상징행사 성격이 강해 보조 정답으로 적합함,FALSE,TRUE,정원오20260309.jpg,afternoon
GWON_004,정원오,2026-03-09,월,D-86,13:00,확인 필요,확인 필요,확인 필요,권양숙 여사 예방,기타,기타,오프라인,확인 필요,기타;오후;확인 필요,1,캠페인 노출은 있으나 방송·토론·조직행사 중심이라 장소 추천 정답으로는 약함,FALSE,TRUE,정원오20260309.jpg,afternoon
GWON_005,정원오,2026-03-10,화,D-85,15:40,온라인,최욱의 매불쇼,확인 필요,<최욱의 매불쇼> 출연,방송/언론,방송출연,온라인,언론시청자;일반시민,방송/언론;방송출연;오후;온라인;방송;온라인노출,1,캠페인 노출은 있으나 방송·토론·조직행사 중심이라 장소 추천 정답으로는 약함,FALSE,TRUE,정원오20260310.jpg,afternoon
GWON_006,정원오,2026-03-10,화,D-85,17:40,중구,황학시장 입구,확인 필요,"""지역방문"" 하나씩 중구 착착!",전통시장,지역상권방문,오프라인,상인;지역주민;생활권 유권자,전통시장;지역상권방문;저녁;중구;지역상권;생활밀착,3,오프라인 방문이며 장소성과 지역 유권자 접촉 가능성이 높아 장소 추천 정답으로 적합함,TRUE,TRUE,정원오20260310.jpg,afternoon
GWON_007,정원오,2026-03-11,수,D-84,09:30,확인 필요,서울시청출입기자 프레스데이,상암동 확인 필요,서울시청출입기자 프레스데이,방송/언론,기자회견,오프라인,언론시청자;일반시민,방송/언론;기자회견;오전;확인 필요;방송;온라인노출,1,캠페인 노출은 있으나 방송·토론·조직행사 중심이라 장소 추천 정답으로는 약함,FALSE,TRUE,정원오20260311.jpg,morning
GWON_008,정원오,2026-03-11,수,D-84,14:00,영등포구,국회 소통관,국회 소통관,국회출입기자 프레스데이,공공기관,기자회견,오프라인,정책관심층;조직관계자;일반시민,공공기관;기자회견;오후;영등포구,1,캠페인 노출은 있으나 방송·토론·조직행사 중심이라 장소 추천 정답으로는 약함,FALSE,TRUE,정원오20260311.jpg,afternoon
GWON_009,정원오,2026-03-11,수,D-84,15:10,영등포구,영등포전통시장 남문,서울 영등포구 영등포동5가,하나씩 영등포 착착!,전통시장,지역상권방문,오프라인,상인;지역주민;생활권 유권자,전통시장;지역상권방문;오후;영등포구;지역상권;생활밀착,3,오프라인 방문이며 장소성과 지역 유권자 접촉 가능성이 높아 장소 추천 정답으로 적합함,TRUE,TRUE,정원오20260311.jpg,afternoon
GWON_010,정원오,2026-03-11,수,D-84,16:20,영등포구,대림중앙시장,대림역 12번출구,하나씩 영등포 착착!,전통시장,지역상권방문,오프라인,상인;지역주민;생활권 유권자,전통시장;지역상권방문;오후;영등포구;지역상권;생활밀착,3,오프라인 방문이며 장소성과 지역 유권자 접촉 가능성이 높아 장소 추천 정답으로 적합함,TRUE,TRUE,정원오20260311.jpg,afternoon
GWON_011,정원오,2026-03-11,수,D-84,17:00,온라인,동아일보 황형준 <법정모독>,YouTube,동아일보 황형준 <법정모독>,방송/언론,방송출연,온라인,언론시청자;일반시민,방송/언론;방송출연;저녁;온라인;방송;온라인노출,0,온라인 중심 또는 장소 정보가 부족해 장소 추천 평가에는 부적합함,FALSE,FALSE,정원오20260311.jpg,afternoon
GWON_012,정원오,2026-03-11,수,D-84,19:00,온라인,주기자 라이브,LIVE,주기자 라이브,방송/언론,방송출연,온라인,언론시청자;일반시민,방송/언론;방송출연;저녁;온라인;방송;온라인노출,0,온라인 중심 또는 장소 정보가 부족해 장소 추천 평가에는 부적합함,FALSE,FALSE,정원오20260311.jpg,evening
GWON_013,정원오,2026-03-12,목,D-83,07:20,온라인,SBS 김태현의 정치쇼,SBS 러브FM/시교라,SBS 김태현의 정치쇼,방송/언론,방송출연,온라인,언론시청자;일반시민,방송/언론;방송출연;오전;온라인;방송;온라인노출,1,캠페인 노출은 있으나 방송·토론·조직행사 중심이라 장소 추천 정답으로는 약함,FALSE,TRUE,정원오20260312.jpg,morning
GWON_014,정원오,2026-03-12,목,D-83,14:50,온라인,MBC 뉴스외전,MBCNEWS,MBC 뉴스외전,방송/언론,방송출연,온라인,언론시청자;일반시민,방송/언론;방송출연;오후;온라인;방송;온라인노출,1,캠페인 노출은 있으나 방송·토론·조직행사 중심이라 장소 추천 정답으로는 약함,FALSE,TRUE,정원오20260312.jpg,afternoon
GWON_015,정원오,2026-03-12,목,D-83,16:00,강서구,방신전통시장,서울특별시 강서구 방화동로16길 31 방신전통시장 입구,하나씩 강서 착착 - 방신전통시장,전통시장,지역상권방문,오프라인,상인;지역주민;생활권 유권자,전통시장;지역상권방문;오후;강서구;지역상권;생활밀착,3,오프라인 방문이며 장소성과 지역 유권자 접촉 가능성이 높아 장소 추천 정답으로 적합함,TRUE,TRUE,정원오20260312.jpg,afternoon
GWON_016,정원오,2026-03-12,목,D-83,17:25,강서구,남부골목시장,서울특별시 강서구 화곡동 943-7 남부골목시장,하나씩 강서 착착 - 남부골목시장,골목상권,지역상권방문,오프라인,상인;지역주민;생활권 유권자,골목상권;지역상권방문;저녁;강서구;지역상권;생활밀착,3,오프라인 방문이며 장소성과 지역 유권자 접촉 가능성이 높아 장소 추천 정답으로 적합함,TRUE,TRUE,정원오20260312.jpg,afternoon
GWON_017,정원오,2026-03-13,금,D-82,14:10,노원구,상계중앙시장,서울특별시 노원구 상계로 147,하나씩 노원 착착 - 상계중앙시장,전통시장,지역상권방문,오프라인,상인;지역주민;생활권 유권자,전통시장;지역상권방문;오후;노원구;지역상권;생활밀착,3,오프라인 방문이며 장소성과 지역 유권자 접촉 가능성이 높아 장소 추천 정답으로 적합함,TRUE,TRUE,정원오20260313.jpg,afternoon
GWON_018,정원오,2026-03-13,금,D-82,14:50,노원구,구립수락노인종합복지관,서울특별시 노원구 수락산로 214,하나씩 노원 착착 - 구립수락노인종합복지관,복지시설,복지현장방문,오프라인,노년층;복지수요자;지역주민,복지시설;복지현장방문;오후;노원구;복지;노년층,3,오프라인 방문이며 장소성과 지역 유권자 접촉 가능성이 높아 장소 추천 정답으로 적합함,TRUE,TRUE,정원오20260313.jpg,afternoon
GWON_019,정원오,2026-03-13,금,D-82,15:30,노원구,공릉도깨비시장,서울특별시 노원구 동일로 1032,하나씩 노원 착착 - 공릉도깨비시장,전통시장,지역상권방문,오프라인,상인;지역주민;생활권 유권자,전통시장;지역상권방문;오후;노원구;지역상권;생활밀착,3,오프라인 방문이며 장소성과 지역 유권자 접촉 가능성이 높아 장소 추천 정답으로 적합함,TRUE,TRUE,정원오20260313.jpg,afternoon
GWON_020,정원오,2026-03-13,금,D-82,18:00,온라인,이슈전파사,한국일보(hankookilbo.com),이슈전파사,방송/언론,방송출연,온라인,언론시청자;일반시민,방송/언론;방송출연;저녁;온라인;방송;온라인노출,1,캠페인 노출은 있으나 방송·토론·조직행사 중심이라 장소 추천 정답으로는 약함,FALSE,TRUE,정원오20260313.jpg,evening
GWON_021,정원오,2026-03-16,월,D-79,13:00,구로구,남구로시장,서울시 구로구 구로동로 138,하나씩 구로 착착 - 남구로시장,전통시장,지역상권방문,오프라인,상인;지역주민;생활권 유권자,전통시장;지역상권방문;오후;구로구;지역상권;생활밀착,3,오프라인 방문이며 장소성과 지역 유권자 접촉 가능성이 높아 장소 추천 정답으로 적합함,TRUE,TRUE,정원오20260316.jpg,afternoon
GWON_022,정원오,2026-03-16,월,D-79,14:00,구로구,궁동종합사회복지관,서울시 구로구 오리로22길 5,하나씩 구로 착착 - 궁동종합사회복지관,복지시설,복지현장방문,오프라인,노년층;복지수요자;지역주민,복지시설;복지현장방문;오후;구로구;복지;노년층,3,오프라인 방문이며 장소성과 지역 유권자 접촉 가능성이 높아 장소 추천 정답으로 적합함,TRUE,TRUE,정원오20260316.jpg,afternoon
GWON_023,정원오,2026-03-17,화,D-78,10:00,성동구,성동안심상생학사,서울시 성동구 살곶이6길 1,청년 주거 간담회 및 공약 발표,대학/청년공간,정책간담회,오프라인,청년;대학생;정책관심층,대학/청년공간;정책간담회;오전;성동구,2,장소적 의미는 있으나 공약발표·간담회·상징행사 성격이 강해 보조 정답으로 적합함,TRUE,TRUE,정원오20260317.jpg,morning
GWON_024,정원오,2026-03-17,화,D-78,12:30,온라인,KBS 세상의 모든 정보 윤인구입니다,KBS 1라디오 LIVE,KBS 세상의 모든 정보 윤인구입니다,방송/언론,방송출연,온라인,언론시청자;일반시민,방송/언론;방송출연;오후;온라인;방송;온라인노출,1,캠페인 노출은 있으나 방송·토론·조직행사 중심이라 장소 추천 정답으로는 약함,FALSE,TRUE,정원오20260317.jpg,afternoon
GWON_025,정원오,2026-03-17,화,D-78,14:00,마포구,"망원시장, 월드컵시장",서울시 마포구 월드컵로 13길 64,"하나씩 마포 착착 - 망원시장, 월드컵시장",전통시장,지역상권방문,오프라인,상인;지역주민;생활권 유권자,전통시장;지역상권방문;오후;마포구;지역상권;생활밀착,3,오프라인 방문이며 장소성과 지역 유권자 접촉 가능성이 높아 장소 추천 정답으로 적합함,TRUE,TRUE,정원오20260317.jpg,afternoon
GWON_026,정원오,2026-03-19,목,D-76,10:00,송파구,잠실학생체육관,송파구 올림픽로 25,2026 서울시 환경공무관 한마음 축제,체육시설,체육행사,오프라인,생활체육 참여자;지역주민;일반시민,체육시설;체육행사;오전;송파구,3,오프라인 방문이며 장소성과 지역 유권자 접촉 가능성이 높아 장소 추천 정답으로 적합함,TRUE,TRUE,정원오20260319.jpg,morning
GWON_027,정원오,2026-03-19,목,D-76,14:00,온라인,서울시장 예비경선 합동 토론회,SBS 주영진의 뉴스브리핑/델리민주 LIVE,더불어민주당 서울시장 예비경선 합동 토론회,토론회/간담회,토론회,혼합,정책관심층;당원/조직;언론시청자,토론회/간담회;토론회;오후;온라인,1,캠페인 노출은 있으나 방송·토론·조직행사 중심이라 장소 추천 정답으로는 약함,FALSE,TRUE,정원오20260319.jpg,afternoon
GWON_028,정원오,2026-03-19,목,D-76,19:00,온라인,CBS 박재홍의 한판승부,LIVE,CBS 박재홍의 한판승부,방송/언론,방송출연,온라인,언론시청자;일반시민,방송/언론;방송출연;저녁;온라인;방송;온라인노출,1,캠페인 노출은 있으나 방송·토론·조직행사 중심이라 장소 추천 정답으로는 약함,FALSE,TRUE,정원오20260319.jpg,evening
GWON_029,정원오,2026-03-23,월,D-72,10:30,영등포구,영등대로 복합개발 현장,영등대로 복합개발 현장,세 번째 공약발표(안전 분야),공공기관,공약발표,오프라인,정책관심층;조직관계자;일반시민,공공기관;공약발표;오전;영등포구,2,장소적 의미는 있으나 공약발표·간담회·상징행사 성격이 강해 보조 정답으로 적합함,TRUE,TRUE,정원오20260323.jpg,morning
GWON_030,정원오,2026-03-24,화,D-71,16:00,온라인,KBS 사사건건,KBS 사사건건 LIVE,KBS 사사건건,방송/언론,방송출연,온라인,언론시청자;일반시민,방송/언론;방송출연;오후;온라인;방송;온라인노출,1,캠페인 노출은 있으나 방송·토론·조직행사 중심이라 장소 추천 정답으로는 약함,FALSE,TRUE,정원오20260324.jpg,afternoon
GWON_031,정원오,2026-03-24,화,D-71,17:00,광화문,세종대로 사거리 광화문 광장,세종대로 사거리 광화문 광장,퇴근인사,교통거점,퇴근인사,오프라인,직장인;퇴근길 유권자;일반시민,교통거점;퇴근인사;저녁;광화문;퇴근시간,3,오프라인 방문이며 장소성과 지역 유권자 접촉 가능성이 높아 장소 추천 정답으로 적합함,TRUE,TRUE,정원오20260324.jpg,afternoon
GWON_032,정원오,2026-03-24,화,D-71,17:40,종로구,세종마을 음식문화거리,세종마을 음식문화거리,골목상권 방문,골목상권,지역상권방문,오프라인,상인;지역주민;생활권 유권자,골목상권;지역상권방문;저녁;종로구;지역상권;생활밀착,3,오프라인 방문이며 장소성과 지역 유권자 접촉 가능성이 높아 장소 추천 정답으로 적합함,TRUE,TRUE,정원오20260324.jpg,afternoon
GWON_033,정원오,2026-03-25,수,D-70,14:30,온라인,SBS 주영진의 뉴스브리핑,SBS 뉴스 LIVE,SBS 주영진의 뉴스브리핑,방송/언론,방송출연,온라인,언론시청자;일반시민,방송/언론;방송출연;오후;온라인;방송;온라인노출,1,캠페인 노출은 있으나 방송·토론·조직행사 중심이라 장소 추천 정답으로는 약함,FALSE,TRUE,정원오20260325.jpg,afternoon
GWON_034,정원오,2026-03-25,수,D-70,17:20,광진구,중곡제일골목시장,서울특별시 광진구 중곡동 221-16,하나씩 광진 착착 - 중곡제일골목시장,골목상권,지역상권방문,오프라인,상인;지역주민;생활권 유권자,골목상권;지역상권방문;저녁;광진구;지역상권;생활밀착,3,오프라인 방문이며 장소성과 지역 유권자 접촉 가능성이 높아 장소 추천 정답으로 적합함,TRUE,TRUE,정원오20260325.jpg,afternoon
GWON_035,정원오,2026-03-25,수,D-70,18:15,광진구,건대 맛의거리,서울특별시 광진구 동일로22길,하나씩 광진 착착 - 건대 맛의거리,골목상권,지역상권방문,오프라인,상인;지역주민;생활권 유권자,골목상권;지역상권방문;저녁;광진구;지역상권;생활밀착,3,오프라인 방문이며 장소성과 지역 유권자 접촉 가능성이 높아 장소 추천 정답으로 적합함,TRUE,TRUE,정원오20260325.jpg,evening
GWON_036,정원오,2026-03-26,목,D-69,14:20,관악구,관악노인종합복지관,관악노인종합복지관,"[공약발표] 어르신 복지도 착착, <살던 곳에서 건강하고 행복한 노후를!>",복지시설,공약발표,오프라인,노년층;복지수요자;지역주민,복지시설;공약발표;오후;관악구;복지;노년층,2,장소적 의미는 있으나 공약발표·간담회·상징행사 성격이 강해 보조 정답으로 적합함,TRUE,TRUE,정원오20260326.jpg,afternoon
GWON_037,정원오,2026-03-26,목,D-69,16:00,관악구,도림천,서울특별시 관악구 남부순환로 1588,하나씩 관악 착착 - 도림천 방문인사,공원,방문인사,오프라인,지역주민;가족단위;일반시민,공원;방문인사;오후;관악구,3,오프라인 방문이며 장소성과 지역 유권자 접촉 가능성이 높아 장소 추천 정답으로 적합함,TRUE,TRUE,정원오20260326.jpg,afternoon
GWON_038,정원오,2026-03-26,목,D-69,16:15,관악구,신원시장,서울특별시 관악구 신원로 21,하나씩 관악 착착 - 신원시장 방문인사,전통시장,지역상권방문,오프라인,상인;지역주민;생활권 유권자,전통시장;지역상권방문;오후;관악구;지역상권;생활밀착,3,오프라인 방문이며 장소성과 지역 유권자 접촉 가능성이 높아 장소 추천 정답으로 적합함,TRUE,TRUE,정원오20260326.jpg,afternoon
GWON_039,정원오,2026-03-27,금,D-68,10:00,종로구,서울시당 대학생위원회 정책간담회,서울특별시 종로구 우정국로2길 21 대왕빌딩 11층,서울시당 대학생위원회 정책간담회,대학/청년공간,정책간담회,오프라인,청년;대학생;정책관심층,대학/청년공간;정책간담회;오전;종로구,2,장소적 의미는 있으나 공약발표·간담회·상징행사 성격이 강해 보조 정답으로 적합함,TRUE,TRUE,정원오20260327.jpg,morning
GWON_040,정원오,2026-03-27,금,D-68,16:00,온라인,경향TV 구교형의 정치비상구,경향티비 LIVE,경향TV 구교형의 정치비상구,방송/언론,방송출연,온라인,언론시청자;일반시민,방송/언론;방송출연;오후;온라인;방송;온라인노출,1,캠페인 노출은 있으나 방송·토론·조직행사 중심이라 장소 추천 정답으로는 약함,FALSE,TRUE,정원오20260327.jpg,afternoon
GWON_041,정원오,2026-03-28,토,D-67,12:50,성동구,응봉산 팔각정,응봉산 팔각정,응봉산 방문인사,공원,방문인사,오프라인,지역주민;가족단위;일반시민,공원;방문인사;오후;성동구,3,오프라인 방문이며 장소성과 지역 유권자 접촉 가능성이 높아 장소 추천 정답으로 적합함,TRUE,TRUE,정원오20260328.jpg,afternoon
GWON_042,정원오,2026-03-28,토,D-67,15:00,마포구,유동균 후보 선거사무소,유동균 후보 선거사무소,유동균 마포구청장 예비후보 선거사무소 개소식,선거사무소,선거조직행사,오프라인,당원/조직;지역정치 관계자,선거사무소;선거조직행사;오후;마포구,2,장소적 의미는 있으나 공약발표·간담회·상징행사 성격이 강해 보조 정답으로 적합함,TRUE,TRUE,정원오20260328.jpg,afternoon
GWON_043,정원오,2026-03-30,월,D-65,07:35,온라인,SBS 김태현의 정치쇼,SBS 방송 LIVE,SBS 김태현의 정치쇼,방송/언론,방송출연,온라인,언론시청자;일반시민,방송/언론;방송출연;오전;온라인;방송;온라인노출,1,캠페인 노출은 있으나 방송·토론·조직행사 중심이라 장소 추천 정답으로는 약함,FALSE,TRUE,정원오20260330.jpg,morning
GWON_044,정원오,2026-03-30,월,D-65,09:30,영등포구,국회의원회관 대회의실,서울특별시 영등포구 의사당대로 1 국회의원회관 대회의실,현장 최고위원회의,공공기관,선거조직행사,오프라인,정책관심층;조직관계자;일반시민,공공기관;선거조직행사;오전;영등포구,1,캠페인 노출은 있으나 방송·토론·조직행사 중심이라 장소 추천 정답으로는 약함,FALSE,TRUE,정원오20260330.jpg,morning
GWON_045,정원오,2026-03-30,월,D-65,11:00,동작구,노량진수산시장,서울특별시 동작구 노들로2길 3,노량진수산시장 방문인사,전통시장,지역상권방문,오프라인,상인;지역주민;생활권 유권자,전통시장;지역상권방문;오전;동작구;지역상권;생활밀착,3,오프라인 방문이며 장소성과 지역 유권자 접촉 가능성이 높아 장소 추천 정답으로 적합함,TRUE,TRUE,정원오20260330.jpg,morning
GWON_046,정원오,2026-03-31,화,D-64,11:30,동대문구,장안동 벚꽃길,장안벚꽃길북카페 - 동대문구 장안벚꽃로 132,장안동 벚꽃길 거리인사,공원,거리인사,오프라인,지역주민;가족단위;일반시민,공원;거리인사;오전;동대문구,3,오프라인 방문이며 장소성과 지역 유권자 접촉 가능성이 높아 장소 추천 정답으로 적합함,TRUE,TRUE,정원오20260331.jpg,morning
GWON_047,정원오,2026-03-31,화,D-64,21:00,온라인,서울시장 후보 본경선 합동토론회,MBC 100분 토론/델리민주 LIVE,더불어민주당 서울시장 후보 본경선 합동토론회,토론회/간담회,토론회,혼합,정책관심층;당원/조직;언론시청자,토론회/간담회;토론회;저녁;온라인,1,캠페인 노출은 있으나 방송·토론·조직행사 중심이라 장소 추천 정답으로는 약함,FALSE,TRUE,정원오20260331.jpg,evening
GWON_048,정원오,2026-04-02,목,D-62,16:00,양천구,파리공원,서울특별시 양천구 목동동로 363,양천 하나씩 착착 - 파리공원,공원,방문인사,오프라인,지역주민;가족단위;일반시민,공원;방문인사;오후;양천구,3,오프라인 방문이며 장소성과 지역 유권자 접촉 가능성이 높아 장소 추천 정답으로 적합함,TRUE,TRUE,정원오20260402.jpg,afternoon
GWON_049,정원오,2026-04-02,목,D-62,17:00,양천구,신월4동 주민센터 광장,서울특별시 양천구 오목로5길 34 신월4동 주민센터 광장,양천(을) 지방선거 필승결의대회,공공기관,선거조직행사,오프라인,정책관심층;조직관계자;일반시민,공공기관;선거조직행사;저녁;양천구,2,장소적 의미는 있으나 공약발표·간담회·상징행사 성격이 강해 보조 정답으로 적합함,TRUE,TRUE,정원오20260402.jpg,afternoon
GWON_050,정원오,2026-04-03,금,D-61,13:30,종로구,송현공원,서울특별시 종로구 안국동 175-2 송현공원,제주 4·3 제78주년 추모,추모/상징공간,추모행사,오프라인,일반시민;상징의제 관심층,추모/상징공간;추모행사;오후;종로구,2,장소적 의미는 있으나 공약발표·간담회·상징행사 성격이 강해 보조 정답으로 적합함,TRUE,TRUE,정원오20260403.jpg,afternoon
GWON_051,정원오,2026-04-03,금,D-61,15:40,온라인,KBS 합동토론회,KBS News LIVE/델리민주 LIVE,더불어민주당 본경선 KBS 합동토론회,토론회/간담회,토론회,혼합,정책관심층;당원/조직;언론시청자,토론회/간담회;토론회;오후;온라인,1,캠페인 노출은 있으나 방송·토론·조직행사 중심이라 장소 추천 정답으로는 약함,FALSE,TRUE,정원오20260403.jpg,afternoon
GWON_052,정원오,2026-04-04,토,D-60,10:00,노원구,마들스포츠타운,마들스포츠타운,노원구민체육대회,체육시설,체육행사,오프라인,생활체육 참여자;지역주민;일반시민,체육시설;체육행사;오전;노원구,3,오프라인 방문이며 장소성과 지역 유권자 접촉 가능성이 높아 장소 추천 정답으로 적합함,TRUE,TRUE,정원오20260404.jpg,morning
GWON_053,정원오,2026-04-05,일,D-59,14:00,온라인,본경선 합동연설회,델리민주 LIVE,본경선 합동연설회,토론회/간담회,토론회,혼합,정책관심층;당원/조직;언론시청자,토론회/간담회;토론회;오후;온라인,1,캠페인 노출은 있으나 방송·토론·조직행사 중심이라 장소 추천 정답으로는 약함,FALSE,TRUE,정원오20260405.jpg,afternoon
GWON_054,정원오,2026-04-05,일,D-59,17:40,양천구,양재천 수변무대 일대,양재천 수변무대 일대,양재천 벚꽃 등축제 방문인사,공원,방문인사,오프라인,지역주민;가족단위;일반시민,공원;방문인사;저녁;양천구,3,오프라인 방문이며 장소성과 지역 유권자 접촉 가능성이 높아 장소 추천 정답으로 적합함,TRUE,TRUE,정원오20260405.jpg,afternoon
GWON2_001,정원오,2026-04-06,월,D-58,07:30,해당 없음,MBC 김종배의 시선집중,해당 없음,MBC 김종배의 시선집중,방송/언론,방송출연,온라인,언론시청자,"방송,온라인,메시지노출",1,방송·라이브 일정으로 캠페인 노출 효과는 있으나 장소 추천 정답으로는 약하다.,FALSE,TRUE,정원오20260406.jpg,morning
GWON2_002,정원오,2026-04-06,월,D-58,10:00,해당 없음,오마이TV 박정호의 핫스팟,해당 없음,오마이TV 박정호의 핫스팟,방송/언론,방송출연,온라인,언론시청자,"방송,온라인,메시지노출",1,방송·라이브 일정으로 캠페인 노출 효과는 있으나 장소 추천 정답으로는 약하다.,FALSE,TRUE,정원오20260406.jpg,morning
GWON2_003,정원오,2026-04-06,월,D-58,16:30,강북구,수유시장,서울특별시 강북구 도봉로67길 34,강북 하나씩 착착 - 수유시장 방문인사,전통시장,방문인사,오프라인,"상인,지역주민","전통시장,지역상권,방문인사,오후",3,실제 오프라인 방문이며 장소성과 지역 유권자 접촉 가능성이 높아 장소 추천 평가의 강한 정답으로 적합하다.,TRUE,TRUE,정원오20260406.jpg,afternoon
GWON2_004,정원오,2026-04-06,월,D-58,18:00,성북구,성북천 상점가,서울특별시 성북구 동소문로 2,성북 하나씩 착착 - (갑)성북천 상점가,골목상권,지역상권방문,오프라인,"상인,지역주민,직장인","골목상권,상점가,퇴근시간,지역상권",3,실제 오프라인 방문이며 장소성과 지역 유권자 접촉 가능성이 높아 장소 추천 평가의 강한 정답으로 적합하다.,TRUE,TRUE,정원오20260406.jpg,evening
GWON2_005,정원오,2026-04-06,월,D-58,19:00,성북구,성북(을)지역사무소,서울특별시 성북구 화랑로 95,성북 하나씩 착착 - (을)지역사무소,선거사무소,선거조직행사,오프라인,"당원/조직,지역주민","선거사무소,조직,저녁",2,오프라인 일정이고 장소적 의미가 있으나 직접 유세 장소보다는 접촉성이 중간 수준이다.,TRUE,TRUE,정원오20260406.jpg,evening
GWON2_006,정원오,2026-04-07,화,D-57,07:30,해당 없음,CBS 박성태의 뉴스쇼,해당 없음,CBS 박성태의 뉴스쇼,방송/언론,방송출연,온라인,언론시청자,"방송,온라인,메시지노출",1,방송·라이브 일정으로 캠페인 노출 효과는 있으나 장소 추천 정답으로는 약하다.,FALSE,TRUE,정원오20260407.jpg,morning
GWON2_007,정원오,2026-04-07,화,D-57,12:00,해당 없음,백운기의 정어리TV,해당 없음,백운기의 정어리TV,방송/언론,방송출연,온라인,언론시청자,"방송,온라인,메시지노출",1,방송·라이브 일정으로 캠페인 노출 효과는 있으나 장소 추천 정답으로는 약하다.,FALSE,TRUE,정원오20260407.jpg,afternoon
GWON2_008,정원오,2026-04-07,화,D-57,15:40,동작구,남성사계시장,동작구 동작대로 129,동작 하나씩 착착 - (을) 남성사계시장,전통시장,지역상권방문,오프라인,"상인,지역주민","전통시장,지역상권,오후",3,실제 오프라인 방문이며 장소성과 지역 유권자 접촉 가능성이 높아 장소 추천 평가의 강한 정답으로 적합하다.,TRUE,TRUE,정원오20260407.jpg,afternoon
GWON2_009,정원오,2026-04-07,화,D-57,16:40,동작구,성대전통시장,동작구 성대로 14,동작 하나씩 착착 - (갑) 성대전통시장,전통시장,지역상권방문,오프라인,"상인,지역주민","전통시장,지역상권,오후",3,실제 오프라인 방문이며 장소성과 지역 유권자 접촉 가능성이 높아 장소 추천 평가의 강한 정답으로 적합하다.,TRUE,TRUE,정원오20260407.jpg,afternoon
GWON2_010,정원오,2026-04-07,화,D-57,18:00,해당 없음,박시영TV,해당 없음,박시영TV,방송/언론,방송출연,온라인,언론시청자,"방송,온라인,메시지노출",1,방송·라이브 일정으로 캠페인 노출 효과는 있으나 장소 추천 정답으로는 약하다.,FALSE,TRUE,정원오20260407.jpg,evening
GWON2_011,정원오,2026-04-08,수,D-56,07:30,해당 없음,김어준의 겸손은 힘들다 뉴스공장,해당 없음,김어준의 겸손은 힘들다 뉴스공장,방송/언론,방송출연,온라인,언론시청자,"방송,온라인,메시지노출",1,방송·라이브 일정으로 캠페인 노출 효과는 있으나 장소 추천 정답으로는 약하다.,FALSE,TRUE,정원오20260408.jpg,morning
GWON2_012,정원오,2026-04-08,수,D-56,12:30,해당 없음,장르만 여의도,해당 없음,장르만 여의도,방송/언론,방송출연,온라인,언론시청자,"방송,온라인,메시지노출",1,방송·라이브 일정으로 캠페인 노출 효과는 있으나 장소 추천 정답으로는 약하다.,FALSE,TRUE,정원오20260408.jpg,afternoon
GWON2_013,정원오,2026-04-08,수,D-56,17:00,서대문구,영천시장,서대문구 영천동 268-5,서대문 하나씩 착착 - (갑) 영천시장,전통시장,지역상권방문,오프라인,"상인,지역주민,직장인","전통시장,지역상권,퇴근시간",3,실제 오프라인 방문이며 장소성과 지역 유권자 접촉 가능성이 높아 장소 추천 평가의 강한 정답으로 적합하다.,TRUE,TRUE,정원오20260408.jpg,afternoon
GWON2_014,정원오,2026-04-08,수,D-56,17:55,서대문구,홍제천 인공폭포,서대문구 홍은동 431,서대문 하나씩 착착 - (을) 홍제천 인공폭포,공원,방문인사,오프라인,"지역주민,일반시민","공원,하천,퇴근시간,지역주민",3,실제 오프라인 방문이며 장소성과 지역 유권자 접촉 가능성이 높아 장소 추천 평가의 강한 정답으로 적합하다.,TRUE,TRUE,정원오20260408.jpg,afternoon
GWON2_015,정원오,2026-04-08,수,D-56,20:10,해당 없음,CBS 이정주의 질문하는 기자,해당 없음,CBS 이정주의 질문하는 기자,방송/언론,방송출연,온라인,언론시청자,"방송,온라인,메시지노출",1,방송·라이브 일정으로 캠페인 노출 효과는 있으나 장소 추천 정답으로는 약하다.,FALSE,TRUE,정원오20260408.jpg,evening
GWON2_016,정원오,2026-04-09,목,D-55,09:30,해당 없음,장윤선의 취재편의점,해당 없음,장윤선의 취재편의점,방송/언론,방송출연,온라인,언론시청자,"방송,온라인,메시지노출",1,방송·라이브 일정으로 캠페인 노출 효과는 있으나 장소 추천 정답으로는 약하다.,FALSE,TRUE,정원오20260409.jpg,morning
GWON2_017,정원오,2026-04-09,목,D-55,15:00,중랑구,동원시장,서울특별시 중랑구 상봉로 49 (동원전통시장 동측 입구),중랑 하나씩 착착! - 중랑(갑) 동원시장,전통시장,지역상권방문,오프라인,"상인,지역주민","전통시장,지역상권,오후",3,실제 오프라인 방문이며 장소성과 지역 유권자 접촉 가능성이 높아 장소 추천 평가의 강한 정답으로 적합하다.,TRUE,TRUE,정원오20260409.jpg,afternoon
GWON2_018,정원오,2026-04-09,목,D-55,15:50,중랑구,우림시장,서울특별시 중랑구 용마산로115길 47 (우림시장 입구),중랑 하나씩 착착! - 중랑(을) 우림시장,전통시장,지역상권방문,오프라인,"상인,지역주민","전통시장,지역상권,오후",3,실제 오프라인 방문이며 장소성과 지역 유권자 접촉 가능성이 높아 장소 추천 평가의 강한 정답으로 적합하다.,TRUE,TRUE,정원오20260409.jpg,afternoon
GWON2_019,정원오,2026-04-11,토,D-53,09:30,동작구,국립서울현충원 임정묘역,서울특별시 동작구 현충로 210,대한민국임시정부 묘역 방문,추모/상징공간,추모행사,오프라인,"일반시민,보훈관계자","추모,상징공간,현충원,오전",2,오프라인 일정이고 장소적 의미가 있으나 직접 유세 장소보다는 접촉성이 중간 수준이다.,TRUE,TRUE,정원오20260411.jpg,morning
GWON2_020,정원오,2026-04-11,토,D-53,10:00,동작구,국립서울현충원 만남의집,서울특별시 동작구 동작동 200,문화예술도시위원회 회의,토론회/간담회,정책간담회,오프라인,"문화예술인,당원/조직","문화예술,정책간담회,조직,오전",2,오프라인 일정이고 장소적 의미가 있으나 직접 유세 장소보다는 접촉성이 중간 수준이다.,TRUE,TRUE,정원오20260411.jpg,morning
GWON2_021,정원오,2026-04-13,월,D-51,07:30,해당 없음,YTN 장성철의 뉴스명당,해당 없음,YTN 장성철의 뉴스명당,방송/언론,방송출연,온라인,언론시청자,"방송,온라인,메시지노출",1,방송·라이브 일정으로 캠페인 노출 효과는 있으나 장소 추천 정답으로는 약하다.,FALSE,TRUE,정원오20260413.jpg,morning
GWON2_022,정원오,2026-04-13,월,D-51,13:30,확인 필요,건설회관,확인 필요,서울도시정비조합협회 간담회,시민단체/협회,정책간담회,오프라인,"시민단체/협회,일반시민","협회,간담회,도시정비,오후",2,오프라인 일정이고 장소적 의미가 있으나 직접 유세 장소보다는 접촉성이 중간 수준이다.,TRUE,TRUE,정원오20260413.jpg,afternoon
GWON2_023,정원오,2026-04-13,월,D-51,15:30,해당 없음,최욱의 매불쇼,해당 없음,최욱의 매불쇼,방송/언론,방송출연,온라인,언론시청자,"방송,온라인,메시지노출",1,방송·라이브 일정으로 캠페인 노출 효과는 있으나 장소 추천 정답으로는 약하다.,FALSE,TRUE,정원오20260413.jpg,afternoon
GWON2_024,정원오,2026-04-14,화,D-50,09:20,용산구,국립중앙박물관,서울특별시 용산구 서빙고로 137,여덟 번째 공약 발표(문화관광) - 서울다움으로 성장하는 문화관광도시 서울,정책현장,공약발표,오프라인,"문화예술인,일반시민","공약발표,문화관광,정책현장,오전",2,오프라인 일정이고 장소적 의미가 있으나 직접 유세 장소보다는 접촉성이 중간 수준이다.,TRUE,TRUE,정원오20260414.jpg,morning
GWON2_025,정원오,2026-04-14,화,D-50,15:00,중구,창작캠프,서울특별시 중구 퇴계로 367,문화예술도시위원회(위원장 박현석) 출범식,토론회/간담회,선거조직행사,오프라인,"문화예술인,당원/조직","문화예술,출범식,조직,오후",2,오프라인 일정이고 장소적 의미가 있으나 직접 유세 장소보다는 접촉성이 중간 수준이다.,TRUE,TRUE,정원오20260414.jpg,afternoon
GWON2_026,정원오,2026-04-15,수,D-49,07:30,해당 없음,김어준의 겸손은힘들다 뉴스공장,해당 없음,김어준의 겸손은힘들다 뉴스공장,방송/언론,방송출연,온라인,언론시청자,"방송,온라인,메시지노출",1,방송·라이브 일정으로 캠페인 노출 효과는 있으나 장소 추천 정답으로는 약하다.,FALSE,TRUE,정원오20260415.jpg,morning
GWON2_027,정원오,2026-04-15,수,D-49,10:55,종로구,북촌의 봄,서울 종로구 북촌로3길 75-4,정원오가 간다: 찾아가는 서울人터뷰,골목상권,현장방문,오프라인,"지역주민,일반시민","인터뷰,현장방문,지역주민,오전",3,실제 오프라인 방문이며 장소성과 지역 유권자 접촉 가능성이 높아 장소 추천 평가의 강한 정답으로 적합하다.,TRUE,TRUE,정원오20260415.jpg,morning
GWON2_028,정원오,2026-04-15,수,D-49,20:05,해당 없음,이동형의 이이제이,해당 없음,이동형의 이이제이,방송/언론,방송출연,온라인,언론시청자,"방송,온라인,메시지노출",1,방송·라이브 일정으로 캠페인 노출 효과는 있으나 장소 추천 정답으로는 약하다.,FALSE,TRUE,정원오20260415.jpg,evening
GWON2_029,정원오,2026-04-16,목,D-48,14:00,중구,기억 및 안전전시공간 기억과 빛,서울 중구 세종대로 125,세월호 참사 12주기 추모 참배,추모/상징공간,추모행사,오프라인,일반시민,"추모,상징공간,안전,오후",2,오프라인 일정이고 장소적 의미가 있으나 직접 유세 장소보다는 접촉성이 중간 수준이다.,TRUE,TRUE,정원오20260416.jpg,afternoon
GWON2_030,정원오,2026-04-16,목,D-48,14:35,중구,한국 프레스센터 18층,서울 중구 세종대로 124,서울외신기자클럽(SFCC) 초청간담회,방송/언론,정책간담회,오프라인,"언론시청자,일반시민","언론,간담회,국제,오후",2,오프라인 일정이고 장소적 의미가 있으나 직접 유세 장소보다는 접촉성이 중간 수준이다.,TRUE,TRUE,정원오20260416.jpg,afternoon
GWON2_031,정원오,2026-04-17,금,D-47,07:30,송파구,가락몰 농수산물시장,서울 송파구 양재대로 932,정원오의 찾아가는 현장: 가락농수산물시장편,전통시장,현장방문,오프라인,"상인,지역주민","전통시장,농수산물시장,상인,오전",3,실제 오프라인 방문이며 장소성과 지역 유권자 접촉 가능성이 높아 장소 추천 평가의 강한 정답으로 적합하다.,TRUE,TRUE,정원오20260417.jpg,morning
GWON2_032,정원오,2026-04-17,금,D-47,10:00,용산구,강태웅 후보 선거사무소,서울 용산구 두텁바위로1길 3,현장 최고위원회의,선거사무소,선거조직행사,오프라인,당원/조직,"선거조직,회의,오전",2,오프라인 일정이고 장소적 의미가 있으나 직접 유세 장소보다는 접촉성이 중간 수준이다.,TRUE,TRUE,정원오20260417.jpg,morning
GWON2_033,정원오,2026-04-17,금,D-47,12:30,해당 없음,TBS 봉지욱의 봉인해제,해당 없음,TBS 봉지욱의 봉인해제,방송/언론,방송출연,온라인,언론시청자,"방송,온라인,메시지노출",1,방송·라이브 일정으로 캠페인 노출 효과는 있으나 장소 추천 정답으로는 약하다.,FALSE,TRUE,정원오20260417.jpg,afternoon
GWON2_034,정원오,2026-04-17,금,D-47,14:10,동대문구,대광고등학교,서울 동대문구 안암로 6,4.19 혁명 제66주년 추모 참배,추모/상징공간,추모행사,오프라인,"일반시민,학생","추모,상징공간,오후",2,오프라인 일정이고 장소적 의미가 있으나 직접 유세 장소보다는 접촉성이 중간 수준이다.,TRUE,TRUE,정원오20260417.jpg,afternoon
GWON2_035,정원오,2026-04-17,금,D-47,15:30,강동구,명일동 싱크홀 현장,서울 강동구 통일로 807,정원오의 찾아가는 현장: 강동구편① - 명일동 싱크홀 사고지점,정책현장,현장방문,오프라인,"지역주민,일반시민","현장방문,안전,지역현안,오후",3,실제 오프라인 방문이며 장소성과 지역 유권자 접촉 가능성이 높아 장소 추천 평가의 강한 정답으로 적합하다.,TRUE,TRUE,정원오20260417.jpg,afternoon
GWON2_036,정원오,2026-04-17,금,D-47,16:00,강동구,고덕비즈밸리,서울 강동구 고덕비즈밸리로 38,정원오의 찾아가는 현장: 강동구편② - 고덕비즈밸리,정책현장,현장방문,오프라인,"직장인,지역주민","현장방문,산업,직장인,오후",3,실제 오프라인 방문이며 장소성과 지역 유권자 접촉 가능성이 높아 장소 추천 평가의 강한 정답으로 적합하다.,TRUE,TRUE,정원오20260417.jpg,afternoon
GWON2_037,정원오,2026-04-17,금,D-47,16:35,강동구,고덕비즈밸리역 공사현장,서울 강동구 아리수로 279 맞은편,정원오의 찾아가는 현장: 강동구편③ - 고덕비즈밸리역 공사현장,교통거점,현장방문,오프라인,"직장인,지역주민","교통,공사현장,현장방문,오후",3,실제 오프라인 방문이며 장소성과 지역 유권자 접촉 가능성이 높아 장소 추천 평가의 강한 정답으로 적합하다.,TRUE,TRUE,정원오20260417.jpg,afternoon
GWON2_038,정원오,2026-04-19,일,D-45,14:40,노원구,불암산철쭉동산,서울 노원구 한글비석로 326,2026 불암산 철쭉제 방문,공원,방문인사,오프라인,"지역주민,일반시민","공원,축제,주말,지역주민",3,실제 오프라인 방문이며 장소성과 지역 유권자 접촉 가능성이 높아 장소 추천 평가의 강한 정답으로 적합하다.,TRUE,TRUE,정원오20260419.jpg,afternoon
GWON2_039,정원오,2026-04-20,월,D-44,13:40,확인 필요,확인 필요,확인 필요,정원오가 간다: 찾아가는 서울人터뷰 2탄 <장애인 이동권편>,토론회/간담회,현장방문,혼합,"장애인,일반시민","인터뷰,장애인,이동권,현장방문",2,장애인 이동권 현장 인터뷰로 정책·메시지 활용성은 높으나 이미지에서 장소 정보가 명확하지 않다.,FALSE,TRUE,정원오20260420.jpg,afternoon
GWON2_040,정원오,2026-04-20,월,D-44,15:25,영등포구,이룸센터 지하 1층 이룸홀,서울 영등포구 의사당대로 22,서울시 장애인단체 정책전달식,시민단체/협회,정책전달식,오프라인,"장애인,시민단체/협회","장애인,정책전달식,복지,오후",2,오프라인 일정이고 장소적 의미가 있으나 직접 유세 장소보다는 접촉성이 중간 수준이다.,TRUE,TRUE,정원오20260420.jpg,afternoon
GWON2_041,정원오,2026-04-21,화,D-43,07:30,동작구,국립서울현충원,서울 동작구 현충로 210,국립서울현충원 참배,추모/상징공간,추모행사,오프라인,"일반시민,보훈관계자","추모,현충원,오전",2,오프라인 일정이고 장소적 의미가 있으나 직접 유세 장소보다는 접촉성이 중간 수준이다.,TRUE,TRUE,정원오20260421.jpg,morning
GWON2_042,정원오,2026-04-21,화,D-43,13:30,김해시,노무현 대통령 묘역,경남 김해시 진영읍 봉하로 135,노무현 대통령 묘역 참배,추모/상징공간,추모행사,오프라인,일반시민,"추모,상징공간,오후",2,오프라인 일정이고 장소적 의미가 있으나 직접 유세 장소보다는 접촉성이 중간 수준이다.,TRUE,TRUE,정원오20260421.jpg,afternoon
GWON2_043,정원오,2026-04-21,화,D-43,15:00,창원시,창동예술촌 사거리,경남 창원시 마산합포구 동서북10길 57,서울-경남 상생협력 기자회견 및 간담회,토론회/간담회,기자회견,오프라인,"일반시민,언론시청자","상생협력,기자회견,간담회,오후",2,오프라인 일정이고 장소적 의미가 있으나 직접 유세 장소보다는 접촉성이 중간 수준이다.,TRUE,TRUE,정원오20260421.jpg,afternoon
GWON2_044,정원오,2026-04-22,수,D-42,11:30,확인 필요,확인 필요,확인 필요,정원오가 간다: 찾아가는 서울人터뷰 3탄 <직장인 점심편>,토론회/간담회,현장방문,혼합,직장인,"인터뷰,직장인,점심시간,현장방문",2,직장인 대상 현장 인터뷰로 메시지 활용성은 높으나 이미지에서 장소 정보가 명확하지 않다.,FALSE,TRUE,정원오20260422.jpg,morning
GWON2_045,정원오,2026-04-22,수,D-42,16:00,용산구,백범김구기념관 컨벤션홀,용산구 임정로 26,서울시사회복지사협회 40주년 기념식,시민단체/협회,복지현장방문,오프라인,"복지종사자,일반시민","복지,협회,기념식,오후",2,오프라인 일정이고 장소적 의미가 있으나 직접 유세 장소보다는 접촉성이 중간 수준이다.,TRUE,TRUE,정원오20260422.jpg,afternoon
GWON2_046,정원오,2026-04-22,수,D-42,18:00,은평구,불광천,은평구 증산로 476,은평 하나씩 착착!,공원,거리인사,오프라인,"지역주민,직장인,일반시민","하천,퇴근시간,거리인사,지역주민",3,실제 오프라인 방문이며 장소성과 지역 유권자 접촉 가능성이 높아 장소 추천 평가의 강한 정답으로 적합하다.,TRUE,TRUE,정원오20260422.jpg,evening
GWON2_047,정원오,2026-04-23,목,D-41,11:00,영등포구,국회 본청 245호,영등포구 의사당대로 1,더불어민주당 16개 광역단체장 후보자 연석회의,공공기관,선거조직행사,오프라인,당원/조직,"국회,연석회의,조직,오전",2,오프라인 일정이고 장소적 의미가 있으나 직접 유세 장소보다는 접촉성이 중간 수준이다.,TRUE,TRUE,정원오20260423.jpg,morning
GWON2_048,정원오,2026-04-23,목,D-41,14:00,영등포구,국회 의원회관 제1소회의실,영등포구 의사당대로 1,정원오의 G2서울 비전선포 세계도시 서울의 대전환,공공기관,공약발표,오프라인,"일반시민,언론시청자","공약발표,비전선포,국회,오후",2,오프라인 일정이고 장소적 의미가 있으나 직접 유세 장소보다는 접촉성이 중간 수준이다.,TRUE,TRUE,정원오20260423.jpg,afternoon
GWON2_049,정원오,2026-04-23,목,D-41,15:50,해당 없음,연합뉴스TV 인터뷰,해당 없음,연합뉴스TV 인터뷰,방송/언론,방송출연,온라인,언론시청자,"방송,온라인,메시지노출",1,방송·라이브 일정으로 캠페인 노출 효과는 있으나 장소 추천 정답으로는 약하다.,FALSE,TRUE,정원오20260423.jpg,afternoon
GWON2_050,정원오,2026-04-24,금,D-40,14:45,성동구,아지오 성수점,"성동구 왕십리로 63, D24-1",아지오 성수점 오픈세레모니 꿈꾸는 아지오,골목상권,방문인사,오프라인,"상인,지역주민,장애인","골목상권,오픈세레모니,사회적가치,오후",3,실제 오프라인 방문이며 장소성과 지역 유권자 접촉 가능성이 높아 장소 추천 평가의 강한 정답으로 적합하다.,TRUE,TRUE,정원오20260424.jpg,afternoon
GWON2_051,정원오,2026-04-24,금,D-40,16:50,성동구,금남시장,성동구 금호산2길 29-2,성동 하나씩 착착!,전통시장,지역상권방문,오프라인,"상인,지역주민","전통시장,지역상권,오후",3,실제 오프라인 방문이며 장소성과 지역 유권자 접촉 가능성이 높아 장소 추천 평가의 강한 정답으로 적합하다.,TRUE,TRUE,정원오20260424.jpg,afternoon
GWON2_052,정원오,2026-04-25,토,D-39,09:00,서초구,잠수대교 남단,서초구 반포동 649-1,정원오의 찾아가는 현장: 러닝편,공원,체육행사,오프라인,"체육인,일반시민,지역주민","러닝,체육,주말,한강,오전",3,실제 오프라인 방문이며 장소성과 지역 유권자 접촉 가능성이 높아 장소 추천 평가의 강한 정답으로 적합하다.,TRUE,TRUE,정원오20260425.jpg,morning
GWON2_053,정원오,2026-04-25,토,D-39,11:40,중구,남대문시장,중구 남대문시장2길 12 (망고커피 앞),중구 하나씩 착착!,전통시장,지역상권방문,오프라인,"상인,지역주민,관광객","전통시장,지역상권,주말,오전",3,실제 오프라인 방문이며 장소성과 지역 유권자 접촉 가능성이 높아 장소 추천 평가의 강한 정답으로 적합하다.,TRUE,TRUE,정원오20260425.jpg,morning
GWON2_054,정원오,2026-04-26,일,D-38,11:00,영등포구,광야교회,영등포구 경인로100길 3,광야교회 예배,종교시설,종교행사,오프라인,"종교인,지역주민","종교시설,예배,주말,오전",2,오프라인 일정이고 장소적 의미가 있으나 직접 유세 장소보다는 접촉성이 중간 수준이다.,TRUE,TRUE,정원오20260426.jpg,morning
GWON2_055,정원오,2026-04-26,일,D-38,11:55,영등포구,광야홈리스복지센터,영등포구 경인로100길 3,배식봉사 및 오찬,복지시설,복지현장방문,오프라인,"노년층,취약계층,지역주민","복지,봉사,오찬,주말",3,실제 오프라인 방문이며 장소성과 지역 유권자 접촉 가능성이 높아 장소 추천 평가의 강한 정답으로 적합하다.,TRUE,TRUE,정원오20260426.jpg,morning
GWON2_056,정원오,2026-04-27,월,D-37,10:20,서초구,광수약국,"서초구 서초중앙로 42, 블루핀타워 107호",정원오의 찾아가는 현장: 약국편,정책현장,현장방문,오프라인,"일반시민,지역주민","약국,민생,현장방문,오전",3,실제 오프라인 방문이며 장소성과 지역 유권자 접촉 가능성이 높아 장소 추천 평가의 강한 정답으로 적합하다.,TRUE,TRUE,정원오20260427.jpg,morning
GWON2_057,정원오,2026-04-27,월,D-37,11:00,서초구,서울고속버스터미널 지하상가,서초구 신반포로 189,서초 하나씩 착착!,골목상권,지역상권방문,오프라인,"상인,지역주민,이동인구","지하상가,교통거점,지역상권,오전",3,실제 오프라인 방문이며 장소성과 지역 유권자 접촉 가능성이 높아 장소 추천 평가의 강한 정답으로 적합하다.,TRUE,TRUE,정원오20260427.jpg,morning
GWON2_058,정원오,2026-04-27,월,D-37,15:30,용산구,대한노인회 서울시연합회 2층,용산구 임정로 58,정원오의 찾아가는 간담회: 대한노인회 서울시연합회편,복지시설,정책간담회,오프라인,"노년층,시민단체/협회","노년층,복지,정책간담회,오후",2,오프라인 일정이고 장소적 의미가 있으나 직접 유세 장소보다는 접촉성이 중간 수준이다.,TRUE,TRUE,정원오20260427.jpg,afternoon
GWON2_059,정원오,2026-04-27,월,D-37,16:30,용산구,효창운동장 회의실,용산구 효창원로 255-11,정원오의 찾아가는 간담회: 서울시 축구협회편,체육시설,정책간담회,오프라인,"체육인,시민단체/협회","체육,협회,정책간담회,오후",2,오프라인 일정이고 장소적 의미가 있으나 직접 유세 장소보다는 접촉성이 중간 수준이다.,TRUE,TRUE,정원오20260427.jpg,afternoon
GWON2_060,정원오,2026-04-27,월,D-37,19:10,해당 없음,JTBC 뉴스룸,해당 없음,JTBC 뉴스룸,방송/언론,방송출연,온라인,언론시청자,"방송,온라인,메시지노출",1,방송·라이브 일정으로 캠페인 노출 효과는 있으나 장소 추천 정답으로는 약하다.,FALSE,TRUE,정원오20260427.jpg,evening
GWON2_061,정원오,2026-04-28,화,D-36,09:00,중구,태평빌딩 3층 301호,중구 세종대로 74-1,정원오 서울시장 후보 제2차 선거대책위원회 회의,선거사무소,선거조직행사,혼합,"당원/조직,언론시청자","선대위,회의,조직,온라인중계",2,오프라인 일정이고 장소적 의미가 있으나 직접 유세 장소보다는 접촉성이 중간 수준이다.,TRUE,TRUE,정원오20260428.jpg,morning
GWON2_062,정원오,2026-04-28,화,D-36,11:00,동대문구,경희대 캠퍼스타운 삼의원창업센터 누리터,동대문구 이문로9가길 11-3 맞은편,정원오의 찾아가는 간담회: 청년기업가 및 예비창업자 편,대학/청년공간,정책간담회,오프라인,"청년,창업자","청년,창업,정책간담회,오전",2,오프라인 일정이고 장소적 의미가 있으나 직접 유세 장소보다는 접촉성이 중간 수준이다.,TRUE,TRUE,정원오20260428.jpg,morning
GWON2_063,정원오,2026-04-28,화,D-36,11:30,동대문구,경희대 캠퍼스타운 삼의원창업센터 1층,동대문구 이문로9가길 11-3,"청년공약 발표: 청년창업 수도 서울, 창업루키와 함께!",대학/청년공간,공약발표,혼합,"청년,창업자,언론시청자","청년,창업,공약발표,온라인중계",2,오프라인 일정이고 장소적 의미가 있으나 직접 유세 장소보다는 접촉성이 중간 수준이다.,TRUE,TRUE,정원오20260428.jpg,morning
GWON2_064,정원오,2026-04-28,화,D-36,16:00,해당 없음,KBS 사사건건,해당 없음,KBS 사사건건,방송/언론,방송출연,온라인,언론시청자,"방송,온라인,메시지노출",1,방송·라이브 일정으로 캠페인 노출 효과는 있으나 장소 추천 정답으로는 약하다.,FALSE,TRUE,정원오20260428.jpg,afternoon
GWON3_001,정원오,2026-04-29,수,D-35,10:50,성북구,장위14주택재개발구역,성북구 장위로 44,정원오의 찾아가는 현장 : 재개발편,재개발/도시개발현장,현장방문,오프라인,지역주민,"재개발,주거,현장방문,오전",3,재개발 현장을 직접 방문한 오프라인 일정으로 지역 현장성과 장소성이 명확하다.,TRUE,TRUE,정원오20260429.jpg,morning
GWON3_002,정원오,2026-04-29,수,D-35,11:20,성북구,신정위아파트 옥상,성북구 장위로 31,정원오의 부동산 공약 발표 : 착착개발,정책현장,공약발표,혼합,"지역주민,언론시청자","부동산,재개발,공약발표,주거",2,공약 발표 장소로 정책 맥락은 강하지만 직접 유세 장소 추천 정답으로는 보조적이다.,TRUE,TRUE,정원오20260429.jpg,morning
GWON3_003,정원오,2026-04-29,수,D-35,12:00,성북구,정릉공영차고지,성북구 보국문로 145,정원오의 찾아가는 현장 : 정릉공영차고지 편,교통거점,현장방문,오프라인,"지역주민,직장인","교통,차고지,현장방문,생활현장",3,교통 관련 생활 현장을 직접 방문한 일정으로 장소 추천 평가에 활용 가능하다.,TRUE,TRUE,정원오20260429.jpg,afternoon
GWON3_004,정원오,2026-04-29,수,D-35,17:15,해당 없음,MBN 뉴스와이드,해당 없음,MBN 뉴스와이드,방송/언론,방송출연,온라인,언론시청자,"방송,뉴스,메시지",1,방송 노출 일정으로 메시지 분석에는 유용하지만 장소 추천 정답으로는 약하다.,FALSE,TRUE,정원오20260429.jpg,afternoon
GWON3_005,정원오,2026-04-30,목,D-34,05:00,양천구,신정차량사업소,양천구 목동동로3길 41,정원오의 찾아가는 현장 : 새벽을 여는 노동자편(지하철),노동현장,현장방문,오프라인,"노동자,직장인","노동,교통,새벽,현장방문",3,새벽 노동 현장을 직접 방문한 일정으로 현장성과 유권자 접촉 가능성이 높다.,TRUE,TRUE,정원오20260430.jpg,morning
GWON3_006,정원오,2026-04-30,목,D-34,05:40,양천구,양천공영차고지,양천구 신정로7길 17,정원오의 찾아가는 현장 : 새벽을 여는 노동자편(버스),노동현장,현장방문,오프라인,"노동자,직장인","노동,버스,새벽,현장방문",3,버스 노동 현장을 직접 방문한 일정으로 장소성과 현장성이 뚜렷하다.,TRUE,TRUE,정원오20260430.jpg,morning
GWON3_007,정원오,2026-04-30,목,D-34,09:00,중구,대한상공회의소 국제회의장,중구 세종대로 39,2026 한국포럼,시민단체/협회,기념행사,오프라인,"직능단체,일반시민","포럼,경제,협회,오전",2,포럼 참석은 오프라인 장소성이 있으나 직접 유세 장소보다는 정책·네트워크 성격이 강하다.,TRUE,TRUE,정원오20260430.jpg,morning
GWON3_008,정원오,2026-04-30,목,D-34,09:50,종로구,전태일 다리,종로구 청계천로 411-1,전태일 열사 추모,추모/상징공간,추모행사,오프라인,"노동자,일반시민","노동,추모,상징공간",2,상징성이 강한 추모공간 방문으로 장소 의미는 있으나 직접 유세 장소성은 중간 수준이다.,TRUE,TRUE,정원오20260430.jpg,morning
GWON3_009,정원오,2026-04-30,목,D-34,10:40,중구,전태일 기념관,종로구 청계천로 105,노동공약 발표,정책현장,공약발표,혼합,"노동자,언론시청자","노동,공약발표,정책,방송",2,노동 공약 발표 장소로 정책 메시지 평가에 중요하지만 장소 추천에는 보조 정답이다.,TRUE,TRUE,정원오20260430.jpg,morning
GWON3_010,정원오,2026-04-30,목,D-34,11:10,중구,태평빌딩 3층,중구 세종대로 74-1,여성본부 출범식,선거사무소,선거조직행사,오프라인,"당원/조직,여성","선거조직,여성,출범식",2,선거조직 행사는 오프라인 장소성이 있으나 대중 유세 장소성은 상대적으로 낮다.,TRUE,TRUE,정원오20260430.jpg,morning
GWON3_011,정원오,2026-04-30,목,D-34,14:00,영등포구,더불어민주당 중앙당사 2층 당원존,영등포구 국회대로68길 7,민주당 전국직능대표자회의 타운홀미팅,직능단체,직능간담회,오프라인,"직능단체,당원/조직","직능단체,타운홀,간담회",2,직능단체 대상 오프라인 간담회로 장소 의미는 있으나 직접 유권자 접촉성은 중간 수준이다.,TRUE,TRUE,정원오20260430.jpg,afternoon
GWON3_012,정원오,2026-04-30,목,D-34,15:00,금천구,금천 현대시장,금천구 금하로 631,금천 하나씩 착착!,전통시장,지역상권방문,오프라인,"상인,지역주민","전통시장,상권,지역방문,오후",3,전통시장 방문으로 지역 유권자·상인 접촉 가능성이 높아 강한 정답이다.,TRUE,TRUE,정원오20260430.jpg,afternoon
GWON3_013,정원오,2026-04-30,목,D-34,21:20,해당 없음,채널A 시티라이브,해당 없음,채널A 시티라이브,방송/언론,방송출연,온라인,언론시청자,"방송,라이브,야간,메시지",1,방송 라이브 일정으로 장소 추천보다는 메시지 추천에 적합하다.,FALSE,TRUE,정원오20260430.jpg,evening
GWON3_014,정원오,2026-05-01,금,D-33,14:00,마포구,여의도공원 10번 출구,여의도공원 10번 출구,"제136주년 세계노동절 기념 한국노총 전국노동자대회 더찾은 노동절, 더 큰 전진으로! 한국노총!",노동현장,기념행사,오프라인,"노동자,일반시민","노동절,노동,집회,기념행사",3,대규모 노동자대회 현장 방문으로 유권자 접촉 가능성과 장소성이 높다.,TRUE,TRUE,정원오20260501.jpg,afternoon
GWON3_015,정원오,2026-05-02,토,D-32,07:00,마포구,마포구 월드컵로 251,마포구 월드컵로 251,제26회 여성마라톤,체육시설,체육행사,오프라인,"여성,체육인,일반시민","체육행사,여성,주말,오전",3,대중 참여 체육행사로 현장 접촉 가능성이 높아 장소 추천 정답으로 적합하다.,TRUE,TRUE,정원오20260502.jpg,morning
GWON3_016,정원오,2026-05-02,토,D-32,10:00,동대문구,밥퍼나눔운동본부,동대문구 황물로 8,밥퍼나눔운동본부,복지시설,복지현장방문,오프라인,"노년층,취약계층,지역주민","복지,나눔,현장방문",3,복지 현장을 직접 방문한 일정으로 장소성과 사회정책 메시지가 명확하다.,TRUE,TRUE,정원오20260502.jpg,morning
GWON3_017,정원오,2026-05-02,토,D-32,14:00,서대문구,서대문문화체육회관 대극장,서대문구 백련사길 39,서대문 갑을 당원 필승결의대회,선거사무소,선거조직행사,오프라인,당원/조직,"선거조직,결의대회,서대문",2,당원 조직행사는 오프라인 일정이지만 일반 유권자 대상 장소 추천성은 중간 수준이다.,TRUE,TRUE,정원오20260502.jpg,afternoon
GWON3_018,정원오,2026-05-03,일,D-31,08:30,용산구,효창운동장,용산구 효창원로 177-15,제44회 서울특별시장기 축구대회 개회식,체육시설,체육행사,오프라인,"체육인,지역주민","체육행사,축구,개회식",3,체육대회 개회식은 지역 생활체육인 접촉 가능성이 높은 오프라인 현장이다.,TRUE,TRUE,정원오20260503.jpg,morning
GWON3_019,정원오,2026-05-03,일,D-31,11:20,서초구,예수사랑교회,서초구 서초중앙로24길 55,예수사랑교회 예배,종교시설,종교행사,오프라인,"종교인,지역주민","종교,예배,주말",2,종교시설 방문은 장소 의미가 있으나 직접 유세 장소성은 중간 수준이다.,TRUE,TRUE,정원오20260503.jpg,morning
GWON3_020,정원오,2026-05-03,일,D-31,15:00,중구,대한성공회 서울대성당,중구 세종대로21길 15,서울주교좌성당 축성 100주년 기념식,종교시설,종교행사,오프라인,"종교인,일반시민","종교,기념행사,상징공간",2,기념식 참석은 오프라인 상징성이 있으나 장소 추천의 강한 정답은 아니다.,TRUE,TRUE,정원오20260503.jpg,afternoon
GWON3_021,정원오,2026-05-04,월,D-30,10:00,중구,태평빌딩 301호,중구 세종대로 74-1,서울지역 구청장 후보 간담회,토론회/간담회,정책간담회,오프라인,당원/조직,"간담회,선거조직,지방자치",2,후보 간담회로 장소성은 있으나 일반 유권자 접촉보다는 조직·정책 성격이 강하다.,TRUE,TRUE,정원오20260504.jpg,morning
GWON3_022,정원오,2026-05-04,월,D-30,10:30,중구,태평빌딩 301호,중구 세종대로 74-1,서울지역 시·구의원 출마후보 응원대회,선거사무소,선거조직행사,오프라인,당원/조직,"선거조직,응원대회",2,선거조직 행사로 오프라인 장소성이 있으나 직접 유세 장소성은 제한적이다.,TRUE,TRUE,정원오20260504.jpg,morning
GWON3_023,정원오,2026-05-04,월,D-30,12:10,중구,태평빌딩 301호,중구 세종대로 74-1,서울지역 20대 후보자·나번 후보자 응원대회,선거사무소,선거조직행사,오프라인,"당원/조직,청년","선거조직,청년,응원대회",2,조직 대상 오프라인 일정으로 메시지·조직 분석에는 유용하지만 대중 유세 장소성은 중간이다.,TRUE,TRUE,정원오20260504.jpg,afternoon
GWON3_024,정원오,2026-05-04,월,D-30,14:30,영등포구,한국거래소,영등포구 여의나루로 76,정원오의 찾아가는 현장 : 금융편,정책현장,현장방문,오프라인,"직장인,금융업 종사자","금융,현장방문,직장인",3,금융 현장을 직접 방문한 일정으로 직장인 접촉 및 정책 현장성이 명확하다.,TRUE,TRUE,정원오20260504.jpg,afternoon
GWON3_025,정원오,2026-05-05,화,D-29,11:00,광진구,서울어린이대공원,아차산역 3번 출구,2026 서울어린이정원 페스티벌,어린이/가족시설,기념행사,오프라인,"가족/어린이,일반시민","어린이날,가족,축제,공원",3,어린이날 가족 행사로 대중 접촉 가능성이 높아 강한 장소 추천 정답이다.,TRUE,TRUE,정원오20260505.jpg,morning
GWON3_026,정원오,2026-05-05,화,D-29,13:00,송파구,잠실종합운동장,송파구 올림픽로 19-2,정원오의 찾아가는 현장 : 잠실야구장편,체육시설,현장방문,오프라인,"가족/어린이,체육인,일반시민","야구장,체육시설,어린이날,현장방문",3,대중이 모이는 체육시설 방문으로 장소성과 접촉 가능성이 높다.,TRUE,TRUE,정원오20260505.jpg,afternoon
GWON3_027,정원오,2026-05-06,수,D-28,10:00,중구,천주교 서울대교구 사제관,중구 명동길 74,정순택 천주교 서울대교구장 예방,종교시설,종교행사,오프라인,종교인,"종교,예방,명동",2,종교 지도자 예방은 장소 의미가 있으나 직접 유세 장소성은 중간 수준이다.,TRUE,TRUE,정원오20260506.jpg,morning
GWON3_028,정원오,2026-05-06,수,D-28,10:40,중구,장충체육관,중구 동호로 241,대한노인회 서울시연합회 제54회 어버이날 기념행사,복지시설,기념행사,오프라인,"노년층,일반시민","어버이날,노년층,기념행사,복지",3,어버이날 기념행사는 노년층 접촉 가능성이 높은 오프라인 현장이다.,TRUE,TRUE,정원오20260506.jpg,morning
GWON3_029,정원오,2026-05-06,수,D-28,12:30,해당 없음,YTN 뉴스나우,해당 없음,YTN 뉴스나우,방송/언론,방송출연,온라인,언론시청자,"방송,뉴스,메시지",1,방송 출연은 메시지 노출에는 적합하지만 장소 추천 평가에는 약하다.,FALSE,TRUE,정원오20260506.jpg,afternoon
GWON3_030,정원오,2026-05-06,수,D-28,13:30,영등포구,국회 본수대 앞,영등포구 의사당대로 1,서울시장-강원도지사 후보 정책협약식,공공기관,협약식,혼합,"일반시민,언론시청자","협약식,정책,국회,방송",2,정책협약식은 오프라인 장소성이 있으나 직접 유권자 접촉성은 중간 수준이다.,TRUE,TRUE,정원오20260506.jpg,afternoon
GWON3_031,정원오,2026-05-06,수,D-28,16:00,종로구,원불교 서울교구 통덕전,종로구 경운로 75,하타원 모경희 원불교 서울교구장 예방,종교시설,종교행사,오프라인,종교인,"종교,예방,종로",2,종교계 예방 일정으로 장소 의미는 있으나 장소 추천 강한 정답은 아니다.,TRUE,TRUE,정원오20260506.jpg,afternoon
GWON3_032,정원오,2026-05-07,목,D-27,08:30,영등포구,페어몬트 앰배서더 서울 그랜드볼룸,영등포구 여의대로 108,뉴스1 미래포럼,방송/언론,기념행사,오프라인,"언론시청자,일반시민","포럼,언론,오전",2,포럼 참석은 오프라인 일정이나 대중 유세 장소성은 중간 수준이다.,TRUE,TRUE,정원오20260507.jpg,morning
GWON3_033,정원오,2026-05-07,목,D-27,09:40,영등포구,국회 소통관,영등포구 의사당대로 1,"교통공약 발표 - 중단 없고, 경계 없는 메가서울 교통혁명",정책현장,공약발표,혼합,"언론시청자,직장인","교통,공약발표,국회,방송",2,교통공약 발표 장소로 정책 맥락은 강하지만 직접 유권자 접촉성은 제한적이다.,TRUE,TRUE,정원오20260507.jpg,morning
GWON3_034,정원오,2026-05-07,목,D-27,10:10,영등포구,국회 의원회관 대회의실,영등포구 의사당대로 1,36개 직능단체 정책협약식,직능단체,협약식,오프라인,직능단체,"직능단체,협약식,정책",2,직능단체 협약식은 오프라인 정책 일정이나 장소 추천 강한 정답은 아니다.,TRUE,TRUE,정원오20260507.jpg,morning
GWON3_035,정원오,2026-05-07,목,D-27,14:50,송파구,서울시교통회관,송파구 올림픽로 319,정원오의 찾아가는 간담회④ : 서울시교통회관편,토론회/간담회,정책간담회,오프라인,"직능단체,교통업 종사자","교통,간담회,직능단체",2,교통 분야 간담회로 장소성과 대상 맥락은 있으나 직접 유세보다는 정책 일정이다.,TRUE,TRUE,정원오20260507.jpg,afternoon
GWON3_036,정원오,2026-05-07,목,D-27,16:00,송파구,송파 거여새마을지구 공공재개발 현장,송파구 오금로 528,정원오의 찾아가는 현장⑩ : 송파 거여새마을지구 공공재개발 현장,재개발/도시개발현장,현장방문,오프라인,지역주민,"재개발,주거,현장방문,송파",3,재개발 현장 방문으로 지역 현장성과 장소 추천 활용성이 높다.,TRUE,TRUE,정원오20260507.jpg,afternoon
GWON3_037,정원오,2026-05-07,목,D-27,17:00,송파구,새마을전통시장,송파구 석촌호수로 78,송파 하나씩 착착! 새마을전통시장,전통시장,지역상권방문,오프라인,"상인,지역주민","전통시장,상권,송파,오후",3,전통시장 방문은 지역 유권자와 상인 접촉 가능성이 높은 강한 정답이다.,TRUE,TRUE,정원오20260507.jpg,afternoon
GWON3_038,정원오,2026-05-08,금,D-26,09:00,송파구,조재희 송파구청장 후보 선거사무소,송파구 송파대로 423,더불어민주당 송파구 현장 최고위원회의,공공기관,선거조직행사,오프라인,"당원/조직,지역주민","선거조직,최고위원회의,송파",2,현장 최고위원회의는 장소성이 있으나 대중 접촉형 유세 장소는 아니다.,TRUE,TRUE,정원오20260508.jpg,morning
GWON3_039,정원오,2026-05-08,금,D-26,11:00,용산구,용산국제업무지구 현장,용산구 이촌로14길 7 맞은편,공약 발표 - 세계도시 서울의 대전환,재개발/도시개발현장,공약발표,혼합,"지역주민,언론시청자","도시개발,공약발표,용산,방송",2,도시개발 현장 공약 발표로 정책 맥락은 강하지만 직접 유세 장소성은 보조적이다.,TRUE,TRUE,정원오20260508.jpg,morning
GWON3_040,정원오,2026-05-08,금,D-26,15:00,강남구,개포우성7차아파트 1015~105동 사이,강남구 개포로110길 15,정원오의 찾아가는 현장⑪ : 강남 재건축편,재개발/도시개발현장,현장방문,오프라인,지역주민,"재건축,주거,현장방문,강남",3,재건축 생활 현장을 직접 방문한 일정으로 지역 현장성이 높다.,TRUE,TRUE,정원오20260508.jpg,afternoon
GWON3_041,정원오,2026-05-09,토,D-25,09:00,영등포구,국회 의원회관,영등포구 의사당대로 1,정원오의 찾아가는 간담회⑤ : 직능단체편,직능단체,직능간담회,오프라인,직능단체,"직능단체,간담회,정책",2,직능단체 간담회는 오프라인 정책 일정이나 일반 장소 추천 정답으로는 보조적이다.,TRUE,TRUE,정원오20260509.jpg,morning
GWON3_042,정원오,2026-05-09,토,D-25,11:45,영등포구,샛강생태공원,영등포구 여의동로 48 윤중초교 앞 삼거리,정원오의 찾아가는 현장⑫ : 샛강생태공원편,공원,현장방문,오프라인,"지역주민,일반시민","공원,생태,현장방문,주말",3,공원 현장 방문은 대중 접촉 가능성이 높고 장소성이 명확하다.,TRUE,TRUE,정원오20260509.jpg,morning
GWON3_043,정원오,2026-05-09,토,D-25,13:30,영등포구,여의도공원 3동 무궁화화장실 앞,영등포구 여의공원로 68 3동,정원오가 간다 : 찾아가는 서울人터뷰④ : 택시운전사님편,노동현장,현장방문,오프라인,"노동자,직장인","택시,노동,인터뷰,공원",3,택시운전사 현장 인터뷰로 노동·교통 현장성과 장소성이 있다.,TRUE,TRUE,정원오20260509.jpg,afternoon
GWON3_044,정원오,2026-05-10,일,D-24,11:00,중구,태평빌딩 301호,중구 세종대로 74-1,"착착캠프 정책자문단 2차 출범식 미래 서울, 전문가와 함께",토론회/간담회,정책간담회,오프라인,"직능단체,전문가","정책자문,전문가,출범식",2,정책자문단 출범식은 오프라인 정책 일정으로 메시지 분석에 더 적합하다.,TRUE,TRUE,정원오20260510.jpg,morning
GWON3_045,정원오,2026-05-10,일,D-24,11:35,중구,명동성당 마당,중구 명동길 74,"명동대성당 미사 평화가, 그리고 믿음과 더불어 사랑아",종교시설,종교행사,오프라인,"종교인,일반시민","종교,미사,명동",2,종교시설 방문으로 장소 의미는 있으나 직접 유세 장소성은 중간 수준이다.,TRUE,TRUE,정원오20260510.jpg,morning
GWON3_046,정원오,2026-05-10,일,D-24,14:20,확인 필요,확인 필요,확인 필요,정원오가 간다 : 찾아가는 서울人터뷰⑤ : 반려동물편,어린이/가족시설,현장방문,오프라인,"가족/어린이,일반시민","반려동물,인터뷰,생활현장",2,반려동물 생활 현장 콘텐츠로 보이나 장소 정보가 불명확해 보조 정답으로 처리한다.,FALSE,TRUE,정원오20260510.jpg,afternoon
GWON3_047,정원오,2026-05-10,일,D-24,15:30,중구,태평빌딩 301호,중구 세종대로 74-1,서울시리모델링주택조합협의회 정책제안 간담회 더 나은 서울 주거환경,시민단체/협회,정책간담회,오프라인,"직능단체,지역주민","주거,리모델링,정책간담회",2,주거 관련 정책간담회로 장소성은 있으나 직접 유세 장소 추천에는 보조적이다.,TRUE,TRUE,정원오20260510.jpg,afternoon
GWON3_048,정원오,2026-05-11,월,D-23,07:30,해당 없음,CBS 박성태의 뉴스쇼,해당 없음,CBS 박성태의 뉴스쇼,방송/언론,방송출연,온라인,언론시청자,"방송,뉴스,메시지,아침",1,라디오 방송 일정으로 장소 추천보다는 메시지 추천에 적합하다.,FALSE,TRUE,정원오20260511.jpg,morning
GWON3_049,정원오,2026-05-11,월,D-23,10:00,강서구,마곡 LG사이언스파크 ISC동,강서구 마곡중앙10로 30,정원오가 간다⑥ : 찾아가는 미래 <AI편>,정책현장,현장방문,오프라인,"청년,직장인,전문가","AI,미래산업,현장방문,마곡",3,AI 산업 현장 방문으로 정책 현장성과 장소성이 뚜렷하다.,TRUE,TRUE,정원오20260511.jpg,morning
GWON3_050,정원오,2026-05-11,월,D-23,15:00,영등포구,중소기업중앙회 제1하늘 KBIZ홀,영등포구 은행로 30,제9회 전국동시지방선거 서울 공천자대회 - 일 잘하는 지방정부,선거사무소,선거조직행사,오프라인,당원/조직,"선거조직,공천자대회",2,공천자대회는 조직 동원 성격이 강해 장소 추천의 보조 정답으로 적합하다.,TRUE,TRUE,정원오20260511.jpg,afternoon
GWON3_051,정원오,2026-05-11,월,D-23,16:30,영등포구,국회 의원회관 제2간담회의실,영등포구 의사당대로 1,정원오의 찾아가는 간담회⑥ : 미용업계편,직능단체,직능간담회,오프라인,"직능단체,소상공인","미용업계,직능단체,간담회",2,미용업계 직능 간담회로 정책 메시지 분석에 적합하지만 직접 유세 장소성은 중간이다.,TRUE,TRUE,정원오20260511.jpg,afternoon
GWON3_052,정원오,2026-05-11,월,D-23,17:10,해당 없음,MBC TV,해당 없음,제9회 전국동시지방선거 정강정책 방송연설 - 문화도시 서울의 미래,방송/언론,방송출연,온라인,언론시청자,"방송연설,정강정책,문화도시",1,방송연설은 메시지 노출 일정으로 장소 추천 정답으로는 약하다.,FALSE,TRUE,정원오20260511.jpg,afternoon
GWON3_053,정원오,2026-05-12,화,D-22,10:00,동대문구,청량리역 광장,동대문구 전농동 591-52,G2 공약 발표 - 서울 공간 대전환,정책현장,공약발표,혼합,"지역주민,언론시청자","공약발표,도시공간,청량리,방송",2,공간 정책 공약 발표 장소로 정책 맥락은 강하지만 장소 추천에는 보조 정답이다.,TRUE,TRUE,정원오20260512.jpg,morning
GWON3_054,정원오,2026-05-12,화,D-22,14:35,해당 없음,SBS 주영진의 뉴스브리핑,해당 없음,SBS 주영진의 뉴스브리핑,방송/언론,방송출연,온라인,언론시청자,"방송,뉴스브리핑,메시지",1,방송 출연 일정으로 장소 추천 평가보다는 메시지 추천에 활용된다.,FALSE,TRUE,정원오20260512.jpg,afternoon
GWON3_055,정원오,2026-05-12,화,D-22,16:30,중구,태평빌딩 302호,중구 세종대로 74-1,"서울 서북권3구(은평·서대문·마포) 공동정책 협약식 - 뭉치는 서북, 균형잡힌 서울",토론회/간담회,협약식,오프라인,"당원/조직,지역주민","협약식,서북권,균형발전",2,공동정책 협약식은 오프라인 정책 일정이나 직접 유세 장소성은 중간이다.,TRUE,TRUE,정원오20260512.jpg,afternoon
GWON3_056,정원오,2026-05-13,수,D-21,08:30,중구,시청 앞 광장,중구 을지로 12,서울-충북 상생 협약식 - 대한민국의 미래를 함께 열겠습니다,공공기관,협약식,혼합,"일반시민,언론시청자","협약식,상생,시청,방송",2,상생 협약식은 상징적 장소성이 있으나 직접 유세 장소성은 보조적이다.,TRUE,TRUE,정원오20260513.jpg,morning
GWON3_057,정원오,2026-05-13,수,D-21,10:40,영등포구,국회 소통관,영등포구 의사당대로 1,정원오 후보 중요 공약 발표 기자회견,방송/언론,기자회견,혼합,"언론시청자,일반시민","기자회견,공약발표,국회,방송",2,공약 기자회견은 정책 메시지 평가에 적합하지만 장소 추천 정답으로는 보조적이다.,TRUE,TRUE,정원오20260513.jpg,morning
GWON3_058,정원오,2026-05-14,목,D-20,10:00,중구,대한상공회의소 국제회의장,중구 세종대로 39,정원오 더불어민주당 서울시장 후보 초청 편집인협회 포럼,방송/언론,기념행사,오프라인,"언론시청자,직능단체","언론,포럼,정책",2,언론 포럼은 오프라인 장소성이 있으나 대중 유세 장소성은 중간 수준이다.,TRUE,TRUE,정원오20260514.jpg,morning
GWON3_059,정원오,2026-05-14,목,D-20,14:00,중구,투썸플레이스 정동길점,중구 정동길 3,정원오의 찾아가는 간담회⑦ : 소상공인편 - 소상공인의 든든한 동반자 서울,골목상권,정책간담회,오프라인,"소상공인,상인","소상공인,골목상권,간담회,정동",3,소상공인과 만나는 현장 간담회로 상권성과 유권자 접촉 가능성이 높다.,TRUE,TRUE,정원오20260514.jpg,afternoon
GWON3_060,정원오,2026-05-15,금,D-19,11:00,영등포구,국회 소통관,영등포구 의사당대로 1,정원오 후보 주요 공약 발표 기자회견,방송/언론,기자회견,혼합,"언론시청자,일반시민","기자회견,공약발표,방송",2,공약 기자회견으로 정책 메시지는 강하지만 장소 추천 정답으로는 보조적이다.,TRUE,TRUE,정원오20260515.jpg,morning
GWON3_061,정원오,2026-05-15,금,D-19,12:00,종로구,광화문광장 이순신 동상 앞,종로구 세종대로 172,TBS 릴레이발언대 격려방문,방송/언론,방송출연,오프라인,"언론시청자,일반시민","방송,광화문,격려방문",2,방송 관련 현장 방문이지만 광장이라는 장소성이 있어 보조 정답으로 활용 가능하다.,TRUE,TRUE,정원오20260515.jpg,afternoon
GWON3_062,정원오,2026-05-15,금,D-19,13:30,영등포구,DDP아트홀 1관,영등포구 을지로 281,서울특별시 간호사회 창립80주년 기념행사,직능단체,기념행사,오프라인,"직능단체,의료인","간호사회,직능단체,기념행사",2,직능단체 기념행사로 장소성은 있으나 직접 유세 장소성은 중간이다.,TRUE,TRUE,정원오20260515.jpg,afternoon
GWON3_063,정원오,2026-05-15,금,D-19,14:40,중랑구,먹골역 7번출구 앞,중랑구 동일로 917,중랑 하나씩 착착! 제18회 중랑 서울장미축제,공원,방문인사,오프라인,"지역주민,일반시민","지역축제,장미축제,공원,중랑",3,지역축제 현장 방문으로 유권자 접촉 가능성이 높은 강한 정답이다.,TRUE,TRUE,정원오20260515.jpg,afternoon
GWON3_064,정원오,2026-05-15,금,D-19,15:10,확인 필요,확인 필요,확인 필요,정원오가 간다⑦ : 스승의 날 <어린이집 선생님편>,어린이/가족시설,현장방문,혼합,"가족/어린이,직능단체","스승의날,어린이집,교육,인터뷰",1,장소 정보가 이미지에 보이지 않아 장소 추천 평가에는 제한적이며 메시지 추천용으로 적합하다.,FALSE,TRUE,정원오20260515.jpg,afternoon
GWON3_065,정원오,2026-05-15,금,D-19,16:30,중구,태평빌딩 301호,중구 세종대로 74-1,양대노총 산별연맹 정책협약 및 제안서 전달식,노동현장,정책전달식,오프라인,"노동자,직능단체","노동,협약식,정책전달식",2,노동단체 정책협약·전달식으로 정책 맥락은 강하지만 직접 유세 장소성은 중간이다.,TRUE,TRUE,정원오20260515.jpg,afternoon
GWON3_066,정원오,2026-05-16,토,D-18,10:00,송파구,잠실실내체육관,송파구 올림픽로 25,"2026 서울시민체육대축전 20주년의 열정, 더 큰 축제로",체육시설,체육행사,오프라인,"체육인,일반시민,가족/어린이","체육행사,시민축제,송파,주말",3,시민 체육대축전으로 대중 접촉 가능성이 높고 장소성이 명확하다.,TRUE,TRUE,정원오20260516.jpg,morning
GWON3_067,정원오,2026-05-16,토,D-18,12:30,성동구,성수역 3번출구 앞,성동구 아차산로 116,정원오가 간다⑧ : 찾아가는 서울人터뷰 <성수동편>,골목상권,현장방문,오프라인,"청년,지역주민,상인","성수동,골목상권,인터뷰,현장방문",3,성수동 현장 인터뷰로 상권성과 유권자 접촉 가능성이 높다.,TRUE,TRUE,정원오20260516.jpg,afternoon
GWON3_068,정원오,2026-05-16,토,D-18,18:40,종로구,황인재문,종로구 종로 288,불기2570(2026)년 연등회 연등행렬 마음과 세상을 밝히는 연등회,종교시설,종교행사,오프라인,"종교인,일반시민","연등회,종교,축제,야간",3,대중 참여 연등행렬 행사로 현장 접촉 가능성이 높아 장소 추천에 적합하다.,TRUE,TRUE,정원오20260516.jpg,evening
