query_id,rank,recommended_place_name,recommended_district,recommended_place_type,baseline_score,raw_rank,district_bonus,place_type_bonus,time_bonus,context_bonus,target_bonus,rank_bonus,final_variant_score,score
2026-03-10_17:40_중구,1,남대문시장,중구,market,0.7056,1,1.0,1.0,0.8,0.35,0.75,1.0,1.7431,1.7431
2026-03-10_17:40_중구,2,평화시장,중구,market,0.5528,2,1.0,1.0,0.8,0.35,0.75,0.979592,1.58928,1.58928
2026-03-10_17:40_중구,3,삼익패션타운,중구,market,0.5222,3,1.0,1.0,0.8,0.35,0.75,0.959184,1.557659,1.557659
2026-03-10_17:40_중구,4,동평화시장,중구,market,0.5126,4,1.0,1.0,0.8,0.35,0.75,0.938776,1.547039,1.547039
2026-03-10_17:40_중구,5,청평화시장,중구,market,0.5024,5,1.0,1.0,0.8,0.35,0.75,0.918367,1.535818,1.535818
2026-03-10_17:40_중구,6,신평화패션타운,중구,market,0.4993,6,1.0,1.0,0.8,0.35,0.75,0.897959,1.531698,1.531698
2026-03-10_17:40_중구,7,방산시장,중구,market,0.4988,7,1.0,1.0,0.8,0.35,0.75,0.877551,1.530178,1.530178
2026-03-10_17:40_중구,8,광희패션몰,중구,market,0.4973,8,1.0,1.0,0.8,0.35,0.75,0.857143,1.527657,1.527657
2026-03-10_17:40_중구,9,통일상가,중구,market,0.4936,9,1.0,1.0,0.8,0.35,0.75,0.836735,1.522937,1.522937
2026-03-10_17:40_중구,10,중부시장,중구,market,0.4895,10,1.0,1.0,0.8,0.35,0.75,0.816327,1.517816,1.517816
2026-03-11_15:10_영등포구,1,영등포유통상가,영등포구,market,0.5381,4,1.0,1.0,0.8,0.35,0.75,0.938776,1.572539,1.572539
2026-03-11_15:10_영등포구,2,영등포전통시장,영등포구,market,0.4708,7,1.0,1.0,0.8,0.53,0.75,0.877551,1.538178,1.538178
2026-03-11_15:10_영등포구,3,영등포시장기계공구상가,영등포구,market,0.4939,5,1.0,1.0,0.8,0.35,0.75,0.918367,1.527318,1.527318
2026-03-11_15:10_영등포구,4,영등포청과시장,영등포구,market,0.478,6,1.0,1.0,0.8,0.35,0.75,0.897959,1.510398,1.510398
2026-03-11_15:10_영등포구,5,대림중앙시장,영등포구,market,0.4696,8,1.0,1.0,0.8,0.35,0.75,0.857143,1.499957,1.499957
2026-03-11_15:10_영등포구,6,우리시장,영등포구,market,0.4695,9,1.0,1.0,0.8,0.35,0.75,0.836735,1.498837,1.498837
2026-03-11_15:10_영등포구,7,선유로운골목형상점가,영등포구,market,0.4686,10,1.0,1.0,0.8,0.35,0.75,0.816327,1.496916,1.496916
2026-03-11_15:10_영등포구,8,남대문시장,중구,market,0.7056,1,0.0,1.0,0.8,0.35,0.75,1.0,1.2431,1.2431
2026-03-11_15:10_영등포구,9,화곡본동시장,강서구,market,0.4685,11,0.45,1.0,0.8,0.35,0.75,0.795918,1.220796,1.220796
2026-03-11_15:10_영등포구,10,망원동월드컵시장,마포구,market,0.4684,14,0.45,1.0,0.8,0.35,0.75,0.734694,1.217635,1.217635
2026-03-11_16:20_영등포구,1,영등포유통상가,영등포구,market,0.5381,4,1.0,1.0,0.8,0.35,0.75,0.938776,1.572539,1.572539
2026-03-11_16:20_영등포구,2,영등포전통시장,영등포구,market,0.4708,7,1.0,1.0,0.8,0.53,0.75,0.877551,1.538178,1.538178
2026-03-11_16:20_영등포구,3,영등포시장기계공구상가,영등포구,market,0.4939,5,1.0,1.0,0.8,0.35,0.75,0.918367,1.527318,1.527318
2026-03-11_16:20_영등포구,4,영등포청과시장,영등포구,market,0.478,6,1.0,1.0,0.8,0.35,0.75,0.897959,1.510398,1.510398
2026-03-11_16:20_영등포구,5,대림중앙시장,영등포구,market,0.4696,8,1.0,1.0,0.8,0.35,0.75,0.857143,1.499957,1.499957
2026-03-11_16:20_영등포구,6,우리시장,영등포구,market,0.4695,9,1.0,1.0,0.8,0.35,0.75,0.836735,1.498837,1.498837
2026-03-11_16:20_영등포구,7,선유로운골목형상점가,영등포구,market,0.4686,10,1.0,1.0,0.8,0.35,0.75,0.816327,1.496916,1.496916
2026-03-11_16:20_영등포구,8,남대문시장,중구,market,0.7056,1,0.0,1.0,0.8,0.35,0.75,1.0,1.2431,1.2431
2026-03-11_16:20_영등포구,9,화곡본동시장,강서구,market,0.4685,11,0.45,1.0,0.8,0.35,0.75,0.795918,1.220796,1.220796
2026-03-11_16:20_영등포구,10,망원동월드컵시장,마포구,market,0.4684,14,0.45,1.0,0.8,0.35,0.75,0.734694,1.217635,1.217635
2026-03-12_16:00_강서구,1,방신전통시장,강서구,market,0.4709,9,1.0,1.0,0.8,0.53,0.75,0.836735,1.536237,1.536237
2026-03-12_16:00_강서구,2,공항동 먹자골목 골목형상점가,강서구,market,0.494,1,1.0,1.0,0.8,0.35,0.75,1.0,1.5315,1.5315
2026-03-12_16:00_강서구,3,강서구청먹자골목 골목형상점가,강서구,market,0.4867,2,1.0,1.0,0.8,0.35,0.75,0.979592,1.52318,1.52318
2026-03-12_16:00_강서구,4,까치산시장,강서구,market,0.4792,3,1.0,1.0,0.8,0.35,0.75,0.959184,1.514659,1.514659
2026-03-12_16:00_강서구,5,가양역사거리 골목형상점가,강서구,market,0.4788,4,1.0,1.0,0.8,0.35,0.75,0.938776,1.513239,1.513239
2026-03-12_16:00_강서구,6,남부골목시장,강서구,market,0.4786,5,1.0,1.0,0.8,0.35,0.75,0.918367,1.512018,1.512018
2026-03-12_16:00_강서구,7,송화벽화시장,강서구,market,0.4759,6,1.0,1.0,0.8,0.35,0.75,0.897959,1.508298,1.508298
2026-03-12_16:00_강서구,8,송정역 카페거리 골목형상점가,강서구,market,0.4716,7,1.0,1.0,0.8,0.35,0.75,0.877551,1.502978,1.502978
2026-03-12_16:00_강서구,9,공항대로 골목형상점가,강서구,market,0.471,8,1.0,1.0,0.8,0.35,0.75,0.857143,1.501357,1.501357
2026-03-12_16:00_강서구,10,화곡중앙시장,강서구,market,0.4701,10,1.0,1.0,0.8,0.35,0.75,0.816327,1.498416,1.498416
2026-03-12_17:25_강서구,1,공항동 먹자골목 골목형상점가,강서구,market,0.494,1,1.0,1.0,0.8,0.35,0.75,1.0,1.5315,1.5315
2026-03-12_17:25_강서구,2,강서구청먹자골목 골목형상점가,강서구,market,0.4867,2,1.0,1.0,0.8,0.35,0.75,0.979592,1.52318,1.52318
2026-03-12_17:25_강서구,3,까치산시장,강서구,market,0.4792,3,1.0,1.0,0.8,0.35,0.75,0.959184,1.514659,1.514659
2026-03-12_17:25_강서구,4,가양역사거리 골목형상점가,강서구,market,0.4788,4,1.0,1.0,0.8,0.35,0.75,0.938776,1.513239,1.513239
2026-03-12_17:25_강서구,5,남부골목시장,강서구,market,0.4786,5,1.0,1.0,0.8,0.35,0.75,0.918367,1.512018,1.512018
2026-03-12_17:25_강서구,6,송화벽화시장,강서구,market,0.4759,6,1.0,1.0,0.8,0.35,0.75,0.897959,1.508298,1.508298
2026-03-12_17:25_강서구,7,송정역 카페거리 골목형상점가,강서구,market,0.4716,7,1.0,1.0,0.8,0.35,0.75,0.877551,1.502978,1.502978
2026-03-12_17:25_강서구,8,공항대로 골목형상점가,강서구,market,0.471,8,1.0,1.0,0.8,0.35,0.75,0.857143,1.501357,1.501357
2026-03-12_17:25_강서구,9,방신전통시장,강서구,market,0.4709,9,1.0,1.0,0.8,0.35,0.75,0.836735,1.500237,1.500237
2026-03-12_17:25_강서구,10,화곡중앙시장,강서구,market,0.4701,10,1.0,1.0,0.8,0.35,0.75,0.816327,1.498416,1.498416
2026-03-13_14:10_노원구,1,공릉동도깨비시장,노원구,market,0.4746,9,1.0,1.0,0.8,0.35,0.75,0.836735,1.503937,1.503937
2026-03-13_14:10_노원구,2,상계중앙시장,노원구,market,0.4739,10,1.0,1.0,0.8,0.35,0.75,0.816327,1.502216,1.502216
2026-03-13_14:10_노원구,3,장안 마실 골목형상점가,동대문구,market,0.6299,3,0.25,1.0,0.8,0.35,0.75,0.959184,1.290359,1.290359
2026-03-13_14:10_노원구,4,남대문시장,중구,market,0.7056,1,0.0,1.0,0.8,0.35,0.75,1.0,1.2431,1.2431
2026-03-13_14:10_노원구,5,상봉먹자 골목형상점가,중랑구,market,0.4738,15,0.45,1.0,0.8,0.35,0.75,0.714286,1.222014,1.222014
2026-03-13_14:10_노원구,6,방학동도깨비시장,도봉구,market,0.4733,21,0.45,1.0,0.8,0.35,0.75,0.591837,1.215392,1.215392
2026-03-13_14:10_노원구,7,사가정시장,중랑구,market,0.4731,24,0.45,1.0,0.8,0.35,0.75,0.530612,1.212131,1.212131
2026-03-13_14:10_노원구,8,면목시장(골목형),중랑구,market,0.4729,27,0.45,1.0,0.8,0.35,0.75,0.469388,1.208869,1.208869
2026-03-13_14:10_노원구,9,서울약령시장,동대문구,market,0.5526,8,0.25,1.0,0.8,0.35,0.75,0.857143,1.207957,1.207957
2026-03-13_14:10_노원구,10,쌍문시장,도봉구,market,0.4726,30,0.45,1.0,0.8,0.35,0.75,0.408163,1.205508,1.205508
2026-03-13_14:50_노원구,1,공릉노인복지관,노원구,senior_friendly,0.9591,10,1.0,1.0,0.55,0.53,1.0,0.816327,2.010916,2.010916
2026-03-13_14:50_노원구,2,구립신내노인종합복지관,중랑구,senior_friendly,0.9384,15,0.45,1.0,0.55,0.53,1.0,0.714286,1.710114,1.710114
2026-03-13_14:50_노원구,3,강북노인종합복지관,강북구,senior_friendly,0.9351,20,0.45,1.0,0.55,0.53,1.0,0.612245,1.701712,1.701712
2026-03-13_14:50_노원구,4,도봉노인종합복지관,도봉구,senior_friendly,0.9351,23,0.45,1.0,0.55,0.53,1.0,0.55102,1.698651,1.698651
2026-03-13_14:50_노원구,5,구립 자양노인복지관,광진구,senior_friendly,0.964,4,0.25,1.0,0.55,0.53,1.0,0.938776,1.646939,1.646939
2026-03-13_14:50_노원구,6,서울시립동대문노인종합복지관,동대문구,senior_friendly,0.9434,11,0.25,1.0,0.55,0.53,1.0,0.795918,1.619196,1.619196
2026-03-13_14:50_노원구,7,시립성북노인종합복지관,성북구,senior_friendly,0.9384,17,0.25,1.0,0.55,0.53,1.0,0.673469,1.608073,1.608073
2026-03-13_14:50_노원구,8,성수1가2동노인복지관 대현분소,성동구,senior_friendly,0.9739,1,0.0,1.0,0.55,0.53,1.0,1.0,1.5349,1.5349
2026-03-13_14:50_노원구,9,강남구립 도곡1노인복지관,강남구,senior_friendly,0.9689,2,0.0,1.0,0.55,0.53,1.0,0.979592,1.52888,1.52888
2026-03-13_14:50_노원구,10,강동구립 해공노인복지관,강동구,senior_friendly,0.9673,3,0.0,1.0,0.55,0.53,1.0,0.959184,1.526259,1.526259
2026-03-13_15:30_노원구,1,공릉동도깨비시장,노원구,market,0.4746,9,1.0,1.0,0.8,0.35,0.75,0.836735,1.503937,1.503937
2026-03-13_15:30_노원구,2,상계중앙시장,노원구,market,0.4739,10,1.0,1.0,0.8,0.35,0.75,0.816327,1.502216,1.502216
2026-03-13_15:30_노원구,3,장안 마실 골목형상점가,동대문구,market,0.6299,3,0.25,1.0,0.8,0.35,0.75,0.959184,1.290359,1.290359
2026-03-13_15:30_노원구,4,남대문시장,중구,market,0.7056,1,0.0,1.0,0.8,0.35,0.75,1.0,1.2431,1.2431
2026-03-13_15:30_노원구,5,상봉먹자 골목형상점가,중랑구,market,0.4738,15,0.45,1.0,0.8,0.35,0.75,0.714286,1.222014,1.222014
2026-03-13_15:30_노원구,6,방학동도깨비시장,도봉구,market,0.4733,21,0.45,1.0,0.8,0.35,0.75,0.591837,1.215392,1.215392
2026-03-13_15:30_노원구,7,사가정시장,중랑구,market,0.4731,24,0.45,1.0,0.8,0.35,0.75,0.530612,1.212131,1.212131
2026-03-13_15:30_노원구,8,면목시장(골목형),중랑구,market,0.4729,27,0.45,1.0,0.8,0.35,0.75,0.469388,1.208869,1.208869
2026-03-13_15:30_노원구,9,서울약령시장,동대문구,market,0.5526,8,0.25,1.0,0.8,0.35,0.75,0.857143,1.207957,1.207957
2026-03-13_15:30_노원구,10,쌍문시장,도봉구,market,0.4726,30,0.45,1.0,0.8,0.35,0.75,0.408163,1.205508,1.205508
2026-03-16_13:00_구로구,1,오류버들시장 골목형상점가,구로구,market,0.4915,4,1.0,1.0,0.85,0.35,0.75,0.938776,1.530939,1.530939
2026-03-16_13:00_구로구,2,남구로시장,구로구,market,0.4811,5,1.0,1.0,0.85,0.35,0.75,0.918367,1.519518,1.519518
2026-03-16_13:00_구로구,3,그라운드고척 골목형상점가,구로구,market,0.4792,6,1.0,1.0,0.85,0.35,0.75,0.897959,1.516598,1.516598
2026-03-16_13:00_구로구,4,구로시장,구로구,market,0.4737,7,1.0,1.0,0.85,0.35,0.75,0.877551,1.510078,1.510078
2026-03-16_13:00_구로구,5,가리봉시장,구로구,market,0.4705,8,1.0,1.0,0.85,0.35,0.75,0.857143,1.505857,1.505857
2026-03-16_13:00_구로구,6,고척근린시장,구로구,market,0.4696,9,1.0,1.0,0.85,0.35,0.75,0.836735,1.503937,1.503937
2026-03-16_13:00_구로구,7,개봉중앙 골목형상점가,구로구,market,0.4681,10,1.0,1.0,0.85,0.35,0.75,0.816327,1.501416,1.501416
2026-03-16_13:00_구로구,8,남대문시장,중구,market,0.7056,1,0.0,1.0,0.85,0.35,0.75,1.0,1.2481,1.2481
2026-03-16_13:00_구로구,9,동대문종합시장,종로구,market,0.6301,2,0.0,1.0,0.85,0.35,0.75,0.979592,1.17158,1.17158
2026-03-16_13:00_구로구,10,장안 마실 골목형상점가,동대문구,market,0.6299,3,0.0,1.0,0.85,0.35,0.75,0.959184,1.170359,1.170359
2026-03-16_14:00_구로구,1,구로노인종합복지관,구로구,senior_friendly,0.9351,10,1.0,1.0,0.55,0.53,1.0,0.816327,1.986916,1.986916
2026-03-16_14:00_구로구,2,관악노인종합복지관,관악구,senior_friendly,0.9351,12,0.45,1.0,0.55,0.53,1.0,0.77551,1.709876,1.709876
2026-03-16_14:00_구로구,3,성수1가2동노인복지관 대현분소,성동구,senior_friendly,0.9739,1,0.0,1.0,0.55,0.53,1.0,1.0,1.5349,1.5349
2026-03-16_14:00_구로구,4,강남구립 도곡1노인복지관,강남구,senior_friendly,0.9689,2,0.0,1.0,0.55,0.53,1.0,0.979592,1.52888,1.52888
2026-03-16_14:00_구로구,5,강동구립 해공노인복지관,강동구,senior_friendly,0.9673,3,0.0,1.0,0.55,0.53,1.0,0.959184,1.526259,1.526259
2026-03-16_14:00_구로구,6,구립 자양노인복지관,광진구,senior_friendly,0.964,4,0.0,1.0,0.55,0.53,1.0,0.938776,1.521939,1.521939
2026-03-16_14:00_구로구,7,구립갈현노인복지관,은평구,senior_friendly,0.9624,5,0.0,1.0,0.55,0.53,1.0,0.918367,1.519318,1.519318
2026-03-16_14:00_구로구,8,용강 노인복지관,마포구,senior_friendly,0.9607,6,0.0,1.0,0.55,0.53,1.0,0.897959,1.516598,1.516598
2026-03-16_14:00_구로구,9,북가좌노인복지관,서대문구,senior_friendly,0.9607,7,0.0,1.0,0.55,0.53,1.0,0.877551,1.515578,1.515578
2026-03-16_14:00_구로구,10,청파노인복지관,용산구,senior_friendly,0.9591,8,0.0,1.0,0.55,0.53,1.0,0.857143,1.512957,1.512957
2026-03-17_14:00_마포구,1,아현시장,마포구,market,0.4776,6,1.0,1.0,0.8,0.35,0.75,0.897959,1.509998,1.509998
2026-03-17_14:00_마포구,2,연남동골목형상점가,마포구,market,0.4764,7,1.0,1.0,0.8,0.35,0.75,0.877551,1.507778,1.507778
2026-03-17_14:00_마포구,3,망원시장,마포구,market,0.4721,8,1.0,1.0,0.8,0.35,0.75,0.857143,1.502457,1.502457
2026-03-17_14:00_마포구,4,홍대레드로드골목형상점가,마포구,market,0.4699,9,1.0,1.0,0.8,0.35,0.75,0.836735,1.499237,1.499237
2026-03-17_14:00_마포구,5,망원동월드컵시장,마포구,market,0.4684,10,1.0,1.0,0.8,0.35,0.75,0.816327,1.496716,1.496716
2026-03-17_14:00_마포구,6,남대문시장,중구,market,0.7056,1,0.0,1.0,0.8,0.35,0.75,1.0,1.2431,1.2431
2026-03-17_14:00_마포구,7,남이동길골목형상점가,서대문구,market,0.4684,12,0.45,1.0,0.8,0.35,0.75,0.77551,1.219676,1.219676
2026-03-17_14:00_마포구,8,영천시장,서대문구,market,0.4684,14,0.45,1.0,0.8,0.35,0.75,0.734694,1.217635,1.217635
2026-03-17_14:00_마포구,9,대림골목시장,은평구,market,0.4683,16,0.45,1.0,0.8,0.35,0.75,0.693878,1.215494,1.215494
2026-03-17_14:00_마포구,10,강서행복한길골목형상점가,강서구,market,0.4681,21,0.45,1.0,0.8,0.35,0.75,0.591837,1.210192,1.210192
2026-03-19_10:00_송파구,1,잠실(송파구청),송파구,subway,0.8013,2,1.0,1.0,0.3,0.35,0.7,0.979592,1.78528,1.78528
2026-03-19_10:00_송파구,2,신림,관악구,subway,0.9468,1,0.0,1.0,0.3,0.35,0.7,1.0,1.4318,1.4318
2026-03-19_10:00_송파구,3,서울역,중구,subway,0.7902,3,0.0,1.0,0.3,0.35,0.7,0.959184,1.273159,1.273159
2026-03-19_10:00_송파구,4,구의(광진구청),광진구,subway,0.5673,16,0.45,1.0,0.3,0.35,0.7,0.693878,1.261994,1.261994
2026-03-19_10:00_송파구,5,구로디지털단지,구로구,subway,0.776,4,0.0,1.0,0.3,0.35,0.7,0.938776,1.257939,1.257939
2026-03-19_10:00_송파구,6,강남,강남구,subway,0.554,20,0.45,1.0,0.3,0.35,0.7,0.612245,1.244612,1.244612
2026-03-19_10:00_송파구,7,서울대입구(관악구청),관악구,subway,0.7382,5,0.0,1.0,0.3,0.35,0.7,0.918367,1.219118,1.219118
2026-03-19_10:00_송파구,8,건대입구,광진구,subway,0.5155,31,0.45,1.0,0.3,0.35,0.7,0.387755,1.194888,1.194888
2026-03-19_10:00_송파구,9,신도림,구로구,subway,0.7139,6,0.0,1.0,0.3,0.35,0.7,0.897959,1.193798,1.193798
2026-03-19_10:00_송파구,10,연신내,은평구,subway,0.667,7,0.0,1.0,0.3,0.35,0.7,0.877551,1.145878,1.145878
2026-03-24_17:00_광화문,1,서울역,중구,subway,0.9642,1,0.45,1.0,1.0,0.35,0.7,1.0,1.7442,1.7442
2026-03-24_17:00_광화문,2,종각,종로구,subway,0.5903,18,1.0,1.0,1.0,0.35,0.7,0.653061,1.627953,1.627953
2026-03-24_17:00_광화문,3,혜화,종로구,subway,0.5759,22,1.0,1.0,1.0,0.35,0.7,0.571429,1.609471,1.609471
2026-03-24_17:00_광화문,4,잠실(송파구청),송파구,subway,0.9611,2,0.0,1.0,1.0,0.35,0.7,0.979592,1.51508,1.51508
2026-03-24_17:00_광화문,5,강남,강남구,subway,0.9318,3,0.0,1.0,1.0,0.35,0.7,0.959184,1.484759,1.484759
2026-03-24_17:00_광화문,6,을지로입구,중구,subway,0.6806,12,0.45,1.0,1.0,0.35,0.7,0.77551,1.449376,1.449376
2026-03-24_17:00_광화문,7,홍대입구,마포구,subway,0.8656,4,0.0,1.0,1.0,0.35,0.7,0.938776,1.417539,1.417539
2026-03-24_17:00_광화문,8,성수,성동구,subway,0.7287,7,0.25,1.0,1.0,0.35,0.7,0.877551,1.402578,1.402578
2026-03-24_17:00_광화문,9,용산,용산구,subway,0.7194,9,0.25,1.0,1.0,0.35,0.7,0.836735,1.391237,1.391237
2026-03-24_17:00_광화문,10,고속터미널,서초구,subway,0.8161,5,0.0,1.0,1.0,0.35,0.7,0.918367,1.367018,1.367018
2026-03-24_17:40_종로구,1,동대문종합시장,종로구,market,0.6301,1,1.0,1.0,0.8,0.35,0.75,1.0,1.6676,1.6676
2026-03-24_17:40_종로구,2,광장전통시장,종로구,market,0.5714,2,1.0,1.0,0.8,0.35,0.75,0.979592,1.60788,1.60788
2026-03-24_17:40_종로구,3,광장시장,종로구,market,0.5254,3,1.0,1.0,0.8,0.35,0.75,0.959184,1.560859,1.560859
2026-03-24_17:40_종로구,4,동대문종합시장D동,종로구,market,0.4968,4,1.0,1.0,0.8,0.35,0.75,0.938776,1.531239,1.531239
2026-03-24_17:40_종로구,5,동대문문구?완구거리,종로구,market,0.4736,5,1.0,1.0,0.8,0.35,0.75,0.918367,1.507018,1.507018
2026-03-24_17:40_종로구,6,동묘시장,종로구,market,0.4726,6,1.0,1.0,0.8,0.35,0.75,0.897959,1.504998,1.504998
2026-03-24_17:40_종로구,7,창신골목시장,종로구,market,0.472,7,1.0,1.0,0.8,0.35,0.75,0.877551,1.503378,1.503378
2026-03-24_17:40_종로구,8,세종마을음식문화거리,종로구,market,0.4714,8,1.0,1.0,0.8,0.35,0.75,0.857143,1.501757,1.501757
2026-03-24_17:40_종로구,9,북촌계동길 골목형상점가,종로구,market,0.4713,9,1.0,1.0,0.8,0.35,0.75,0.836735,1.500637,1.500637
2026-03-24_17:40_종로구,10,통인시장,종로구,market,0.4694,10,1.0,1.0,0.8,0.35,0.75,0.816327,1.497716,1.497716
2026-03-25_17:20_광진구,1,신성전통시장,광진구,market,0.477,3,1.0,1.0,0.8,0.35,0.75,0.959184,1.512459,1.512459
2026-03-25_17:20_광진구,2,자양전통시장,광진구,market,0.4758,4,1.0,1.0,0.8,0.35,0.75,0.938776,1.510239,1.510239
2026-03-25_17:20_광진구,3,중곡제일골목시장,광진구,market,0.4754,5,1.0,1.0,0.8,0.35,0.75,0.918367,1.508818,1.508818
2026-03-25_17:20_광진구,4,건리단길골목형상점가,광진구,market,0.4751,6,1.0,1.0,0.8,0.35,0.75,0.897959,1.507498,1.507498
2026-03-25_17:20_광진구,5,자양15번가 골목형상점가,광진구,market,0.475,7,1.0,1.0,0.8,0.35,0.75,0.877551,1.506378,1.506378
2026-03-25_17:20_광진구,6,화양제일골목시장,광진구,market,0.4717,8,1.0,1.0,0.8,0.35,0.75,0.857143,1.502057,1.502057
2026-03-25_17:20_광진구,7,자양한강전통시장,광진구,market,0.4712,9,1.0,1.0,0.8,0.35,0.75,0.836735,1.500537,1.500537
2026-03-25_17:20_광진구,8,영동교골목시장,광진구,market,0.4712,10,1.0,1.0,0.8,0.35,0.75,0.816327,1.499516,1.499516
2026-03-25_17:20_광진구,9,남대문시장,중구,market,0.7056,1,0.0,1.0,0.8,0.35,0.75,1.0,1.2431,1.2431
2026-03-25_17:20_광진구,10,금남시장,성동구,market,0.4707,22,0.45,1.0,0.8,0.35,0.75,0.571429,1.211771,1.211771
2026-03-25_18:15_광진구,1,신성전통시장,광진구,market,0.477,3,1.0,1.0,0.8,0.35,0.75,0.959184,1.512459,1.512459
2026-03-25_18:15_광진구,2,자양전통시장,광진구,market,0.4758,4,1.0,1.0,0.8,0.35,0.75,0.938776,1.510239,1.510239
2026-03-25_18:15_광진구,3,중곡제일골목시장,광진구,market,0.4754,5,1.0,1.0,0.8,0.35,0.75,0.918367,1.508818,1.508818
2026-03-25_18:15_광진구,4,건리단길골목형상점가,광진구,market,0.4751,6,1.0,1.0,0.8,0.35,0.75,0.897959,1.507498,1.507498
2026-03-25_18:15_광진구,5,자양15번가 골목형상점가,광진구,market,0.475,7,1.0,1.0,0.8,0.35,0.75,0.877551,1.506378,1.506378
2026-03-25_18:15_광진구,6,화양제일골목시장,광진구,market,0.4717,8,1.0,1.0,0.8,0.35,0.75,0.857143,1.502057,1.502057
2026-03-25_18:15_광진구,7,자양한강전통시장,광진구,market,0.4712,9,1.0,1.0,0.8,0.35,0.75,0.836735,1.500537,1.500537
2026-03-25_18:15_광진구,8,영동교골목시장,광진구,market,0.4712,10,1.0,1.0,0.8,0.35,0.75,0.816327,1.499516,1.499516
2026-03-25_18:15_광진구,9,남대문시장,중구,market,0.7056,1,0.0,1.0,0.8,0.35,0.75,1.0,1.2431,1.2431
2026-03-25_18:15_광진구,10,금남시장,성동구,market,0.4707,22,0.45,1.0,0.8,0.35,0.75,0.571429,1.211771,1.211771
2026-03-26_16:00_관악구,1,신림,관악구,subway,0.6921,7,1.0,1.0,0.25,0.35,0.7,0.877551,1.665978,1.665978
2026-03-26_16:00_관악구,2,서울대입구(관악구청),관악구,subway,0.628,8,1.0,1.0,0.25,0.35,0.7,0.857143,1.600857,1.600857
2026-03-26_16:00_관악구,3,고속터미널,서초구,subway,0.8161,5,0.45,1.0,0.25,0.35,0.7,0.918367,1.517018,1.517018
2026-03-26_16:00_관악구,4,서울역,중구,subway,0.9642,1,0.0,1.0,0.25,0.35,0.7,1.0,1.4442,1.4442
2026-03-26_16:00_관악구,5,낙성대(강감찬),관악구,subway,0.4696,9,1.0,1.0,0.25,0.35,0.7,0.836735,1.441437,1.441437
2026-03-26_16:00_관악구,6,잠실(송파구청),송파구,subway,0.9611,2,0.0,1.0,0.25,0.35,0.7,0.979592,1.44008,1.44008
2026-03-26_16:00_관악구,7,봉천,관악구,subway,0.4399,10,1.0,1.0,0.25,0.35,0.7,0.816327,1.410716,1.410716
2026-03-26_16:00_관악구,8,강남,강남구,subway,0.9318,3,0.0,1.0,0.25,0.35,0.7,0.959184,1.409759,1.409759
2026-03-26_16:00_관악구,9,홍대입구,마포구,subway,0.8656,4,0.0,1.0,0.25,0.35,0.7,0.938776,1.342539,1.342539
2026-03-26_16:00_관악구,10,삼성(무역센터),강남구,subway,0.7312,6,0.0,1.0,0.25,0.35,0.7,0.897959,1.206098,1.206098
2026-03-26_16:15_관악구,1,신림별빛거리 골목형상점가,관악구,market,0.4918,2,1.0,1.0,0.8,0.35,0.75,0.979592,1.52828,1.52828
2026-03-26_16:15_관악구,2,녹두S밸리 골목형상점가,관악구,market,0.4746,3,1.0,1.0,0.8,0.35,0.75,0.959184,1.510059,1.510059
2026-03-26_16:15_관악구,3,행운담길 골목형상점가,관악구,market,0.4739,4,1.0,1.0,0.8,0.35,0.75,0.938776,1.508339,1.508339
2026-03-26_16:15_관악구,4,녹두 골목형상점가,관악구,market,0.4733,5,1.0,1.0,0.8,0.35,0.75,0.918367,1.506718,1.506718
2026-03-26_16:15_관악구,5,삼성동시장,관악구,market,0.4717,6,1.0,1.0,0.8,0.35,0.75,0.897959,1.504098,1.504098
2026-03-26_16:15_관악구,6,신원시장,관악구,market,0.4713,7,1.0,1.0,0.8,0.35,0.75,0.877551,1.502678,1.502678
2026-03-26_16:15_관악구,7,조원동펭귄시장,관악구,market,0.471,8,1.0,1.0,0.8,0.35,0.75,0.857143,1.501357,1.501357
2026-03-26_16:15_관악구,8,관악신사시장,관악구,market,0.4703,9,1.0,1.0,0.8,0.35,0.75,0.836735,1.499637,1.499637
2026-03-26_16:15_관악구,9,인헌시장,관악구,market,0.4699,10,1.0,1.0,0.8,0.35,0.75,0.816327,1.498216,1.498216
2026-03-26_16:15_관악구,10,남대문시장,중구,market,0.7056,1,0.0,1.0,0.8,0.35,0.75,1.0,1.2431,1.2431
2026-03-28_12:50_성동구,1,성수,성동구,subway,0.7287,7,1.0,1.0,0.2,0.35,0.7,0.877551,1.697578,1.697578
2026-03-28_12:50_성동구,2,서울역,중구,subway,0.9642,1,0.45,1.0,0.2,0.35,0.7,1.0,1.6642,1.6642
2026-03-28_12:50_성동구,3,강남,강남구,subway,0.9318,3,0.45,1.0,0.2,0.35,0.7,0.959184,1.629759,1.629759
2026-03-28_12:50_성동구,4,잠실(송파구청),송파구,subway,0.9611,2,0.0,1.0,0.2,0.35,0.7,0.979592,1.43508,1.43508
2026-03-28_12:50_성동구,5,삼성(무역센터),강남구,subway,0.7312,6,0.45,1.0,0.2,0.35,0.7,0.897959,1.426098,1.426098
2026-03-28_12:50_성동구,6,선릉,강남구,subway,0.7238,8,0.45,1.0,0.2,0.35,0.7,0.857143,1.416657,1.416657
2026-03-28_12:50_성동구,7,용산,용산구,subway,0.7194,9,0.45,1.0,0.2,0.35,0.7,0.836735,1.411237,1.411237
2026-03-28_12:50_성동구,8,왕십리(성동구청),성동구,subway,0.3918,10,1.0,1.0,0.2,0.35,0.7,0.816327,1.357616,1.357616
2026-03-28_12:50_성동구,9,홍대입구,마포구,subway,0.8656,4,0.0,1.0,0.2,0.35,0.7,0.938776,1.337539,1.337539
2026-03-28_12:50_성동구,10,고속터미널,서초구,subway,0.8161,5,0.0,1.0,0.2,0.35,0.7,0.918367,1.287018,1.287018
2026-03-30_11:00_동작구,1,노량진수산시장골목형상점가,동작구,market,0.4672,1,1.0,1.0,0.7,0.35,0.75,1.0,1.4947,1.4947
2026-03-30_11:00_동작구,2,성대전통시장,동작구,market,0.4285,4,1.0,1.0,0.7,0.53,0.75,0.938776,1.488939,1.488939
2026-03-30_11:00_동작구,3,상도전통시장,동작구,market,0.4259,7,1.0,1.0,0.7,0.53,0.75,0.877551,1.483278,1.483278
2026-03-30_11:00_동작구,4,이수미로 골목형상점가,동작구,market,0.4371,2,1.0,1.0,0.7,0.35,0.75,0.979592,1.46358,1.46358
2026-03-30_11:00_동작구,5,숭실마루길 골목형상점가,동작구,market,0.4293,3,1.0,1.0,0.7,0.35,0.75,0.959184,1.454759,1.454759
2026-03-30_11:00_동작구,6,남성사계시장(남성시장),동작구,market,0.4273,5,1.0,1.0,0.7,0.35,0.75,0.918367,1.450718,1.450718
2026-03-30_11:00_동작구,7,흑석시장 골목형상점가,동작구,market,0.4267,6,1.0,1.0,0.7,0.35,0.75,0.897959,1.449098,1.449098
2026-03-30_11:00_동작구,8,본동인정시장,동작구,market,0.4254,8,1.0,1.0,0.7,0.35,0.75,0.857143,1.445757,1.445757
2026-03-30_11:00_동작구,9,보라매다올길골목형상점가,동작구,market,0.4252,9,1.0,1.0,0.7,0.35,0.75,0.836735,1.444537,1.444537
2026-03-30_11:00_동작구,10,신대방1동 온누리길 골목형상점가,동작구,market,0.4236,10,1.0,1.0,0.7,0.35,0.75,0.816327,1.441916,1.441916
2026-03-31_11:30_동대문구,1,신림,관악구,subway,0.9468,1,0.0,1.0,0.3,0.35,0.7,1.0,1.4318,1.4318
2026-03-31_11:30_동대문구,2,잠실(송파구청),송파구,subway,0.8013,2,0.0,1.0,0.3,0.35,0.7,0.979592,1.28528,1.28528
2026-03-31_11:30_동대문구,3,서울역,중구,subway,0.7902,3,0.0,1.0,0.3,0.35,0.7,0.959184,1.273159,1.273159
2026-03-31_11:30_동대문구,4,구의(광진구청),광진구,subway,0.5673,16,0.45,1.0,0.3,0.35,0.7,0.693878,1.261994,1.261994
2026-03-31_11:30_동대문구,5,구로디지털단지,구로구,subway,0.776,4,0.0,1.0,0.3,0.35,0.7,0.938776,1.257939,1.257939
2026-03-31_11:30_동대문구,6,쌍문,도봉구,subway,0.623,10,0.25,1.0,0.3,0.35,0.7,0.816327,1.223816,1.223816
2026-03-31_11:30_동대문구,7,서울대입구(관악구청),관악구,subway,0.7382,5,0.0,1.0,0.3,0.35,0.7,0.918367,1.219118,1.219118
2026-03-31_11:30_동대문구,8,수유(강북구청),강북구,subway,0.6126,11,0.25,1.0,0.3,0.35,0.7,0.795918,1.212396,1.212396
2026-03-31_11:30_동대문구,9,건대입구,광진구,subway,0.5155,31,0.45,1.0,0.3,0.35,0.7,0.387755,1.194888,1.194888
2026-03-31_11:30_동대문구,10,신도림,구로구,subway,0.7139,6,0.0,1.0,0.3,0.35,0.7,0.897959,1.193798,1.193798
2026-04-02_16:00_양천구,1,서울역,중구,subway,0.9642,1,0.0,1.0,0.25,0.35,0.7,1.0,1.4442,1.4442
2026-04-02_16:00_양천구,2,잠실(송파구청),송파구,subway,0.9611,2,0.0,1.0,0.25,0.35,0.7,0.979592,1.44008,1.44008
2026-04-02_16:00_양천구,3,강남,강남구,subway,0.9318,3,0.0,1.0,0.25,0.35,0.7,0.959184,1.409759,1.409759
2026-04-02_16:00_양천구,4,구로디지털단지,구로구,subway,0.6961,10,0.45,1.0,0.25,0.35,0.7,0.816327,1.391916,1.391916
2026-04-02_16:00_양천구,5,신도림,구로구,subway,0.6595,13,0.45,1.0,0.25,0.35,0.7,0.755102,1.352255,1.352255
2026-04-02_16:00_양천구,6,영등포,영등포구,subway,0.6567,14,0.45,1.0,0.25,0.35,0.7,0.734694,1.348435,1.348435
2026-04-02_16:00_양천구,7,홍대입구,마포구,subway,0.8656,4,0.0,1.0,0.25,0.35,0.7,0.938776,1.342539,1.342539
2026-04-02_16:00_양천구,8,고속터미널,서초구,subway,0.8161,5,0.0,1.0,0.25,0.35,0.7,0.918367,1.292018,1.292018
2026-04-02_16:00_양천구,9,신림,관악구,subway,0.6921,11,0.25,1.0,0.25,0.35,0.7,0.795918,1.286896,1.286896
2026-04-02_16:00_양천구,10,서울대입구(관악구청),관악구,subway,0.628,16,0.25,1.0,0.25,0.35,0.7,0.693878,1.217694,1.217694
2026-04-04_10:00_노원구,1,신림,관악구,subway,0.9468,1,0.0,1.0,0.3,0.35,0.7,1.0,1.4318,1.4318
2026-04-04_10:00_노원구,2,노원,노원구,subway,0.4295,10,1.0,1.0,0.3,0.35,0.7,0.816327,1.405316,1.405316
2026-04-04_10:00_노원구,3,잠실(송파구청),송파구,subway,0.8013,2,0.0,1.0,0.3,0.35,0.7,0.979592,1.28528,1.28528
2026-04-04_10:00_노원구,4,서울역,중구,subway,0.7902,3,0.0,1.0,0.3,0.35,0.7,0.959184,1.273159,1.273159
2026-04-04_10:00_노원구,5,구로디지털단지,구로구,subway,0.776,4,0.0,1.0,0.3,0.35,0.7,0.938776,1.257939,1.257939
2026-04-04_10:00_노원구,6,서울대입구(관악구청),관악구,subway,0.7382,5,0.0,1.0,0.3,0.35,0.7,0.918367,1.219118,1.219118
2026-04-04_10:00_노원구,7,신도림,구로구,subway,0.7139,6,0.0,1.0,0.3,0.35,0.7,0.897959,1.193798,1.193798
2026-04-04_10:00_노원구,8,연신내,은평구,subway,0.667,7,0.0,1.0,0.3,0.35,0.7,0.877551,1.145878,1.145878
2026-04-04_10:00_노원구,9,까치산,강서구,subway,0.6301,8,0.0,1.0,0.3,0.35,0.7,0.857143,1.107957,1.107957
2026-04-04_10:00_노원구,10,화곡,강서구,subway,0.6251,9,0.0,1.0,0.3,0.35,0.7,0.836735,1.101937,1.101937
2026-04-05_17:40_양천구,1,서울역,중구,subway,0.9642,1,0.0,1.0,1.0,0.35,0.7,1.0,1.5192,1.5192
2026-04-05_17:40_양천구,2,잠실(송파구청),송파구,subway,0.9611,2,0.0,1.0,1.0,0.35,0.7,0.979592,1.51508,1.51508
2026-04-05_17:40_양천구,3,강남,강남구,subway,0.9318,3,0.0,1.0,1.0,0.35,0.7,0.959184,1.484759,1.484759
2026-04-05_17:40_양천구,4,구로디지털단지,구로구,subway,0.6961,10,0.45,1.0,1.0,0.35,0.7,0.816327,1.466916,1.466916
2026-04-05_17:40_양천구,5,신도림,구로구,subway,0.6595,13,0.45,1.0,1.0,0.35,0.7,0.755102,1.427255,1.427255
2026-04-05_17:40_양천구,6,영등포,영등포구,subway,0.6567,14,0.45,1.0,1.0,0.35,0.7,0.734694,1.423435,1.423435
2026-04-05_17:40_양천구,7,홍대입구,마포구,subway,0.8656,4,0.0,1.0,1.0,0.35,0.7,0.938776,1.417539,1.417539
2026-04-05_17:40_양천구,8,고속터미널,서초구,subway,0.8161,5,0.0,1.0,1.0,0.35,0.7,0.918367,1.367018,1.367018
2026-04-05_17:40_양천구,9,신림,관악구,subway,0.6921,11,0.25,1.0,1.0,0.35,0.7,0.795918,1.361896,1.361896
2026-04-05_17:40_양천구,10,서울대입구(관악구청),관악구,subway,0.628,16,0.25,1.0,1.0,0.35,0.7,0.693878,1.292694,1.292694
2026-04-06_16:30_강북구,1,수유전통시장,강북구,market,0.4681,10,1.0,1.0,0.8,0.53,0.75,0.816327,1.532416,1.532416
2026-04-06_16:30_강북구,2,강북북부골목시장,강북구,market,0.4721,2,1.0,1.0,0.8,0.35,0.75,0.979592,1.50858,1.50858
2026-04-06_16:30_강북구,3,미소상인회 골목형상점가,강북구,market,0.4717,3,1.0,1.0,0.8,0.35,0.75,0.959184,1.507159,1.507159
2026-04-06_16:30_강북구,4,오패산로 골목형상점가,강북구,market,0.4713,4,1.0,1.0,0.8,0.35,0.75,0.938776,1.505739,1.505739
2026-04-06_16:30_강북구,5,우이골목시장골목형상점가,강북구,market,0.471,5,1.0,1.0,0.8,0.35,0.75,0.918367,1.504418,1.504418
2026-04-06_16:30_강북구,6,인수로골목형상점가,강북구,market,0.4709,6,1.0,1.0,0.8,0.35,0.75,0.897959,1.503298,1.503298
2026-04-06_16:30_강북구,7,수유재래시장,강북구,market,0.4702,7,1.0,1.0,0.8,0.35,0.75,0.877551,1.501578,1.501578
2026-04-06_16:30_강북구,8,솔샘시장 골목형상점가,강북구,market,0.4701,8,1.0,1.0,0.8,0.35,0.75,0.857143,1.500457,1.500457
2026-04-06_16:30_강북구,9,장미원골목시장,강북구,market,0.4688,9,1.0,1.0,0.8,0.35,0.75,0.836735,1.498137,1.498137
2026-04-06_16:30_강북구,10,남대문시장,중구,market,0.7056,1,0.0,1.0,0.8,0.35,0.75,1.0,1.2431,1.2431
2026-04-06_18:00_성북구,1,월곡달빛오거리골목형상점가,성북구,market,0.4759,1,1.0,1.0,0.8,0.53,0.75,1.0,1.5494,1.5494
2026-04-06_18:00_성북구,2,종암북바위길골목형상점가,성북구,market,0.4748,3,1.0,1.0,0.8,0.53,0.75,0.959184,1.546259,1.546259
2026-04-06_18:00_성북구,3,성북천골목형상점가,성북구,market,0.4707,6,1.0,1.0,0.8,0.53,0.75,0.897959,1.539098,1.539098
2026-04-06_18:00_성북구,4,정릉서경대길골목형상점가,성북구,market,0.4695,8,1.0,1.0,0.8,0.53,0.75,0.857143,1.535857,1.535857
2026-04-06_18:00_성북구,5,꿈의숲장곡골목형상점가,성북구,market,0.4684,10,1.0,1.0,0.8,0.53,0.75,0.816327,1.532716,1.532716
2026-04-06_18:00_성북구,6,배밭골골목형상점가,성북구,market,0.4683,18,1.0,1.0,0.8,0.53,0.75,0.653061,1.524453,1.524453
2026-04-06_18:00_성북구,7,석계음식문화거리,성북구,market,0.4756,2,1.0,1.0,0.8,0.35,0.75,0.979592,1.51208,1.51208
2026-04-06_18:00_성북구,8,돈암시장,성북구,market,0.4738,4,1.0,1.0,0.8,0.35,0.75,0.938776,1.508239,1.508239
2026-04-06_18:00_성북구,9,정릉시장,성북구,market,0.473,5,1.0,1.0,0.8,0.35,0.75,0.918367,1.506418,1.506418
2026-04-06_18:00_성북구,10,돌곶이시장,성북구,market,0.4704,7,1.0,1.0,0.8,0.35,0.75,0.877551,1.501778,1.501778
2026-04-07_15:40_동작구,1,노량진수산시장골목형상점가,동작구,market,0.5136,1,1.0,1.0,0.8,0.35,0.75,1.0,1.5511,1.5511
2026-04-07_15:40_동작구,2,성대전통시장,동작구,market,0.4756,4,1.0,1.0,0.8,0.53,0.75,0.938776,1.546039,1.546039
2026-04-07_15:40_동작구,3,상도전통시장,동작구,market,0.4731,7,1.0,1.0,0.8,0.53,0.75,0.877551,1.540478,1.540478
2026-04-07_15:40_동작구,4,이수미로 골목형상점가,동작구,market,0.4843,2,1.0,1.0,0.8,0.35,0.75,0.979592,1.52078,1.52078
2026-04-07_15:40_동작구,5,숭실마루길 골목형상점가,동작구,market,0.4765,3,1.0,1.0,0.8,0.35,0.75,0.959184,1.511959,1.511959
2026-04-07_15:40_동작구,6,남성사계시장(남성시장),동작구,market,0.4745,5,1.0,1.0,0.8,0.35,0.75,0.918367,1.507918,1.507918
2026-04-07_15:40_동작구,7,흑석시장 골목형상점가,동작구,market,0.4738,6,1.0,1.0,0.8,0.35,0.75,0.897959,1.506198,1.506198
2026-04-07_15:40_동작구,8,본동인정시장,동작구,market,0.4726,8,1.0,1.0,0.8,0.35,0.75,0.857143,1.502957,1.502957
2026-04-07_15:40_동작구,9,보라매다올길골목형상점가,동작구,market,0.4724,9,1.0,1.0,0.8,0.35,0.75,0.836735,1.501737,1.501737
2026-04-07_15:40_동작구,10,신대방1동 온누리길 골목형상점가,동작구,market,0.4707,10,1.0,1.0,0.8,0.35,0.75,0.816327,1.499016,1.499016
2026-04-07_16:40_동작구,1,노량진수산시장골목형상점가,동작구,market,0.5136,1,1.0,1.0,0.8,0.35,0.75,1.0,1.5511,1.5511
2026-04-07_16:40_동작구,2,성대전통시장,동작구,market,0.4756,4,1.0,1.0,0.8,0.53,0.75,0.938776,1.546039,1.546039
2026-04-07_16:40_동작구,3,상도전통시장,동작구,market,0.4731,7,1.0,1.0,0.8,0.53,0.75,0.877551,1.540478,1.540478
2026-04-07_16:40_동작구,4,이수미로 골목형상점가,동작구,market,0.4843,2,1.0,1.0,0.8,0.35,0.75,0.979592,1.52078,1.52078
2026-04-07_16:40_동작구,5,숭실마루길 골목형상점가,동작구,market,0.4765,3,1.0,1.0,0.8,0.35,0.75,0.959184,1.511959,1.511959
2026-04-07_16:40_동작구,6,남성사계시장(남성시장),동작구,market,0.4745,5,1.0,1.0,0.8,0.35,0.75,0.918367,1.507918,1.507918
2026-04-07_16:40_동작구,7,흑석시장 골목형상점가,동작구,market,0.4738,6,1.0,1.0,0.8,0.35,0.75,0.897959,1.506198,1.506198
2026-04-07_16:40_동작구,8,본동인정시장,동작구,market,0.4726,8,1.0,1.0,0.8,0.35,0.75,0.857143,1.502957,1.502957
2026-04-07_16:40_동작구,9,보라매다올길골목형상점가,동작구,market,0.4724,9,1.0,1.0,0.8,0.35,0.75,0.836735,1.501737,1.501737
2026-04-07_16:40_동작구,10,신대방1동 온누리길 골목형상점가,동작구,market,0.4707,10,1.0,1.0,0.8,0.35,0.75,0.816327,1.499016,1.499016
2026-04-08_17:00_서대문구,1,포방터시장,서대문구,market,0.4698,8,1.0,1.0,0.8,0.35,0.75,0.857143,1.500157,1.500157
2026-04-08_17:00_서대문구,2,영천시장,서대문구,market,0.4684,9,1.0,1.0,0.8,0.35,0.75,0.836735,1.497737,1.497737
2026-04-08_17:00_서대문구,3,남이동길골목형상점가,서대문구,market,0.4684,10,1.0,1.0,0.8,0.35,0.75,0.816327,1.496716,1.496716
2026-04-08_17:00_서대문구,4,남대문시장,중구,market,0.7056,1,0.45,1.0,0.8,0.35,0.75,1.0,1.4681,1.4681
2026-04-08_17:00_서대문구,5,동대문종합시장,종로구,market,0.6301,2,0.45,1.0,0.8,0.35,0.75,0.979592,1.39158,1.39158
2026-04-08_17:00_서대문구,6,광장전통시장,종로구,market,0.5714,5,0.45,1.0,0.8,0.53,0.75,0.918367,1.365818,1.365818
2026-04-08_17:00_서대문구,7,평화시장,중구,market,0.5528,7,0.45,1.0,0.8,0.35,0.75,0.877551,1.309178,1.309178
2026-04-08_17:00_서대문구,8,망원동월드컵시장,마포구,market,0.4684,12,0.45,1.0,0.8,0.35,0.75,0.77551,1.219676,1.219676
2026-04-08_17:00_서대문구,9,대림골목시장,은평구,market,0.4683,15,0.45,1.0,0.8,0.35,0.75,0.714286,1.216514,1.216514
2026-04-08_17:00_서대문구,10,명동남산골 골목형상점가,중구,market,0.468,23,0.45,1.0,0.8,0.35,0.75,0.55102,1.208051,1.208051
2026-04-08_17:55_서대문구,1,서울역,중구,subway,0.9642,1,0.45,1.0,1.0,0.35,0.7,1.0,1.7442,1.7442
2026-04-08_17:55_서대문구,2,홍대입구,마포구,subway,0.8656,4,0.45,1.0,1.0,0.35,0.7,0.938776,1.642539,1.642539
2026-04-08_17:55_서대문구,3,잠실(송파구청),송파구,subway,0.9611,2,0.0,1.0,1.0,0.35,0.7,0.979592,1.51508,1.51508
2026-04-08_17:55_서대문구,4,강남,강남구,subway,0.9318,3,0.0,1.0,1.0,0.35,0.7,0.959184,1.484759,1.484759
2026-04-08_17:55_서대문구,5,을지로입구,중구,subway,0.6806,12,0.45,1.0,1.0,0.35,0.7,0.77551,1.449376,1.449376
2026-04-08_17:55_서대문구,6,고속터미널,서초구,subway,0.8161,5,0.0,1.0,1.0,0.35,0.7,0.918367,1.367018,1.367018
2026-04-08_17:55_서대문구,7,종각,종로구,subway,0.5903,18,0.45,1.0,1.0,0.35,0.7,0.653061,1.352953,1.352953
2026-04-08_17:55_서대문구,8,혜화,종로구,subway,0.5759,22,0.45,1.0,1.0,0.35,0.7,0.571429,1.334471,1.334471
2026-04-08_17:55_서대문구,9,명동,중구,subway,0.5738,23,0.45,1.0,1.0,0.35,0.7,0.55102,1.331351,1.331351
2026-04-08_17:55_서대문구,10,연신내,은평구,subway,0.5711,24,0.45,1.0,1.0,0.35,0.7,0.530612,1.327631,1.327631
2026-04-09_15:00_중랑구,1,우림골목시장,중랑구,market,0.4775,1,1.0,1.0,0.8,0.35,0.75,1.0,1.515,1.515
2026-04-09_15:00_중랑구,2,동원전통종합시장,중랑구,market,0.4761,2,1.0,1.0,0.8,0.35,0.75,0.979592,1.51258,1.51258
2026-04-09_15:00_중랑구,3,상봉먹자 골목형상점가,중랑구,market,0.4738,3,1.0,1.0,0.8,0.35,0.75,0.959184,1.509259,1.509259
2026-04-09_15:00_중랑구,4,사가정시장,중랑구,market,0.4731,4,1.0,1.0,0.8,0.35,0.75,0.938776,1.507539,1.507539
2026-04-09_15:00_중랑구,5,면목시장(골목형),중랑구,market,0.4729,5,1.0,1.0,0.8,0.35,0.75,0.918367,1.506318,1.506318
2026-04-09_15:00_중랑구,6,신내구길 골목형상점가,중랑구,market,0.4722,6,1.0,1.0,0.8,0.35,0.75,0.897959,1.504598,1.504598
2026-04-09_15:00_중랑구,7,사가정51길 골목형상점가,중랑구,market,0.4706,7,1.0,1.0,0.8,0.35,0.75,0.877551,1.501978,1.501978
2026-04-09_15:00_중랑구,8,중랑동부시장,중랑구,market,0.4702,8,1.0,1.0,0.8,0.35,0.75,0.857143,1.500557,1.500557
2026-04-09_15:00_중랑구,9,묵동도깨비시장 골목형상점가,중랑구,market,0.4701,9,1.0,1.0,0.8,0.35,0.75,0.836735,1.499437,1.499437
2026-04-09_15:00_중랑구,10,태능 골목형상점가,중랑구,market,0.4699,10,1.0,1.0,0.8,0.35,0.75,0.816327,1.498216,1.498216
2026-04-09_15:50_중랑구,1,우림골목시장,중랑구,market,0.4775,1,1.0,1.0,0.8,0.35,0.75,1.0,1.515,1.515
2026-04-09_15:50_중랑구,2,동원전통종합시장,중랑구,market,0.4761,2,1.0,1.0,0.8,0.35,0.75,0.979592,1.51258,1.51258
2026-04-09_15:50_중랑구,3,상봉먹자 골목형상점가,중랑구,market,0.4738,3,1.0,1.0,0.8,0.35,0.75,0.959184,1.509259,1.509259
2026-04-09_15:50_중랑구,4,사가정시장,중랑구,market,0.4731,4,1.0,1.0,0.8,0.35,0.75,0.938776,1.507539,1.507539
2026-04-09_15:50_중랑구,5,면목시장(골목형),중랑구,market,0.4729,5,1.0,1.0,0.8,0.35,0.75,0.918367,1.506318,1.506318
2026-04-09_15:50_중랑구,6,신내구길 골목형상점가,중랑구,market,0.4722,6,1.0,1.0,0.8,0.35,0.75,0.897959,1.504598,1.504598
2026-04-09_15:50_중랑구,7,사가정51길 골목형상점가,중랑구,market,0.4706,7,1.0,1.0,0.8,0.35,0.75,0.877551,1.501978,1.501978
2026-04-09_15:50_중랑구,8,중랑동부시장,중랑구,market,0.4702,8,1.0,1.0,0.8,0.35,0.75,0.857143,1.500557,1.500557
2026-04-09_15:50_중랑구,9,묵동도깨비시장 골목형상점가,중랑구,market,0.4701,9,1.0,1.0,0.8,0.35,0.75,0.836735,1.499437,1.499437
2026-04-09_15:50_중랑구,10,태능 골목형상점가,중랑구,market,0.4699,10,1.0,1.0,0.8,0.35,0.75,0.816327,1.498216,1.498216
2026-04-15_10:55_종로구,1,동대문종합시장,종로구,market,0.5837,1,1.0,1.0,0.7,0.12,0.75,1.0,1.5652,1.5652
2026-04-15_10:55_종로구,2,광장전통시장,종로구,market,0.5242,2,1.0,1.0,0.7,0.12,0.75,0.979592,1.50468,1.50468
2026-04-15_10:55_종로구,3,광장시장,종로구,market,0.479,3,1.0,1.0,0.7,0.12,0.75,0.959184,1.458459,1.458459
2026-04-15_10:55_종로구,4,동대문종합시장D동,종로구,market,0.4504,4,1.0,1.0,0.7,0.12,0.75,0.938776,1.428839,1.428839
2026-04-15_10:55_종로구,5,동대문문구?완구거리,종로구,market,0.4264,5,1.0,1.0,0.7,0.12,0.75,0.918367,1.403818,1.403818
2026-04-15_10:55_종로구,6,동묘시장,종로구,market,0.4255,6,1.0,1.0,0.7,0.12,0.75,0.897959,1.401898,1.401898
2026-04-15_10:55_종로구,7,창신골목시장,종로구,market,0.4248,7,1.0,1.0,0.7,0.12,0.75,0.877551,1.400178,1.400178
2026-04-15_10:55_종로구,8,세종마을음식문화거리,종로구,market,0.4242,8,1.0,1.0,0.7,0.12,0.75,0.857143,1.398557,1.398557
2026-04-15_10:55_종로구,9,북촌계동길 골목형상점가,종로구,market,0.4241,9,1.0,1.0,0.7,0.12,0.75,0.836735,1.397437,1.397437
2026-04-15_10:55_종로구,10,통인시장,종로구,market,0.4222,10,1.0,1.0,0.7,0.12,0.75,0.816327,1.394516,1.394516
2026-04-17_07:30_송파구,1,가락몰 골목형상점가,송파구,market,0.514,5,1.0,1.0,0.35,0.35,0.75,0.918367,1.502418,1.502418
2026-04-17_07:30_송파구,2,방이시장,송파구,market,0.4351,6,1.0,1.0,0.35,0.35,0.75,0.897959,1.422498,1.422498
2026-04-17_07:30_송파구,3,풍납시장,송파구,market,0.4315,7,1.0,1.0,0.35,0.35,0.75,0.877551,1.417878,1.417878
2026-04-17_07:30_송파구,4,새마을시장,송파구,market,0.4291,8,1.0,1.0,0.35,0.35,0.75,0.857143,1.414457,1.414457
2026-04-17_07:30_송파구,5,마천중앙시장,송파구,market,0.4285,9,1.0,1.0,0.35,0.35,0.75,0.836735,1.412837,1.412837
2026-04-17_07:30_송파구,6,석촌시장,송파구,market,0.426,10,1.0,1.0,0.35,0.35,0.75,0.816327,1.409316,1.409316
2026-04-17_07:30_송파구,7,천호로데오거리상점가,강동구,market,0.5458,4,0.45,1.0,0.35,0.35,0.75,0.938776,1.260239,1.260239
2026-04-17_07:30_송파구,8,남대문시장,중구,market,0.6592,1,0.0,1.0,0.35,0.35,0.75,1.0,1.1517,1.1517
2026-04-17_07:30_송파구,9,자양한강전통시장,광진구,market,0.424,45,0.45,1.0,0.35,0.53,0.75,0.102041,1.132602,1.132602
2026-04-17_07:30_송파구,10,화양제일골목시장,광진구,market,0.4245,32,0.45,1.0,0.35,0.35,0.75,0.367347,1.110367,1.110367
2026-04-17_15:30_강동구,1,잠실(송파구청),송파구,subway,0.9611,2,0.45,1.0,0.25,0.35,0.7,0.979592,1.66508,1.66508
2026-04-17_15:30_강동구,2,강남,강남구,subway,0.9318,3,0.25,1.0,0.25,0.35,0.7,0.959184,1.534759,1.534759
2026-04-17_15:30_강동구,3,서울역,중구,subway,0.9642,1,0.0,1.0,0.25,0.35,0.7,1.0,1.4442,1.4442
2026-04-17_15:30_강동구,4,고속터미널,서초구,subway,0.8161,5,0.25,1.0,0.25,0.35,0.7,0.918367,1.417018,1.417018
2026-04-17_15:30_강동구,5,홍대입구,마포구,subway,0.8656,4,0.0,1.0,0.25,0.35,0.7,0.938776,1.342539,1.342539
2026-04-17_15:30_강동구,6,삼성(무역센터),강남구,subway,0.7312,6,0.25,1.0,0.25,0.35,0.7,0.897959,1.331098,1.331098
2026-04-17_15:30_강동구,7,선릉,강남구,subway,0.7238,8,0.25,1.0,0.25,0.35,0.7,0.857143,1.321657,1.321657
2026-04-17_15:30_강동구,8,역삼,강남구,subway,0.6459,15,0.25,1.0,0.25,0.35,0.7,0.714286,1.236614,1.236614
2026-04-17_15:30_강동구,9,건대입구,광진구,subway,0.5488,27,0.45,1.0,0.25,0.35,0.7,0.469388,1.227269,1.227269
2026-04-17_15:30_강동구,10,성수,성동구,subway,0.7287,7,0.0,1.0,0.25,0.35,0.7,0.877551,1.202578,1.202578
2026-04-17_16:00_강동구,1,잠실(송파구청),송파구,subway,0.9611,2,0.45,1.0,0.25,0.35,0.7,0.979592,1.66508,1.66508
2026-04-17_16:00_강동구,2,강남,강남구,subway,0.9318,3,0.25,1.0,0.25,0.35,0.7,0.959184,1.534759,1.534759
2026-04-17_16:00_강동구,3,서울역,중구,subway,0.9642,1,0.0,1.0,0.25,0.35,0.7,1.0,1.4442,1.4442
2026-04-17_16:00_강동구,4,고속터미널,서초구,subway,0.8161,5,0.25,1.0,0.25,0.35,0.7,0.918367,1.417018,1.417018
2026-04-17_16:00_강동구,5,홍대입구,마포구,subway,0.8656,4,0.0,1.0,0.25,0.35,0.7,0.938776,1.342539,1.342539
2026-04-17_16:00_강동구,6,삼성(무역센터),강남구,subway,0.7312,6,0.25,1.0,0.25,0.35,0.7,0.897959,1.331098,1.331098
2026-04-17_16:00_강동구,7,선릉,강남구,subway,0.7238,8,0.25,1.0,0.25,0.35,0.7,0.857143,1.321657,1.321657
2026-04-17_16:00_강동구,8,역삼,강남구,subway,0.6459,15,0.25,1.0,0.25,0.35,0.7,0.714286,1.236614,1.236614
2026-04-17_16:00_강동구,9,건대입구,광진구,subway,0.5488,27,0.45,1.0,0.25,0.35,0.7,0.469388,1.227269,1.227269
2026-04-17_16:00_강동구,10,성수,성동구,subway,0.7287,7,0.0,1.0,0.25,0.35,0.7,0.877551,1.202578,1.202578
2026-04-17_16:35_강동구,1,잠실(송파구청),송파구,subway,0.9611,2,0.45,1.0,0.25,0.35,0.7,0.979592,1.66508,1.66508
2026-04-17_16:35_강동구,2,강남,강남구,subway,0.9318,3,0.25,1.0,0.25,0.35,0.7,0.959184,1.534759,1.534759
2026-04-17_16:35_강동구,3,서울역,중구,subway,0.9642,1,0.0,1.0,0.25,0.35,0.7,1.0,1.4442,1.4442
2026-04-17_16:35_강동구,4,고속터미널,서초구,subway,0.8161,5,0.25,1.0,0.25,0.35,0.7,0.918367,1.417018,1.417018
2026-04-17_16:35_강동구,5,홍대입구,마포구,subway,0.8656,4,0.0,1.0,0.25,0.35,0.7,0.938776,1.342539,1.342539
2026-04-17_16:35_강동구,6,삼성(무역센터),강남구,subway,0.7312,6,0.25,1.0,0.25,0.35,0.7,0.897959,1.331098,1.331098
2026-04-17_16:35_강동구,7,선릉,강남구,subway,0.7238,8,0.25,1.0,0.25,0.35,0.7,0.857143,1.321657,1.321657
2026-04-17_16:35_강동구,8,역삼,강남구,subway,0.6459,15,0.25,1.0,0.25,0.35,0.7,0.714286,1.236614,1.236614
2026-04-17_16:35_강동구,9,건대입구,광진구,subway,0.5488,27,0.45,1.0,0.25,0.35,0.7,0.469388,1.227269,1.227269
2026-04-17_16:35_강동구,10,성수,성동구,subway,0.7287,7,0.0,1.0,0.25,0.35,0.7,0.877551,1.202578,1.202578
2026-04-19_14:40_노원구,1,서울역,중구,subway,0.9642,1,0.0,1.0,0.25,0.35,0.7,1.0,1.4442,1.4442
2026-04-19_14:40_노원구,2,잠실(송파구청),송파구,subway,0.9611,2,0.0,1.0,0.25,0.35,0.7,0.979592,1.44008,1.44008
2026-04-19_14:40_노원구,3,노원,노원구,subway,0.4421,10,1.0,1.0,0.25,0.35,0.7,0.816327,1.412916,1.412916
2026-04-19_14:40_노원구,4,강남,강남구,subway,0.9318,3,0.0,1.0,0.25,0.35,0.7,0.959184,1.409759,1.409759
2026-04-19_14:40_노원구,5,홍대입구,마포구,subway,0.8656,4,0.0,1.0,0.25,0.35,0.7,0.938776,1.342539,1.342539
2026-04-19_14:40_노원구,6,고속터미널,서초구,subway,0.8161,5,0.0,1.0,0.25,0.35,0.7,0.918367,1.292018,1.292018
2026-04-19_14:40_노원구,7,삼성(무역센터),강남구,subway,0.7312,6,0.0,1.0,0.25,0.35,0.7,0.897959,1.206098,1.206098
2026-04-19_14:40_노원구,8,성수,성동구,subway,0.7287,7,0.0,1.0,0.25,0.35,0.7,0.877551,1.202578,1.202578
2026-04-19_14:40_노원구,9,선릉,강남구,subway,0.7238,8,0.0,1.0,0.25,0.35,0.7,0.857143,1.196657,1.196657
2026-04-19_14:40_노원구,10,용산,용산구,subway,0.7194,9,0.0,1.0,0.25,0.35,0.7,0.836735,1.191237,1.191237
2026-04-22_18:00_은평구,1,홍대입구,마포구,subway,0.8656,4,0.45,1.0,1.0,0.35,0.7,0.938776,1.642539,1.642539
2026-04-22_18:00_은평구,2,연신내,은평구,subway,0.5711,10,1.0,1.0,1.0,0.35,0.7,0.816327,1.616916,1.616916
2026-04-22_18:00_은평구,3,서울역,중구,subway,0.9642,1,0.0,1.0,1.0,0.35,0.7,1.0,1.5192,1.5192
2026-04-22_18:00_은평구,4,잠실(송파구청),송파구,subway,0.9611,2,0.0,1.0,1.0,0.35,0.7,0.979592,1.51508,1.51508
2026-04-22_18:00_은평구,5,강남,강남구,subway,0.9318,3,0.0,1.0,1.0,0.35,0.7,0.959184,1.484759,1.484759
2026-04-22_18:00_은평구,6,고속터미널,서초구,subway,0.8161,5,0.0,1.0,1.0,0.35,0.7,0.918367,1.367018,1.367018
2026-04-22_18:00_은평구,7,삼성(무역센터),강남구,subway,0.7312,6,0.0,1.0,1.0,0.35,0.7,0.897959,1.281098,1.281098
2026-04-22_18:00_은평구,8,성수,성동구,subway,0.7287,7,0.0,1.0,1.0,0.35,0.7,0.877551,1.277578,1.277578
2026-04-22_18:00_은평구,9,선릉,강남구,subway,0.7238,8,0.0,1.0,1.0,0.35,0.7,0.857143,1.271657,1.271657
2026-04-22_18:00_은평구,10,용산,용산구,subway,0.7194,9,0.0,1.0,1.0,0.35,0.7,0.836735,1.266237,1.266237
2026-04-24_14:45_성동구,1,마장축산물시장,성동구,market,0.5116,5,1.0,1.0,0.8,0.35,0.75,0.918367,1.545018,1.545018
2026-04-24_14:45_성동구,2,성동용답상가시장,성동구,market,0.4816,6,1.0,1.0,0.8,0.35,0.75,0.897959,1.513998,1.513998
2026-04-24_14:45_성동구,3,송정벚꽃골목형상점가,성동구,market,0.4775,7,1.0,1.0,0.8,0.35,0.75,0.877551,1.508878,1.508878
2026-04-24_14:45_성동구,4,사근살곶이골목형상점가시장,성동구,market,0.474,8,1.0,1.0,0.8,0.35,0.75,0.857143,1.504357,1.504357
2026-04-24_14:45_성동구,5,금남시장,성동구,market,0.4707,9,1.0,1.0,0.8,0.35,0.75,0.836735,1.500037,1.500037
2026-04-24_14:45_성동구,6,뚝도시장,성동구,market,0.4683,10,1.0,1.0,0.8,0.35,0.75,0.816327,1.496616,1.496616
2026-04-24_14:45_성동구,7,남대문시장,중구,market,0.7056,1,0.45,1.0,0.8,0.35,0.75,1.0,1.4681,1.4681
2026-04-24_14:45_성동구,8,장안 마실 골목형상점가,동대문구,market,0.6299,3,0.45,1.0,0.8,0.35,0.75,0.959184,1.390359,1.390359
2026-04-24_14:45_성동구,9,동대문종합시장,종로구,market,0.6301,2,0.25,1.0,0.8,0.35,0.75,0.979592,1.29158,1.29158
2026-04-24_14:45_성동구,10,답십리현대시장,동대문구,market,0.4683,11,0.45,1.0,0.8,0.35,0.75,0.795918,1.220596,1.220596
2026-04-24_16:50_성동구,1,마장축산물시장,성동구,market,0.5116,5,1.0,1.0,0.8,0.35,0.75,0.918367,1.545018,1.545018
2026-04-24_16:50_성동구,2,성동용답상가시장,성동구,market,0.4816,6,1.0,1.0,0.8,0.35,0.75,0.897959,1.513998,1.513998
2026-04-24_16:50_성동구,3,송정벚꽃골목형상점가,성동구,market,0.4775,7,1.0,1.0,0.8,0.35,0.75,0.877551,1.508878,1.508878
2026-04-24_16:50_성동구,4,사근살곶이골목형상점가시장,성동구,market,0.474,8,1.0,1.0,0.8,0.35,0.75,0.857143,1.504357,1.504357
2026-04-24_16:50_성동구,5,금남시장,성동구,market,0.4707,9,1.0,1.0,0.8,0.35,0.75,0.836735,1.500037,1.500037
2026-04-24_16:50_성동구,6,뚝도시장,성동구,market,0.4683,10,1.0,1.0,0.8,0.35,0.75,0.816327,1.496616,1.496616
2026-04-24_16:50_성동구,7,남대문시장,중구,market,0.7056,1,0.45,1.0,0.8,0.35,0.75,1.0,1.4681,1.4681
2026-04-24_16:50_성동구,8,장안 마실 골목형상점가,동대문구,market,0.6299,3,0.45,1.0,0.8,0.35,0.75,0.959184,1.390359,1.390359
2026-04-24_16:50_성동구,9,동대문종합시장,종로구,market,0.6301,2,0.25,1.0,0.8,0.35,0.75,0.979592,1.29158,1.29158
2026-04-24_16:50_성동구,10,답십리현대시장,동대문구,market,0.4683,11,0.45,1.0,0.8,0.35,0.75,0.795918,1.220596,1.220596
2026-04-25_09:00_서초구,1,신림,관악구,subway,0.9468,1,0.45,1.0,1.0,0.35,0.7,1.0,1.7268,1.7268
2026-04-25_09:00_서초구,2,고속터미널,서초구,subway,0.4976,9,1.0,1.0,1.0,0.35,0.7,0.836735,1.544437,1.544437
2026-04-25_09:00_서초구,3,서울대입구(관악구청),관악구,subway,0.7382,5,0.45,1.0,1.0,0.35,0.7,0.918367,1.514118,1.514118
2026-04-25_09:00_서초구,4,잠실(송파구청),송파구,subway,0.8013,2,0.25,1.0,1.0,0.35,0.7,0.979592,1.48028,1.48028
2026-04-25_09:00_서초구,5,양재(서초구청),서초구,subway,0.4286,10,1.0,1.0,1.0,0.35,0.7,0.816327,1.474416,1.474416
2026-04-25_09:00_서초구,6,서울역,중구,subway,0.7902,3,0.0,1.0,1.0,0.35,0.7,0.959184,1.343159,1.343159
2026-04-25_09:00_서초구,7,구로디지털단지,구로구,subway,0.776,4,0.0,1.0,1.0,0.35,0.7,0.938776,1.327939,1.327939
2026-04-25_09:00_서초구,8,신도림,구로구,subway,0.7139,6,0.0,1.0,1.0,0.35,0.7,0.897959,1.263798,1.263798
2026-04-25_09:00_서초구,9,연신내,은평구,subway,0.667,7,0.0,1.0,1.0,0.35,0.7,0.877551,1.215878,1.215878
2026-04-25_09:00_서초구,10,까치산,강서구,subway,0.6301,8,0.0,1.0,1.0,0.35,0.7,0.857143,1.177957,1.177957
2026-04-25_11:40_중구,1,남대문시장,중구,market,0.6592,1,1.0,1.0,0.7,0.35,0.75,1.0,1.6867,1.6867
2026-04-25_11:40_중구,2,평화시장,중구,market,0.5064,2,1.0,1.0,0.7,0.35,0.75,0.979592,1.53288,1.53288
2026-04-25_11:40_중구,3,삼익패션타운,중구,market,0.4758,3,1.0,1.0,0.7,0.35,0.75,0.959184,1.501259,1.501259
2026-04-25_11:40_중구,4,동평화시장,중구,market,0.4662,4,1.0,1.0,0.7,0.35,0.75,0.938776,1.490639,1.490639
2026-04-25_11:40_중구,5,청평화시장,중구,market,0.4559,5,1.0,1.0,0.7,0.35,0.75,0.918367,1.479318,1.479318
2026-04-25_11:40_중구,6,방산시장,중구,market,0.4531,6,1.0,1.0,0.7,0.35,0.75,0.897959,1.475498,1.475498
2026-04-25_11:40_중구,7,신평화패션타운,중구,market,0.4529,7,1.0,1.0,0.7,0.35,0.75,0.877551,1.474278,1.474278
2026-04-25_11:40_중구,8,광희패션몰,중구,market,0.4509,8,1.0,1.0,0.7,0.35,0.75,0.857143,1.471257,1.471257
2026-04-25_11:40_중구,9,통일상가,중구,market,0.4472,9,1.0,1.0,0.7,0.35,0.75,0.836735,1.466537,1.466537
2026-04-25_11:40_중구,10,중부시장,중구,market,0.4423,10,1.0,1.0,0.7,0.35,0.75,0.816327,1.460616,1.460616
2026-04-26_11:55_영등포구,1,구립영등포노인종합복지관,영등포구,senior_friendly,0.9248,10,1.0,1.0,0.8,0.53,1.0,0.816327,2.001616,2.001616
2026-04-26_11:55_영등포구,2,용강 노인복지관,마포구,senior_friendly,0.9454,6,0.45,1.0,0.8,0.53,1.0,0.897959,1.751298,1.751298
2026-04-26_11:55_영등포구,3,사당어르신종합복지관,동작구,senior_friendly,0.9215,14,0.45,1.0,0.8,0.53,1.0,0.734694,1.719235,1.719235
2026-04-26_11:55_영등포구,4,양천어르신종합복지관,양천구,senior_friendly,0.9215,15,0.45,1.0,0.8,0.53,1.0,0.714286,1.718214,1.718214
2026-04-26_11:55_영등포구,5,구로노인종합복지관,구로구,senior_friendly,0.9198,18,0.45,1.0,0.8,0.53,1.0,0.653061,1.713453,1.713453
2026-04-26_11:55_영등포구,6,금천호암노인종합복지관,금천구,senior_friendly,0.9231,12,0.25,1.0,0.8,0.53,1.0,0.77551,1.622876,1.622876
2026-04-26_11:55_영등포구,7,관악노인종합복지관,관악구,senior_friendly,0.9198,17,0.25,1.0,0.8,0.53,1.0,0.673469,1.614473,1.614473
2026-04-26_11:55_영등포구,8,성수1가2동노인복지관 대현분소,성동구,senior_friendly,0.9585,1,0.0,1.0,0.8,0.53,1.0,1.0,1.5445,1.5445
2026-04-26_11:55_영등포구,9,강남구립 도곡1노인복지관,강남구,senior_friendly,0.9536,2,0.0,1.0,0.8,0.53,1.0,0.979592,1.53858,1.53858
2026-04-26_11:55_영등포구,10,강동구립 해공노인복지관,강동구,senior_friendly,0.952,3,0.0,1.0,0.8,0.53,1.0,0.959184,1.535959,1.535959
2026-04-27_10:20_서초구,1,신림,관악구,subway,0.9468,1,0.45,1.0,0.3,0.35,0.7,1.0,1.6568,1.6568
2026-04-27_10:20_서초구,2,고속터미널,서초구,subway,0.4976,9,1.0,1.0,0.3,0.35,0.7,0.836735,1.474437,1.474437
2026-04-27_10:20_서초구,3,서울대입구(관악구청),관악구,subway,0.7382,5,0.45,1.0,0.3,0.35,0.7,0.918367,1.444118,1.444118
2026-04-27_10:20_서초구,4,잠실(송파구청),송파구,subway,0.8013,2,0.25,1.0,0.3,0.35,0.7,0.979592,1.41028,1.41028
2026-04-27_10:20_서초구,5,양재(서초구청),서초구,subway,0.4286,10,1.0,1.0,0.3,0.35,0.7,0.816327,1.404416,1.404416
2026-04-27_10:20_서초구,6,서울역,중구,subway,0.7902,3,0.0,1.0,0.3,0.35,0.7,0.959184,1.273159,1.273159
2026-04-27_10:20_서초구,7,구로디지털단지,구로구,subway,0.776,4,0.0,1.0,0.3,0.35,0.7,0.938776,1.257939,1.257939
2026-04-27_10:20_서초구,8,신도림,구로구,subway,0.7139,6,0.0,1.0,0.3,0.35,0.7,0.897959,1.193798,1.193798
2026-04-27_10:20_서초구,9,연신내,은평구,subway,0.667,7,0.0,1.0,0.3,0.35,0.7,0.877551,1.145878,1.145878
2026-04-27_10:20_서초구,10,까치산,강서구,subway,0.6301,8,0.0,1.0,0.3,0.35,0.7,0.857143,1.107957,1.107957
2026-04-27_11:00_서초구,1,노량진수산시장골목형상점가,동작구,market,0.4672,12,0.45,1.0,0.7,0.35,0.75,0.77551,1.208476,1.208476
2026-04-27_11:00_서초구,2,천호로데오거리상점가,강동구,market,0.5458,4,0.25,1.0,0.7,0.35,0.75,0.938776,1.195239,1.195239
2026-04-27_11:00_서초구,3,남대문시장,중구,market,0.6592,1,0.0,1.0,0.7,0.35,0.75,1.0,1.1867,1.1867
2026-04-27_11:00_서초구,4,신림별빛거리 골목형상점가,관악구,market,0.4446,23,0.45,1.0,0.7,0.35,0.75,0.55102,1.174651,1.174651
2026-04-27_11:00_서초구,5,가락몰 골목형상점가,송파구,market,0.514,6,0.25,1.0,0.7,0.35,0.75,0.897959,1.161398,1.161398
2026-04-27_11:00_서초구,6,이수미로 골목형상점가,동작구,market,0.4371,31,0.45,1.0,0.7,0.35,0.75,0.387755,1.158988,1.158988
2026-04-27_11:00_서초구,7,동대문종합시장,종로구,market,0.5837,2,0.0,1.0,0.7,0.35,0.75,0.979592,1.11018,1.11018
2026-04-27_11:00_서초구,8,장안 마실 골목형상점가,동대문구,market,0.5827,3,0.0,1.0,0.7,0.35,0.75,0.959184,1.108159,1.108159
2026-04-27_11:00_서초구,9,방이시장,송파구,market,0.4351,36,0.25,1.0,0.7,0.35,0.75,0.285714,1.051886,1.051886
2026-04-27_11:00_서초구,10,장신구거리,강동구,market,0.4349,37,0.25,1.0,0.7,0.35,0.75,0.265306,1.050665,1.050665
2026-04-29_10:50_성북구,1,신림,관악구,subway,0.9468,1,0.0,1.0,0.3,0.35,0.0,1.0,1.3968,1.3968
2026-04-29_10:50_성북구,2,수유(강북구청),강북구,subway,0.6126,11,0.45,1.0,0.3,0.35,0.0,0.795918,1.277396,1.277396
2026-04-29_10:50_성북구,3,잠실(송파구청),송파구,subway,0.8013,2,0.0,1.0,0.3,0.35,0.0,0.979592,1.25028,1.25028
2026-04-29_10:50_성북구,4,서울역,중구,subway,0.7902,3,0.0,1.0,0.3,0.35,0.0,0.959184,1.238159,1.238159
2026-04-29_10:50_성북구,5,구로디지털단지,구로구,subway,0.776,4,0.0,1.0,0.3,0.35,0.0,0.938776,1.222939,1.222939
2026-04-29_10:50_성북구,6,쌍문,도봉구,subway,0.623,10,0.25,1.0,0.3,0.35,0.0,0.816327,1.188816,1.188816
2026-04-29_10:50_성북구,7,서울대입구(관악구청),관악구,subway,0.7382,5,0.0,1.0,0.3,0.35,0.0,0.918367,1.184118,1.184118
2026-04-29_10:50_성북구,8,신도림,구로구,subway,0.7139,6,0.0,1.0,0.3,0.35,0.0,0.897959,1.158798,1.158798
2026-04-29_10:50_성북구,9,구의(광진구청),광진구,subway,0.5673,16,0.25,1.0,0.3,0.35,0.0,0.693878,1.126994,1.126994
2026-04-29_10:50_성북구,10,연신내,은평구,subway,0.667,7,0.0,1.0,0.3,0.35,0.0,0.877551,1.110878,1.110878
2026-04-29_12:00_성북구,1,서울역,중구,subway,0.9642,1,0.0,1.0,0.2,0.35,0.7,1.0,1.4392,1.4392
2026-04-29_12:00_성북구,2,잠실(송파구청),송파구,subway,0.9611,2,0.0,1.0,0.2,0.35,0.7,0.979592,1.43508,1.43508
2026-04-29_12:00_성북구,3,강남,강남구,subway,0.9318,3,0.0,1.0,0.2,0.35,0.7,0.959184,1.404759,1.404759
2026-04-29_12:00_성북구,4,홍대입구,마포구,subway,0.8656,4,0.0,1.0,0.2,0.35,0.7,0.938776,1.337539,1.337539
2026-04-29_12:00_성북구,5,고속터미널,서초구,subway,0.8161,5,0.0,1.0,0.2,0.35,0.7,0.918367,1.287018,1.287018
2026-04-29_12:00_성북구,6,종각,종로구,subway,0.5903,18,0.45,1.0,0.2,0.35,0.7,0.653061,1.272953,1.272953
2026-04-29_12:00_성북구,7,혜화,종로구,subway,0.5759,22,0.45,1.0,0.2,0.35,0.7,0.571429,1.254471,1.254471
2026-04-29_12:00_성북구,8,수유(강북구청),강북구,subway,0.5395,31,0.45,1.0,0.2,0.35,0.7,0.387755,1.208888,1.208888
2026-04-29_12:00_성북구,9,삼성(무역센터),강남구,subway,0.7312,6,0.0,1.0,0.2,0.35,0.7,0.897959,1.201098,1.201098
2026-04-29_12:00_성북구,10,성수,성동구,subway,0.7287,7,0.0,1.0,0.2,0.35,0.7,0.877551,1.197578,1.197578
2026-04-30_05:00_양천구,1,신림,관악구,subway,0.9468,1,0.25,1.0,0.4,0.35,0.7,1.0,1.5668,1.5668
2026-04-30_05:00_양천구,2,구로디지털단지,구로구,subway,0.776,4,0.45,1.0,0.4,0.35,0.7,0.938776,1.492939,1.492939
2026-04-30_05:00_양천구,3,신도림,구로구,subway,0.7139,6,0.45,1.0,0.4,0.35,0.7,0.897959,1.428798,1.428798
2026-04-30_05:00_양천구,4,서울대입구(관악구청),관악구,subway,0.7382,5,0.25,1.0,0.4,0.35,0.7,0.918367,1.354118,1.354118
2026-04-30_05:00_양천구,5,까치산,강서구,subway,0.6301,8,0.45,1.0,0.4,0.35,0.7,0.857143,1.342957,1.342957
2026-04-30_05:00_양천구,6,화곡,강서구,subway,0.6251,9,0.45,1.0,0.4,0.35,0.7,0.836735,1.336937,1.336937
2026-04-30_05:00_양천구,7,잠실(송파구청),송파구,subway,0.8013,2,0.0,1.0,0.4,0.35,0.7,0.979592,1.29528,1.29528
2026-04-30_05:00_양천구,8,서울역,중구,subway,0.7902,3,0.0,1.0,0.4,0.35,0.7,0.959184,1.283159,1.283159
2026-04-30_05:00_양천구,9,대림(구로구청),구로구,subway,0.5172,30,0.45,1.0,0.4,0.35,0.7,0.408163,1.207608,1.207608
2026-04-30_05:00_양천구,10,신대방,동작구,subway,0.5796,13,0.25,1.0,0.4,0.35,0.7,0.755102,1.187355,1.187355
2026-04-30_05:40_양천구,1,양천어르신종합복지관,양천구,senior_friendly,0.746,1,1.0,0.0,0.2,0.0,0.0,1.0,1.316,1.316
2026-04-30_05:40_양천구,2,계남근린공원,양천구,park,0.6437,2,1.0,0.0,0.25,0.0,0.0,0.979592,1.21768,1.21768
2026-04-30_05:40_양천구,3,서서울호수공원,양천구,park,0.6335,3,1.0,0.0,0.25,0.0,0.0,0.959184,1.206459,1.206459
2026-04-30_05:40_양천구,4,갈산근린공원,양천구,park,0.6227,4,1.0,0.0,0.25,0.0,0.0,0.938776,1.194639,1.194639
2026-04-30_05:40_양천구,5,용왕산근린공원,양천구,park,0.612,5,1.0,0.0,0.25,0.0,0.0,0.918367,1.182918,1.182918
2026-04-30_05:40_양천구,6,파리근린공원,양천구,park,0.6047,6,1.0,0.0,0.25,0.0,0.0,0.897959,1.174598,1.174598
2026-04-30_05:40_양천구,7,신영시장,양천구,market,0.4237,7,1.0,0.35,0.5,0.12,0.0,0.877551,1.146578,1.146578
2026-04-30_05:40_양천구,8,목동깨비시장,양천구,market,0.423,8,1.0,0.35,0.5,0.12,0.0,0.857143,1.144857,1.144857
2026-04-30_05:40_양천구,9,목2동시장,양천구,market,0.4223,9,1.0,0.35,0.5,0.12,0.0,0.836735,1.143137,1.143137
2026-04-30_05:40_양천구,10,목사랑시장,양천구,market,0.4216,10,1.0,0.35,0.5,0.12,0.0,0.816327,1.141416,1.141416
2026-04-30_15:00_금천구,1,대명여울빛거리시장,금천구,market,0.4824,6,1.0,1.0,0.8,0.35,0.75,0.897959,1.514798,1.514798
2026-04-30_15:00_금천구,2,비단길현대시장,금천구,market,0.4807,7,1.0,1.0,0.8,0.35,0.75,0.877551,1.512078,1.512078
2026-04-30_15:00_금천구,3,법원단지길 상점가,금천구,market,0.4739,8,1.0,1.0,0.8,0.35,0.75,0.857143,1.504257,1.504257
2026-04-30_15:00_금천구,4,별빛남문시장,금천구,market,0.4734,9,1.0,1.0,0.8,0.35,0.75,0.836735,1.502737,1.502737
2026-04-30_15:00_금천구,5,정훈한마음골목시장,금천구,market,0.4713,10,1.0,1.0,0.8,0.35,0.75,0.816327,1.499616,1.499616
2026-04-30_15:00_금천구,6,남대문시장,중구,market,0.7056,1,0.0,1.0,0.8,0.35,0.75,1.0,1.2431,1.2431
2026-04-30_15:00_금천구,7,신원시장,관악구,market,0.4713,12,0.45,1.0,0.8,0.35,0.75,0.77551,1.222576,1.222576
2026-04-30_15:00_금천구,8,조원동펭귄시장,관악구,market,0.471,21,0.45,1.0,0.8,0.35,0.75,0.591837,1.213092,1.213092
2026-04-30_15:00_금천구,9,가리봉시장,구로구,market,0.4705,34,0.45,1.0,0.8,0.35,0.75,0.326531,1.199327,1.199327
2026-04-30_15:00_금천구,10,관악신사시장,관악구,market,0.4703,37,0.45,1.0,0.8,0.35,0.75,0.265306,1.196065,1.196065
2026-05-01_14:00_마포구,1,홍대입구,마포구,subway,0.8656,1,1.0,0.0,0.25,0.0,0.7,1.0,1.4756,1.4756
2026-05-01_14:00_마포구,2,용강 노인복지관,마포구,senior_friendly,0.7839,2,1.0,0.0,0.55,0.0,0.25,0.979592,1.40038,1.40038
2026-05-01_14:00_마포구,3,월드컵공원,마포구,park,0.7425,3,1.0,0.0,0.7,0.0,0.7,0.959184,1.395459,1.395459
2026-05-01_14:00_마포구,4,문화비축기지,마포구,park,0.634,4,1.0,0.0,0.7,0.0,0.7,0.938776,1.285939,1.285939
2026-05-01_14:00_마포구,5,와우근린공원,마포구,park,0.6305,5,1.0,0.0,0.7,0.0,0.7,0.918367,1.281418,1.281418
2026-05-01_14:00_마포구,6,상암근린공원,마포구,park,0.6243,6,1.0,0.0,0.7,0.0,0.7,0.897959,1.274198,1.274198
2026-05-01_14:00_마포구,7,아현시장,마포구,market,0.4776,9,1.0,0.35,0.8,0.12,0.75,0.836735,1.265937,1.265937
2026-05-01_14:00_마포구,8,연남동골목형상점가,마포구,market,0.4764,10,1.0,0.35,0.8,0.12,0.75,0.816327,1.263716,1.263716
2026-05-01_14:00_마포구,9,외국인묘지공원,마포구,park,0.5815,7,1.0,0.0,0.7,0.0,0.7,0.877551,1.230378,1.230378
2026-05-01_14:00_마포구,10,합정,마포구,subway,0.4906,8,1.0,0.0,0.25,0.0,0.7,0.857143,1.093457,1.093457
2026-05-02_07:00_마포구,1,월드컵공원,마포구,park,0.7248,2,1.0,1.0,0.15,0.35,0.7,0.979592,1.69378,1.69378
2026-05-02_07:00_마포구,2,문화비축기지,마포구,park,0.6163,7,1.0,1.0,0.15,0.35,0.7,0.877551,1.580178,1.580178
2026-05-02_07:00_마포구,3,와우근린공원,마포구,park,0.6129,8,1.0,1.0,0.15,0.35,0.7,0.857143,1.575757,1.575757
2026-05-02_07:00_마포구,4,상암근린공원,마포구,park,0.6077,9,1.0,1.0,0.15,0.35,0.7,0.836735,1.569537,1.569537
2026-05-02_07:00_마포구,5,외국인묘지공원,마포구,park,0.565,10,1.0,1.0,0.15,0.35,0.7,0.816327,1.525816,1.525816
2026-05-02_07:00_마포구,6,백련근린공원,서대문구,park,0.7077,4,0.45,1.0,0.15,0.35,0.7,0.938776,1.399639,1.399639
2026-05-02_07:00_마포구,7,안산도시자연공원,서대문구,park,0.6971,6,0.45,1.0,0.15,0.35,0.7,0.897959,1.386998,1.386998
2026-05-02_07:00_마포구,8,매화근린공원,강서구,park,0.5416,14,0.45,1.0,0.15,0.35,0.7,0.734694,1.223335,1.223335
2026-05-02_07:00_마포구,9,봉은공원,강남구,park,0.7275,1,0.0,1.0,0.15,0.35,0.7,1.0,1.1975,1.1975
2026-05-02_07:00_마포구,10,중랑캠핑숲,중랑구,park,0.7213,3,0.0,1.0,0.15,0.35,0.7,0.959184,1.189259,1.189259
2026-05-02_10:00_동대문구,1,서울시립동대문노인종합복지관,동대문구,senior_friendly,0.928,10,1.0,1.0,0.8,0.53,1.0,0.816327,2.004816,2.004816
2026-05-02_10:00_동대문구,2,성수1가2동노인복지관 대현분소,성동구,senior_friendly,0.9585,1,0.45,1.0,0.8,0.53,1.0,1.0,1.7695,1.7695
2026-05-02_10:00_동대문구,3,구립 자양노인복지관,광진구,senior_friendly,0.9487,4,0.45,1.0,0.8,0.53,1.0,0.938776,1.756639,1.756639
2026-05-02_10:00_동대문구,4,구립신내노인종합복지관,중랑구,senior_friendly,0.9231,14,0.45,1.0,0.8,0.53,1.0,0.734694,1.720835,1.720835
2026-05-02_10:00_동대문구,5,시립성북노인종합복지관,성북구,senior_friendly,0.9231,16,0.45,1.0,0.8,0.53,1.0,0.693878,1.718794,1.718794
2026-05-02_10:00_동대문구,6,종로노인종합복지관,종로구,senior_friendly,0.9198,24,0.45,1.0,0.8,0.53,1.0,0.530612,1.707331,1.707331
2026-05-02_10:00_동대문구,7,강북노인종합복지관,강북구,senior_friendly,0.9198,19,0.25,1.0,0.8,0.53,1.0,0.632653,1.612433,1.612433
2026-05-02_10:00_동대문구,8,도봉노인종합복지관,도봉구,senior_friendly,0.9198,22,0.25,1.0,0.8,0.53,1.0,0.571429,1.609371,1.609371
2026-05-02_10:00_동대문구,9,강남구립 도곡1노인복지관,강남구,senior_friendly,0.9536,2,0.0,1.0,0.8,0.53,1.0,0.979592,1.53858,1.53858
2026-05-02_10:00_동대문구,10,강동구립 해공노인복지관,강동구,senior_friendly,0.952,3,0.0,1.0,0.8,0.53,1.0,0.959184,1.535959,1.535959
2026-05-03_08:30_용산구,1,서울역,중구,subway,0.7902,3,0.45,1.0,1.0,0.35,0.0,0.959184,1.533159,1.533159
2026-05-03_08:30_용산구,2,신림,관악구,subway,0.9468,1,0.0,1.0,1.0,0.35,0.0,1.0,1.4668,1.4668
2026-05-03_08:30_용산구,3,용산,용산구,subway,0.4554,10,1.0,1.0,1.0,0.35,0.0,0.816327,1.466216,1.466216
2026-05-03_08:30_용산구,4,잠실(송파구청),송파구,subway,0.8013,2,0.0,1.0,1.0,0.35,0.0,0.979592,1.32028,1.32028
2026-05-03_08:30_용산구,5,구로디지털단지,구로구,subway,0.776,4,0.0,1.0,1.0,0.35,0.0,0.938776,1.292939,1.292939
2026-05-03_08:30_용산구,6,서울대입구(관악구청),관악구,subway,0.7382,5,0.0,1.0,1.0,0.35,0.0,0.918367,1.254118,1.254118
2026-05-03_08:30_용산구,7,신도림,구로구,subway,0.7139,6,0.0,1.0,1.0,0.35,0.0,0.897959,1.228798,1.228798
2026-05-03_08:30_용산구,8,연신내,은평구,subway,0.667,7,0.0,1.0,1.0,0.35,0.0,0.877551,1.180878,1.180878
2026-05-03_08:30_용산구,9,까치산,강서구,subway,0.6301,8,0.0,1.0,1.0,0.35,0.0,0.857143,1.142957,1.142957
2026-05-03_08:30_용산구,10,양재(서초구청),서초구,subway,0.4286,34,0.45,1.0,1.0,0.35,0.0,0.326531,1.139927,1.139927
2026-05-04_14:30_영등포구,1,영등포,영등포구,subway,0.6567,3,1.0,1.0,0.25,0.35,0.7,0.959184,1.634659,1.634659
2026-05-04_14:30_영등포구,2,여의도,영등포구,subway,0.5131,9,1.0,1.0,0.25,0.35,0.7,0.836735,1.484937,1.484937
2026-05-04_14:30_영등포구,3,구립영등포노인종합복지관,영등포구,senior_friendly,0.7632,1,1.0,0.0,0.55,0.0,0.0,1.0,1.3682,1.3682
2026-05-04_14:30_영등포구,4,여의도근린공원,영등포구,park,0.7046,2,1.0,0.0,0.7,0.0,0.0,0.979592,1.32358,1.32358
2026-05-04_14:30_영등포구,5,영등포유통상가,영등포구,market,0.5381,8,1.0,0.35,0.8,0.12,0.0,0.857143,1.289957,1.289957
2026-05-04_14:30_영등포구,6,영등포시장기계공구상가,영등포구,market,0.4939,10,1.0,0.35,0.8,0.12,0.0,0.816327,1.243716,1.243716
2026-05-04_14:30_영등포구,7,선유도근린공원,영등포구,park,0.6121,4,1.0,0.0,0.7,0.0,0.0,0.938776,1.229039,1.229039
2026-05-04_14:30_영등포구,8,영등포근린공원,영등포구,park,0.6119,5,1.0,0.0,0.7,0.0,0.0,0.918367,1.227818,1.227818
2026-05-04_14:30_영등포구,9,중마루근린공원,영등포구,park,0.6067,6,1.0,0.0,0.7,0.0,0.0,0.897959,1.221598,1.221598
2026-05-04_14:30_영등포구,10,자매근린공원,영등포구,park,0.5863,7,1.0,0.0,0.7,0.0,0.0,0.877551,1.200178,1.200178
2026-05-05_11:00_광진구,1,어린이대공원,광진구,park,0.6201,9,1.0,1.0,0.4,0.61,0.7,0.836735,1.658937,1.658937
2026-05-05_11:00_광진구,2,아차산공원,광진구,park,0.5971,10,1.0,1.0,0.4,0.53,0.7,0.816327,1.618916,1.618916
2026-05-05_11:00_광진구,3,봉은공원,강남구,park,0.7275,1,0.45,1.0,0.4,0.53,0.7,1.0,1.4835,1.4835
2026-05-05_11:00_광진구,4,중랑캠핑숲,중랑구,park,0.7213,3,0.45,1.0,0.4,0.35,0.7,0.959184,1.439259,1.439259
2026-05-05_11:00_광진구,5,초안산근린공원,도봉구,park,0.6845,8,0.25,1.0,0.4,0.53,0.7,0.857143,1.333357,1.333357
2026-05-05_11:00_광진구,6,동명근린공원,강동구,park,0.5893,17,0.45,1.0,0.4,0.53,0.7,0.673469,1.328973,1.328973
2026-05-05_11:00_광진구,7,성수근린공원,성동구,park,0.5878,20,0.45,1.0,0.4,0.53,0.7,0.612245,1.324412,1.324412
2026-05-05_11:00_광진구,8,달맞이근린공원,성동구,park,0.5851,21,0.45,1.0,0.4,0.53,0.7,0.591837,1.320692,1.320692
2026-05-05_11:00_광진구,9,도산근린공원,강남구,park,0.5757,28,0.45,1.0,0.4,0.53,0.7,0.44898,1.304149,1.304149
2026-05-05_11:00_광진구,10,허브천문공원,강동구,park,0.5742,30,0.45,1.0,0.4,0.53,0.7,0.408163,1.300608,1.300608
2026-05-05_13:00_송파구,1,장지근린공원,송파구,park,0.6518,4,1.0,1.0,0.65,0.35,0.7,0.938776,1.668739,1.668739
2026-05-05_13:00_송파구,2,아시아근린공원,송파구,park,0.6515,5,1.0,1.0,0.65,0.35,0.7,0.918367,1.667418,1.667418
2026-05-05_13:00_송파구,3,오금근린공원,송파구,park,0.6432,6,1.0,1.0,0.65,0.35,0.7,0.897959,1.658098,1.658098
2026-05-05_13:00_송파구,4,문정근린공원,송파구,park,0.6261,7,1.0,1.0,0.65,0.35,0.7,0.877551,1.639978,1.639978
2026-05-05_13:00_송파구,5,송파나루근린공원(석촌호수),송파구,park,0.6193,8,1.0,1.0,0.65,0.35,0.7,0.857143,1.632157,1.632157
2026-05-05_13:00_송파구,6,천마근린공원,송파구,park,0.6141,9,1.0,1.0,0.65,0.35,0.7,0.836735,1.625937,1.625937
2026-05-05_13:00_송파구,7,올림픽공원,송파구,park,0.4994,10,1.0,1.0,0.65,0.35,0.7,0.816327,1.510216,1.510216
2026-05-05_13:00_송파구,8,봉은공원,강남구,park,0.7451,1,0.45,1.0,0.65,0.35,0.7,1.0,1.4901,1.4901
2026-05-05_13:00_송파구,9,월드컵공원,마포구,park,0.7425,2,0.0,1.0,0.65,0.35,0.7,0.979592,1.26148,1.26148
2026-05-05_13:00_송파구,10,중랑캠핑숲,중랑구,park,0.7412,3,0.0,1.0,0.65,0.35,0.7,0.959184,1.259159,1.259159
2026-05-06_10:40_중구,1,약수노인복지관,중구,senior_friendly,0.9438,9,1.0,1.0,0.8,0.53,1.0,0.836735,2.021637,2.021637
2026-05-06_10:40_중구,2,성수1가2동노인복지관 대현분소,성동구,senior_friendly,0.9585,1,0.45,1.0,0.8,0.53,1.0,1.0,1.7695,1.7695
2026-05-06_10:40_중구,3,북가좌노인복지관,서대문구,senior_friendly,0.9454,7,0.45,1.0,0.8,0.53,1.0,0.877551,1.750278,1.750278
2026-05-06_10:40_중구,4,청파노인복지관,용산구,senior_friendly,0.9438,8,0.45,1.0,0.8,0.53,1.0,0.857143,1.747657,1.747657
2026-05-06_10:40_중구,5,종로노인종합복지관,종로구,senior_friendly,0.9198,25,0.45,1.0,0.8,0.53,1.0,0.510204,1.70631,1.70631
2026-05-06_10:40_중구,6,강남구립 도곡1노인복지관,강남구,senior_friendly,0.9536,2,0.0,1.0,0.8,0.53,1.0,0.979592,1.53858,1.53858
2026-05-06_10:40_중구,7,강동구립 해공노인복지관,강동구,senior_friendly,0.952,3,0.0,1.0,0.8,0.53,1.0,0.959184,1.535959,1.535959
2026-05-06_10:40_중구,8,구립 자양노인복지관,광진구,senior_friendly,0.9487,4,0.0,1.0,0.8,0.53,1.0,0.938776,1.531639,1.531639
2026-05-06_10:40_중구,9,구립갈현노인복지관,은평구,senior_friendly,0.947,5,0.0,1.0,0.8,0.53,1.0,0.918367,1.528918,1.528918
2026-05-06_10:40_중구,10,용강 노인복지관,마포구,senior_friendly,0.9454,6,0.0,1.0,0.8,0.53,1.0,0.897959,1.526298,1.526298
2026-05-07_16:00_송파구,1,잠실(송파구청),송파구,subway,0.9611,2,1.0,1.0,0.25,0.53,0.0,0.979592,1.94108,1.94108
2026-05-07_16:00_송파구,2,강남,강남구,subway,0.9318,3,0.45,1.0,0.25,0.35,0.0,0.959184,1.599759,1.599759
2026-05-07_16:00_송파구,3,서울역,중구,subway,0.9642,1,0.0,1.0,0.25,0.35,0.0,1.0,1.4092,1.4092
2026-05-07_16:00_송파구,4,삼성(무역센터),강남구,subway,0.7312,6,0.45,1.0,0.25,0.35,0.0,0.897959,1.396098,1.396098
2026-05-07_16:00_송파구,5,선릉,강남구,subway,0.7238,8,0.45,1.0,0.25,0.35,0.0,0.857143,1.386657,1.386657
2026-05-07_16:00_송파구,6,고속터미널,서초구,subway,0.8161,5,0.25,1.0,0.25,0.35,0.0,0.918367,1.382018,1.382018
2026-05-07_16:00_송파구,7,홍대입구,마포구,subway,0.8656,4,0.0,1.0,0.25,0.35,0.0,0.938776,1.307539,1.307539
2026-05-07_16:00_송파구,8,역삼,강남구,subway,0.6459,15,0.45,1.0,0.25,0.35,0.0,0.714286,1.301614,1.301614
2026-05-07_16:00_송파구,9,건대입구,광진구,subway,0.5488,27,0.45,1.0,0.25,0.35,0.0,0.469388,1.192269,1.192269
2026-05-07_16:00_송파구,10,성수,성동구,subway,0.7287,7,0.0,1.0,0.25,0.35,0.0,0.877551,1.167578,1.167578
2026-05-07_17:00_송파구,1,가락몰 골목형상점가,송파구,market,0.5612,5,1.0,1.0,0.8,0.53,0.75,0.918367,1.630618,1.630618
2026-05-07_17:00_송파구,2,방이시장,송파구,market,0.4822,6,1.0,1.0,0.8,0.53,0.75,0.897959,1.550598,1.550598
2026-05-07_17:00_송파구,3,풍납시장,송파구,market,0.4787,7,1.0,1.0,0.8,0.53,0.75,0.877551,1.546078,1.546078
2026-05-07_17:00_송파구,4,새마을시장,송파구,market,0.4763,8,1.0,1.0,0.8,0.53,0.75,0.857143,1.542657,1.542657
2026-05-07_17:00_송파구,5,마천중앙시장,송파구,market,0.4757,9,1.0,1.0,0.8,0.53,0.75,0.836735,1.541037,1.541037
2026-05-07_17:00_송파구,6,석촌시장,송파구,market,0.4732,10,1.0,1.0,0.8,0.53,0.75,0.816327,1.537516,1.537516
2026-05-07_17:00_송파구,7,천호로데오거리상점가,강동구,market,0.5914,4,0.45,1.0,0.8,0.35,0.75,0.938776,1.350839,1.350839
2026-05-07_17:00_송파구,8,남대문시장,중구,market,0.7056,1,0.0,1.0,0.8,0.35,0.75,1.0,1.2431,1.2431
2026-05-07_17:00_송파구,9,자양한강전통시장,광진구,market,0.4712,44,0.45,1.0,0.8,0.53,0.75,0.122449,1.225822,1.225822
2026-05-07_17:00_송파구,10,화양제일골목시장,광진구,market,0.4717,31,0.45,1.0,0.8,0.35,0.75,0.387755,1.203588,1.203588
2026-05-08_15:00_강남구,1,강남,강남구,subway,0.9318,3,1.0,1.0,0.25,0.53,0.0,0.959184,1.910759,1.910759
2026-05-08_15:00_강남구,2,삼성(무역센터),강남구,subway,0.7312,6,1.0,1.0,0.25,0.53,0.0,0.897959,1.707098,1.707098
2026-05-08_15:00_강남구,3,선릉,강남구,subway,0.7238,8,1.0,1.0,0.25,0.53,0.0,0.857143,1.697657,1.697657
2026-05-08_15:00_강남구,4,잠실(송파구청),송파구,subway,0.9611,2,0.45,1.0,0.25,0.35,0.0,0.979592,1.63008,1.63008
2026-05-08_15:00_강남구,5,역삼,강남구,subway,0.6459,9,1.0,1.0,0.25,0.53,0.0,0.836735,1.618737,1.618737
2026-05-08_15:00_강남구,6,고속터미널,서초구,subway,0.8161,5,0.45,1.0,0.25,0.35,0.0,0.918367,1.482018,1.482018
2026-05-08_15:00_강남구,7,서울역,중구,subway,0.9642,1,0.0,1.0,0.25,0.35,0.0,1.0,1.4092,1.4092
2026-05-08_15:00_강남구,8,성수,성동구,subway,0.7287,7,0.45,1.0,0.25,0.35,0.0,0.877551,1.392578,1.392578
2026-05-08_15:00_강남구,9,강남구청,강남구,subway,0.364,10,1.0,1.0,0.25,0.53,0.0,0.816327,1.335816,1.335816
2026-05-08_15:00_강남구,10,홍대입구,마포구,subway,0.8656,4,0.0,1.0,0.25,0.35,0.0,0.938776,1.307539,1.307539
2026-05-09_11:45_영등포구,1,신림,관악구,subway,0.9468,1,0.25,1.0,0.3,0.35,0.7,1.0,1.5568,1.5568
2026-05-09_11:45_영등포구,2,구로디지털단지,구로구,subway,0.776,4,0.45,1.0,0.3,0.35,0.7,0.938776,1.482939,1.482939
2026-05-09_11:45_영등포구,3,영등포,영등포구,subway,0.4735,8,1.0,1.0,0.3,0.35,0.7,0.857143,1.451357,1.451357
2026-05-09_11:45_영등포구,4,신도림,구로구,subway,0.7139,6,0.45,1.0,0.3,0.35,0.7,0.897959,1.418798,1.418798
2026-05-09_11:45_영등포구,5,당산,영등포구,subway,0.4319,9,1.0,1.0,0.3,0.35,0.7,0.836735,1.408737,1.408737
2026-05-09_11:45_영등포구,6,영등포구청,영등포구,subway,0.4079,10,1.0,1.0,0.3,0.35,0.7,0.816327,1.383716,1.383716
2026-05-09_11:45_영등포구,7,서울대입구(관악구청),관악구,subway,0.7382,5,0.25,1.0,0.3,0.35,0.7,0.918367,1.344118,1.344118
2026-05-09_11:45_영등포구,8,잠실(송파구청),송파구,subway,0.8013,2,0.0,1.0,0.3,0.35,0.7,0.979592,1.28528,1.28528
2026-05-09_11:45_영등포구,9,서울역,중구,subway,0.7902,3,0.0,1.0,0.3,0.35,0.7,0.959184,1.273159,1.273159
2026-05-09_11:45_영등포구,10,연신내,은평구,subway,0.667,7,0.0,1.0,0.3,0.35,0.7,0.877551,1.145878,1.145878
2026-05-09_13:30_영등포구,1,여의도근린공원,영등포구,park,0.7046,6,1.0,1.0,0.65,0.53,0.0,0.897959,1.720498,1.720498
2026-05-09_13:30_영등포구,2,선유도근린공원,영등포구,park,0.6121,7,1.0,1.0,0.65,0.53,0.0,0.877551,1.626978,1.626978
2026-05-09_13:30_영등포구,3,영등포근린공원,영등포구,park,0.6119,8,1.0,1.0,0.65,0.53,0.0,0.857143,1.625757,1.625757
2026-05-09_13:30_영등포구,4,중마루근린공원,영등포구,park,0.6067,9,1.0,1.0,0.65,0.53,0.0,0.836735,1.619537,1.619537
2026-05-09_13:30_영등포구,5,자매근린공원,영등포구,park,0.5863,10,1.0,1.0,0.65,0.53,0.0,0.816327,1.598116,1.598116
2026-05-09_13:30_영등포구,6,월드컵공원,마포구,park,0.7425,2,0.45,1.0,0.65,0.53,0.0,0.979592,1.48748,1.48748
2026-05-09_13:30_영등포구,7,외국인묘지공원,마포구,park,0.5815,11,0.45,1.0,0.65,0.53,0.0,0.795918,1.317296,1.317296
2026-05-09_13:30_영등포구,8,매화근린공원,강서구,park,0.5581,15,0.45,1.0,0.65,0.53,0.0,0.714286,1.289814,1.289814
2026-05-09_13:30_영등포구,9,봉은공원,강남구,park,0.7451,1,0.0,1.0,0.65,0.53,0.0,1.0,1.2661,1.2661
2026-05-09_13:30_영등포구,10,백련근린공원,서대문구,park,0.7275,4,0.0,1.0,0.65,0.53,0.0,0.938776,1.245439,1.245439
2026-05-11_10:00_강서구,1,서울식물원,강서구,park,0.6609,1,1.0,0.0,0.4,0.0,0.0,1.0,1.2509,1.2509
2026-05-11_10:00_강서구,2,방화근린공원,강서구,park,0.6584,2,1.0,0.0,0.4,0.0,0.0,0.979592,1.24738,1.24738
2026-05-11_10:00_강서구,3,우장산근린공원,강서구,park,0.6338,3,1.0,0.0,0.4,0.0,0.0,0.959184,1.221759,1.221759
2026-05-11_10:00_강서구,4,봉제산공원,강서구,park,0.6165,4,1.0,0.0,0.4,0.0,0.0,0.938776,1.203439,1.203439
2026-05-11_10:00_강서구,5,개화근린공원,강서구,park,0.6086,5,1.0,0.0,0.4,0.0,0.0,0.918367,1.194518,1.194518
2026-05-11_10:00_강서구,6,꿩고개근린공원,강서구,park,0.5968,6,1.0,0.0,0.4,0.0,0.0,0.897959,1.181698,1.181698
2026-05-11_10:00_강서구,7,궁산근린공원,강서구,park,0.5946,7,1.0,0.0,0.4,0.0,0.0,0.877551,1.178478,1.178478
2026-05-11_10:00_강서구,8,염창근린공원,강서구,park,0.5899,8,1.0,0.0,0.4,0.0,0.0,0.857143,1.172757,1.172757
2026-05-11_10:00_강서구,9,허준공원,강서구,park,0.5765,9,1.0,0.0,0.4,0.0,0.0,0.836735,1.158337,1.158337
2026-05-11_10:00_강서구,10,매화근린공원,강서구,park,0.5416,10,1.0,0.0,0.4,0.0,0.0,0.816327,1.122416,1.122416
2026-05-14_14:00_중구,1,남대문시장,중구,market,0.7056,1,1.0,1.0,0.8,0.35,0.75,1.0,1.7431,1.7431
2026-05-14_14:00_중구,2,평화시장,중구,market,0.5528,2,1.0,1.0,0.8,0.35,0.75,0.979592,1.58928,1.58928
2026-05-14_14:00_중구,3,삼익패션타운,중구,market,0.5222,3,1.0,1.0,0.8,0.35,0.75,0.959184,1.557659,1.557659
2026-05-14_14:00_중구,4,동평화시장,중구,market,0.5126,4,1.0,1.0,0.8,0.35,0.75,0.938776,1.547039,1.547039
2026-05-14_14:00_중구,5,청평화시장,중구,market,0.5024,5,1.0,1.0,0.8,0.35,0.75,0.918367,1.535818,1.535818
2026-05-14_14:00_중구,6,신평화패션타운,중구,market,0.4993,6,1.0,1.0,0.8,0.35,0.75,0.897959,1.531698,1.531698
2026-05-14_14:00_중구,7,방산시장,중구,market,0.4988,7,1.0,1.0,0.8,0.35,0.75,0.877551,1.530178,1.530178
2026-05-14_14:00_중구,8,광희패션몰,중구,market,0.4973,8,1.0,1.0,0.8,0.35,0.75,0.857143,1.527657,1.527657
2026-05-14_14:00_중구,9,통일상가,중구,market,0.4936,9,1.0,1.0,0.8,0.35,0.75,0.836735,1.522937,1.522937
2026-05-14_14:00_중구,10,중부시장,중구,market,0.4895,10,1.0,1.0,0.8,0.35,0.75,0.816327,1.517816,1.517816
2026-05-15_14:40_중랑구,1,서울역,중구,subway,0.9642,1,0.0,1.0,0.25,0.35,0.7,1.0,1.4442,1.4442
2026-05-15_14:40_중랑구,2,잠실(송파구청),송파구,subway,0.9611,2,0.0,1.0,0.25,0.35,0.7,0.979592,1.44008,1.44008
2026-05-15_14:40_중랑구,3,강남,강남구,subway,0.9318,3,0.0,1.0,0.25,0.35,0.7,0.959184,1.409759,1.409759
2026-05-15_14:40_중랑구,4,홍대입구,마포구,subway,0.8656,4,0.0,1.0,0.25,0.35,0.7,0.938776,1.342539,1.342539
2026-05-15_14:40_중랑구,5,고속터미널,서초구,subway,0.8161,5,0.0,1.0,0.25,0.35,0.7,0.918367,1.292018,1.292018
2026-05-15_14:40_중랑구,6,건대입구,광진구,subway,0.5488,27,0.45,1.0,0.25,0.35,0.7,0.469388,1.227269,1.227269
2026-05-15_14:40_중랑구,7,삼성(무역센터),강남구,subway,0.7312,6,0.0,1.0,0.25,0.35,0.7,0.897959,1.206098,1.206098
2026-05-15_14:40_중랑구,8,성수,성동구,subway,0.7287,7,0.0,1.0,0.25,0.35,0.7,0.877551,1.202578,1.202578
2026-05-15_14:40_중랑구,9,선릉,강남구,subway,0.7238,8,0.0,1.0,0.25,0.35,0.7,0.857143,1.196657,1.196657
2026-05-15_14:40_중랑구,10,용산,용산구,subway,0.7194,9,0.0,1.0,0.25,0.35,0.7,0.836735,1.191237,1.191237
2026-05-16_10:00_송파구,1,장지근린공원,송파구,park,0.6341,4,1.0,1.0,0.4,0.53,0.7,0.938776,1.662039,1.662039
2026-05-16_10:00_송파구,2,아시아근린공원,송파구,park,0.6327,5,1.0,1.0,0.4,0.53,0.7,0.918367,1.659618,1.659618
2026-05-16_10:00_송파구,3,오금근린공원,송파구,park,0.6255,6,1.0,1.0,0.4,0.53,0.7,0.897959,1.651398,1.651398
2026-05-16_10:00_송파구,4,문정근린공원,송파구,park,0.6084,7,1.0,1.0,0.4,0.53,0.7,0.877551,1.633278,1.633278
2026-05-16_10:00_송파구,5,송파나루근린공원(석촌호수),송파구,park,0.6028,8,1.0,1.0,0.4,0.53,0.7,0.857143,1.626657,1.626657
2026-05-16_10:00_송파구,6,천마근린공원,송파구,park,0.5976,9,1.0,1.0,0.4,0.53,0.7,0.836735,1.620437,1.620437
2026-05-16_10:00_송파구,7,올림픽공원,송파구,park,0.4817,10,1.0,1.0,0.4,0.53,0.7,0.816327,1.503516,1.503516
2026-05-16_10:00_송파구,8,봉은공원,강남구,park,0.7275,1,0.45,1.0,0.4,0.35,0.7,1.0,1.4475,1.4475
2026-05-16_10:00_송파구,9,월드컵공원,마포구,park,0.7248,2,0.0,1.0,0.4,0.35,0.7,0.979592,1.21878,1.21878
2026-05-16_10:00_송파구,10,중랑캠핑숲,중랑구,park,0.7213,3,0.0,1.0,0.4,0.35,0.7,0.959184,1.214259,1.214259
2026-05-16_12:30_성동구,1,마장축산물시장,성동구,market,0.5116,5,1.0,1.0,0.85,0.35,0.75,0.918367,1.550018,1.550018
2026-05-16_12:30_성동구,2,성동용답상가시장,성동구,market,0.4816,6,1.0,1.0,0.85,0.35,0.75,0.897959,1.518998,1.518998
2026-05-16_12:30_성동구,3,송정벚꽃골목형상점가,성동구,market,0.4775,7,1.0,1.0,0.85,0.35,0.75,0.877551,1.513878,1.513878
2026-05-16_12:30_성동구,4,사근살곶이골목형상점가시장,성동구,market,0.474,8,1.0,1.0,0.85,0.35,0.75,0.857143,1.509357,1.509357
2026-05-16_12:30_성동구,5,금남시장,성동구,market,0.4707,9,1.0,1.0,0.85,0.35,0.75,0.836735,1.505037,1.505037
2026-05-16_12:30_성동구,6,뚝도시장,성동구,market,0.4683,10,1.0,1.0,0.85,0.35,0.75,0.816327,1.501616,1.501616
2026-05-16_12:30_성동구,7,남대문시장,중구,market,0.7056,1,0.45,1.0,0.85,0.35,0.75,1.0,1.4731,1.4731
2026-05-16_12:30_성동구,8,장안 마실 골목형상점가,동대문구,market,0.6299,3,0.45,1.0,0.85,0.35,0.75,0.959184,1.395359,1.395359
2026-05-16_12:30_성동구,9,동대문종합시장,종로구,market,0.6301,2,0.25,1.0,0.85,0.35,0.75,0.979592,1.29658,1.29658
2026-05-16_12:30_성동구,10,답십리현대시장,동대문구,market,0.4683,11,0.45,1.0,0.85,0.35,0.75,0.795918,1.225596,1.225596
2026-05-16_18:40_종로구,1,낙산근린공원,종로구,park,0.6884,2,1.0,0.15,0.4,0.12,0.7,0.979592,1.38138,1.38138
2026-05-16_18:40_종로구,2,북악산도시자연공원,종로구,park,0.6739,3,1.0,0.15,0.4,0.12,0.7,0.959184,1.365859,1.365859
2026-05-16_18:40_종로구,3,종로노인종합복지관,종로구,senior_friendly,0.7583,1,1.0,0.0,0.25,0.0,0.25,1.0,1.3458,1.3458
2026-05-16_18:40_종로구,4,인왕산도시자연공원,종로구,park,0.6425,4,1.0,0.15,0.4,0.12,0.7,0.938776,1.333439,1.333439
2026-05-16_18:40_종로구,5,세종로공원,종로구,park,0.6373,5,1.0,0.15,0.4,0.12,0.7,0.918367,1.327218,1.327218
2026-05-16_18:40_종로구,6,경희궁,종로구,park,0.6317,6,1.0,0.15,0.4,0.12,0.7,0.897959,1.320598,1.320598
2026-05-16_18:40_종로구,7,삼청근린공원,종로구,park,0.6253,8,1.0,0.15,0.4,0.12,0.7,0.857143,1.312157,1.312157
2026-05-16_18:40_종로구,8,광화문시민열린마당,종로구,park,0.6202,9,1.0,0.15,0.4,0.12,0.7,0.836735,1.306037,1.306037
2026-05-16_18:40_종로구,9,와룡근린공원,종로구,park,0.6141,10,1.0,0.15,0.4,0.12,0.7,0.816327,1.298916,1.298916
2026-05-16_18:40_종로구,10,사직근린공원,종로구,park,0.614,12,1.0,0.15,0.4,0.12,0.7,0.77551,1.296775,1.296775
