query_id,rank,recommended_place_name,recommended_district,recommended_place_type,baseline_score,district_bonus,place_type_bonus,time_bonus,context_bonus,target_bonus,score
2026-03-10_17:40_중구,1,남대문시장,중구,market,0.7056,0.18,0.0,0.0,0.0,0.0,0.8856
2026-03-10_17:40_중구,2,평화시장,중구,market,0.5528,0.18,0.0,0.0,0.0,0.0,0.7328
2026-03-10_17:40_중구,3,삼익패션타운,중구,market,0.5222,0.18,0.0,0.0,0.0,0.0,0.7022
2026-03-10_17:40_중구,4,동평화시장,중구,market,0.5126,0.18,0.0,0.0,0.0,0.0,0.6926
2026-03-10_17:40_중구,5,청평화시장,중구,market,0.5024,0.18,0.0,0.0,0.0,0.0,0.6824
2026-03-10_17:40_중구,6,신평화패션타운,중구,market,0.4993,0.18,0.0,0.0,0.0,0.0,0.6793
2026-03-10_17:40_중구,7,방산시장,중구,market,0.4988,0.18,0.0,0.0,0.0,0.0,0.6788
2026-03-10_17:40_중구,8,광희패션몰,중구,market,0.4973,0.18,0.0,0.0,0.0,0.0,0.6773
2026-03-10_17:40_중구,9,통일상가,중구,market,0.4936,0.18,0.0,0.0,0.0,0.0,0.6736
2026-03-10_17:40_중구,10,중부시장,중구,market,0.4895,0.18,0.0,0.0,0.0,0.0,0.6695
2026-03-11_15:10_영등포구,1,영등포유통상가,영등포구,market,0.5381,0.18,0.0,0.0,0.0,0.0,0.7181
2026-03-11_15:10_영등포구,2,남대문시장,중구,market,0.7056,0.0,0.0,0.0,0.0,0.0,0.7056
2026-03-11_15:10_영등포구,3,영등포시장기계공구상가,영등포구,market,0.4939,0.18,0.0,0.0,0.0,0.0,0.6739
2026-03-11_15:10_영등포구,4,영등포청과시장,영등포구,market,0.478,0.18,0.0,0.0,0.0,0.0,0.658
2026-03-11_15:10_영등포구,5,영등포전통시장,영등포구,market,0.4708,0.18,0.0,0.0,0.0,0.0,0.6508
2026-03-11_15:10_영등포구,6,대림중앙시장,영등포구,market,0.4696,0.18,0.0,0.0,0.0,0.0,0.6496
2026-03-11_15:10_영등포구,7,우리시장,영등포구,market,0.4695,0.18,0.0,0.0,0.0,0.0,0.6495
2026-03-11_15:10_영등포구,8,선유로운골목형상점가,영등포구,market,0.4686,0.18,0.0,0.0,0.0,0.0,0.6486
2026-03-11_15:10_영등포구,9,동대문종합시장,종로구,market,0.6301,0.0,0.0,0.0,0.0,0.0,0.6301
2026-03-11_15:10_영등포구,10,장안 마실 골목형상점가,동대문구,market,0.6299,0.0,0.0,0.0,0.0,0.0,0.6299
2026-03-11_16:20_영등포구,1,영등포유통상가,영등포구,market,0.5381,0.18,0.0,0.0,0.0,0.0,0.7181
2026-03-11_16:20_영등포구,2,남대문시장,중구,market,0.7056,0.0,0.0,0.0,0.0,0.0,0.7056
2026-03-11_16:20_영등포구,3,영등포시장기계공구상가,영등포구,market,0.4939,0.18,0.0,0.0,0.0,0.0,0.6739
2026-03-11_16:20_영등포구,4,영등포청과시장,영등포구,market,0.478,0.18,0.0,0.0,0.0,0.0,0.658
2026-03-11_16:20_영등포구,5,영등포전통시장,영등포구,market,0.4708,0.18,0.0,0.0,0.0,0.0,0.6508
2026-03-11_16:20_영등포구,6,대림중앙시장,영등포구,market,0.4696,0.18,0.0,0.0,0.0,0.0,0.6496
2026-03-11_16:20_영등포구,7,우리시장,영등포구,market,0.4695,0.18,0.0,0.0,0.0,0.0,0.6495
2026-03-11_16:20_영등포구,8,선유로운골목형상점가,영등포구,market,0.4686,0.18,0.0,0.0,0.0,0.0,0.6486
2026-03-11_16:20_영등포구,9,동대문종합시장,종로구,market,0.6301,0.0,0.0,0.0,0.0,0.0,0.6301
2026-03-11_16:20_영등포구,10,장안 마실 골목형상점가,동대문구,market,0.6299,0.0,0.0,0.0,0.0,0.0,0.6299
2026-03-12_16:00_강서구,1,공항동 먹자골목 골목형상점가,강서구,market,0.494,0.18,0.0,0.0,0.0,0.0,0.674
2026-03-12_16:00_강서구,2,강서구청먹자골목 골목형상점가,강서구,market,0.4867,0.18,0.0,0.0,0.0,0.0,0.6667
2026-03-12_16:00_강서구,3,까치산시장,강서구,market,0.4792,0.18,0.0,0.0,0.0,0.0,0.6592
2026-03-12_16:00_강서구,4,가양역사거리 골목형상점가,강서구,market,0.4788,0.18,0.0,0.0,0.0,0.0,0.6588
2026-03-12_16:00_강서구,5,남부골목시장,강서구,market,0.4786,0.18,0.0,0.0,0.0,0.0,0.6586
2026-03-12_16:00_강서구,6,송화벽화시장,강서구,market,0.4759,0.18,0.0,0.0,0.0,0.0,0.6559
2026-03-12_16:00_강서구,7,송정역 카페거리 골목형상점가,강서구,market,0.4716,0.18,0.0,0.0,0.0,0.0,0.6516
2026-03-12_16:00_강서구,8,공항대로 골목형상점가,강서구,market,0.471,0.18,0.0,0.0,0.0,0.0,0.651
2026-03-12_16:00_강서구,9,방신전통시장,강서구,market,0.4709,0.18,0.0,0.0,0.0,0.0,0.6509
2026-03-12_16:00_강서구,10,화곡중앙시장,강서구,market,0.4701,0.18,0.0,0.0,0.0,0.0,0.6501
2026-03-12_17:25_강서구,1,공항동 먹자골목 골목형상점가,강서구,market,0.494,0.18,0.0,0.0,0.0,0.0,0.674
2026-03-12_17:25_강서구,2,강서구청먹자골목 골목형상점가,강서구,market,0.4867,0.18,0.0,0.0,0.0,0.0,0.6667
2026-03-12_17:25_강서구,3,까치산시장,강서구,market,0.4792,0.18,0.0,0.0,0.0,0.0,0.6592
2026-03-12_17:25_강서구,4,가양역사거리 골목형상점가,강서구,market,0.4788,0.18,0.0,0.0,0.0,0.0,0.6588
2026-03-12_17:25_강서구,5,남부골목시장,강서구,market,0.4786,0.18,0.0,0.0,0.0,0.0,0.6586
2026-03-12_17:25_강서구,6,송화벽화시장,강서구,market,0.4759,0.18,0.0,0.0,0.0,0.0,0.6559
2026-03-12_17:25_강서구,7,송정역 카페거리 골목형상점가,강서구,market,0.4716,0.18,0.0,0.0,0.0,0.0,0.6516
2026-03-12_17:25_강서구,8,공항대로 골목형상점가,강서구,market,0.471,0.18,0.0,0.0,0.0,0.0,0.651
2026-03-12_17:25_강서구,9,방신전통시장,강서구,market,0.4709,0.18,0.0,0.0,0.0,0.0,0.6509
2026-03-12_17:25_강서구,10,화곡중앙시장,강서구,market,0.4701,0.18,0.0,0.0,0.0,0.0,0.6501
2026-03-13_14:10_노원구,1,남대문시장,중구,market,0.7056,0.0,0.0,0.0,0.0,0.0,0.7056
2026-03-13_14:10_노원구,2,공릉동도깨비시장,노원구,market,0.4746,0.18,0.0,0.0,0.0,0.0,0.6546
2026-03-13_14:10_노원구,3,상계중앙시장,노원구,market,0.4739,0.18,0.0,0.0,0.0,0.0,0.6539
2026-03-13_14:10_노원구,4,동대문종합시장,종로구,market,0.6301,0.0,0.0,0.0,0.0,0.0,0.6301
2026-03-13_14:10_노원구,5,장안 마실 골목형상점가,동대문구,market,0.6299,0.0,0.0,0.0,0.0,0.0,0.6299
2026-03-13_14:10_노원구,6,천호로데오거리상점가,강동구,market,0.5914,0.0,0.0,0.0,0.0,0.0,0.5914
2026-03-13_14:10_노원구,7,광장전통시장,종로구,market,0.5714,0.0,0.0,0.0,0.0,0.0,0.5714
2026-03-13_14:10_노원구,8,가락몰 골목형상점가,송파구,market,0.5612,0.0,0.0,0.0,0.0,0.0,0.5612
2026-03-13_14:10_노원구,9,평화시장,중구,market,0.5528,0.0,0.0,0.0,0.0,0.0,0.5528
2026-03-13_14:10_노원구,10,서울약령시장,동대문구,market,0.5526,0.0,0.0,0.0,0.0,0.0,0.5526
2026-03-13_14:50_노원구,1,공릉노인복지관,노원구,senior_friendly,0.9591,0.18,0.0,0.0,0.0,0.0,1.1391
2026-03-13_14:50_노원구,2,성수1가2동노인복지관 대현분소,성동구,senior_friendly,0.9739,0.0,0.0,0.0,0.0,0.0,0.9739
2026-03-13_14:50_노원구,3,강남구립 도곡1노인복지관,강남구,senior_friendly,0.9689,0.0,0.0,0.0,0.0,0.0,0.9689
2026-03-13_14:50_노원구,4,강동구립 해공노인복지관,강동구,senior_friendly,0.9673,0.0,0.0,0.0,0.0,0.0,0.9673
2026-03-13_14:50_노원구,5,구립 자양노인복지관,광진구,senior_friendly,0.964,0.0,0.0,0.0,0.0,0.0,0.964
2026-03-13_14:50_노원구,6,구립갈현노인복지관,은평구,senior_friendly,0.9624,0.0,0.0,0.0,0.0,0.0,0.9624
2026-03-13_14:50_노원구,7,용강 노인복지관,마포구,senior_friendly,0.9607,0.0,0.0,0.0,0.0,0.0,0.9607
2026-03-13_14:50_노원구,8,북가좌노인복지관,서대문구,senior_friendly,0.9607,0.0,0.0,0.0,0.0,0.0,0.9607
2026-03-13_14:50_노원구,9,청파노인복지관,용산구,senior_friendly,0.9591,0.0,0.0,0.0,0.0,0.0,0.9591
2026-03-13_14:50_노원구,10,약수노인복지관,중구,senior_friendly,0.9591,0.0,0.0,0.0,0.0,0.0,0.9591
2026-03-13_15:30_노원구,1,남대문시장,중구,market,0.7056,0.0,0.0,0.0,0.0,0.0,0.7056
2026-03-13_15:30_노원구,2,공릉동도깨비시장,노원구,market,0.4746,0.18,0.0,0.0,0.0,0.0,0.6546
2026-03-13_15:30_노원구,3,상계중앙시장,노원구,market,0.4739,0.18,0.0,0.0,0.0,0.0,0.6539
2026-03-13_15:30_노원구,4,동대문종합시장,종로구,market,0.6301,0.0,0.0,0.0,0.0,0.0,0.6301
2026-03-13_15:30_노원구,5,장안 마실 골목형상점가,동대문구,market,0.6299,0.0,0.0,0.0,0.0,0.0,0.6299
2026-03-13_15:30_노원구,6,천호로데오거리상점가,강동구,market,0.5914,0.0,0.0,0.0,0.0,0.0,0.5914
2026-03-13_15:30_노원구,7,광장전통시장,종로구,market,0.5714,0.0,0.0,0.0,0.0,0.0,0.5714
2026-03-13_15:30_노원구,8,가락몰 골목형상점가,송파구,market,0.5612,0.0,0.0,0.0,0.0,0.0,0.5612
2026-03-13_15:30_노원구,9,평화시장,중구,market,0.5528,0.0,0.0,0.0,0.0,0.0,0.5528
2026-03-13_15:30_노원구,10,서울약령시장,동대문구,market,0.5526,0.0,0.0,0.0,0.0,0.0,0.5526
2026-03-16_13:00_구로구,1,남대문시장,중구,market,0.7056,0.0,0.0,0.0,0.0,0.0,0.7056
2026-03-16_13:00_구로구,2,오류버들시장 골목형상점가,구로구,market,0.4915,0.18,0.0,0.0,0.0,0.0,0.6715
2026-03-16_13:00_구로구,3,남구로시장,구로구,market,0.4811,0.18,0.0,0.0,0.0,0.0,0.6611
2026-03-16_13:00_구로구,4,그라운드고척 골목형상점가,구로구,market,0.4792,0.18,0.0,0.0,0.0,0.0,0.6592
2026-03-16_13:00_구로구,5,구로시장,구로구,market,0.4737,0.18,0.0,0.0,0.0,0.0,0.6537
2026-03-16_13:00_구로구,6,가리봉시장,구로구,market,0.4705,0.18,0.0,0.0,0.0,0.0,0.6505
2026-03-16_13:00_구로구,7,고척근린시장,구로구,market,0.4696,0.18,0.0,0.0,0.0,0.0,0.6496
2026-03-16_13:00_구로구,8,개봉중앙 골목형상점가,구로구,market,0.4681,0.18,0.0,0.0,0.0,0.0,0.6481
2026-03-16_13:00_구로구,9,동대문종합시장,종로구,market,0.6301,0.0,0.0,0.0,0.0,0.0,0.6301
2026-03-16_13:00_구로구,10,장안 마실 골목형상점가,동대문구,market,0.6299,0.0,0.0,0.0,0.0,0.0,0.6299
2026-03-16_14:00_구로구,1,구로노인종합복지관,구로구,senior_friendly,0.9351,0.18,0.0,0.0,0.0,0.0,1.1151
2026-03-16_14:00_구로구,2,성수1가2동노인복지관 대현분소,성동구,senior_friendly,0.9739,0.0,0.0,0.0,0.0,0.0,0.9739
2026-03-16_14:00_구로구,3,강남구립 도곡1노인복지관,강남구,senior_friendly,0.9689,0.0,0.0,0.0,0.0,0.0,0.9689
2026-03-16_14:00_구로구,4,강동구립 해공노인복지관,강동구,senior_friendly,0.9673,0.0,0.0,0.0,0.0,0.0,0.9673
2026-03-16_14:00_구로구,5,구립 자양노인복지관,광진구,senior_friendly,0.964,0.0,0.0,0.0,0.0,0.0,0.964
2026-03-16_14:00_구로구,6,구립갈현노인복지관,은평구,senior_friendly,0.9624,0.0,0.0,0.0,0.0,0.0,0.9624
2026-03-16_14:00_구로구,7,용강 노인복지관,마포구,senior_friendly,0.9607,0.0,0.0,0.0,0.0,0.0,0.9607
2026-03-16_14:00_구로구,8,북가좌노인복지관,서대문구,senior_friendly,0.9607,0.0,0.0,0.0,0.0,0.0,0.9607
2026-03-16_14:00_구로구,9,청파노인복지관,용산구,senior_friendly,0.9591,0.0,0.0,0.0,0.0,0.0,0.9591
2026-03-16_14:00_구로구,10,약수노인복지관,중구,senior_friendly,0.9591,0.0,0.0,0.0,0.0,0.0,0.9591
2026-03-17_14:00_마포구,1,남대문시장,중구,market,0.7056,0.0,0.0,0.0,0.0,0.0,0.7056
2026-03-17_14:00_마포구,2,아현시장,마포구,market,0.4776,0.18,0.0,0.0,0.0,0.0,0.6576
2026-03-17_14:00_마포구,3,연남동골목형상점가,마포구,market,0.4764,0.18,0.0,0.0,0.0,0.0,0.6564
2026-03-17_14:00_마포구,4,망원시장,마포구,market,0.4721,0.18,0.0,0.0,0.0,0.0,0.6521
2026-03-17_14:00_마포구,5,홍대레드로드골목형상점가,마포구,market,0.4699,0.18,0.0,0.0,0.0,0.0,0.6499
2026-03-17_14:00_마포구,6,망원동월드컵시장,마포구,market,0.4684,0.18,0.0,0.0,0.0,0.0,0.6484
2026-03-17_14:00_마포구,7,동대문종합시장,종로구,market,0.6301,0.0,0.0,0.0,0.0,0.0,0.6301
2026-03-17_14:00_마포구,8,장안 마실 골목형상점가,동대문구,market,0.6299,0.0,0.0,0.0,0.0,0.0,0.6299
2026-03-17_14:00_마포구,9,천호로데오거리상점가,강동구,market,0.5914,0.0,0.0,0.0,0.0,0.0,0.5914
2026-03-17_14:00_마포구,10,광장전통시장,종로구,market,0.5714,0.0,0.0,0.0,0.0,0.0,0.5714
2026-03-19_10:00_송파구,1,잠실(송파구청),송파구,subway,0.8013,0.18,0.0,0.0,0.0,0.0,0.9813
2026-03-19_10:00_송파구,2,신림,관악구,subway,0.9468,0.0,0.0,0.0,0.0,0.0,0.9468
2026-03-19_10:00_송파구,3,서울역,중구,subway,0.7902,0.0,0.0,0.0,0.0,0.0,0.7902
2026-03-19_10:00_송파구,4,구로디지털단지,구로구,subway,0.776,0.0,0.0,0.0,0.0,0.0,0.776
2026-03-19_10:00_송파구,5,서울대입구(관악구청),관악구,subway,0.7382,0.0,0.0,0.0,0.0,0.0,0.7382
2026-03-19_10:00_송파구,6,신도림,구로구,subway,0.7139,0.0,0.0,0.0,0.0,0.0,0.7139
2026-03-19_10:00_송파구,7,연신내,은평구,subway,0.667,0.0,0.0,0.0,0.0,0.0,0.667
2026-03-19_10:00_송파구,8,까치산,강서구,subway,0.6301,0.0,0.0,0.0,0.0,0.0,0.6301
2026-03-19_10:00_송파구,9,화곡,강서구,subway,0.6251,0.0,0.0,0.0,0.0,0.0,0.6251
2026-03-19_10:00_송파구,10,쌍문,도봉구,subway,0.623,0.0,0.0,0.0,0.0,0.0,0.623
2026-03-24_17:00_광화문,1,서울역,중구,subway,0.9642,0.0,0.0,0.0,0.0,0.0,0.9642
2026-03-24_17:00_광화문,2,잠실(송파구청),송파구,subway,0.9611,0.0,0.0,0.0,0.0,0.0,0.9611
2026-03-24_17:00_광화문,3,강남,강남구,subway,0.9318,0.0,0.0,0.0,0.0,0.0,0.9318
2026-03-24_17:00_광화문,4,홍대입구,마포구,subway,0.8656,0.0,0.0,0.0,0.0,0.0,0.8656
2026-03-24_17:00_광화문,5,고속터미널,서초구,subway,0.8161,0.0,0.0,0.0,0.0,0.0,0.8161
2026-03-24_17:00_광화문,6,삼성(무역센터),강남구,subway,0.7312,0.0,0.0,0.0,0.0,0.0,0.7312
2026-03-24_17:00_광화문,7,성수,성동구,subway,0.7287,0.0,0.0,0.0,0.0,0.0,0.7287
2026-03-24_17:00_광화문,8,선릉,강남구,subway,0.7238,0.0,0.0,0.0,0.0,0.0,0.7238
2026-03-24_17:00_광화문,9,용산,용산구,subway,0.7194,0.0,0.0,0.0,0.0,0.0,0.7194
2026-03-24_17:00_광화문,10,구로디지털단지,구로구,subway,0.6961,0.0,0.0,0.0,0.0,0.0,0.6961
2026-03-24_17:40_종로구,1,동대문종합시장,종로구,market,0.6301,0.18,0.0,0.0,0.0,0.0,0.8101
2026-03-24_17:40_종로구,2,광장전통시장,종로구,market,0.5714,0.18,0.0,0.0,0.0,0.0,0.7514
2026-03-24_17:40_종로구,3,광장시장,종로구,market,0.5254,0.18,0.0,0.0,0.0,0.0,0.7054
2026-03-24_17:40_종로구,4,동대문종합시장D동,종로구,market,0.4968,0.18,0.0,0.0,0.0,0.0,0.6768
2026-03-24_17:40_종로구,5,동대문문구?완구거리,종로구,market,0.4736,0.18,0.0,0.0,0.0,0.0,0.6536
2026-03-24_17:40_종로구,6,동묘시장,종로구,market,0.4726,0.18,0.0,0.0,0.0,0.0,0.6526
2026-03-24_17:40_종로구,7,창신골목시장,종로구,market,0.472,0.18,0.0,0.0,0.0,0.0,0.652
2026-03-24_17:40_종로구,8,세종마을음식문화거리,종로구,market,0.4714,0.18,0.0,0.0,0.0,0.0,0.6514
2026-03-24_17:40_종로구,9,북촌계동길 골목형상점가,종로구,market,0.4713,0.18,0.0,0.0,0.0,0.0,0.6513
2026-03-24_17:40_종로구,10,통인시장,종로구,market,0.4694,0.18,0.0,0.0,0.0,0.0,0.6494
2026-03-25_17:20_광진구,1,남대문시장,중구,market,0.7056,0.0,0.0,0.0,0.0,0.0,0.7056
2026-03-25_17:20_광진구,2,신성전통시장,광진구,market,0.477,0.18,0.0,0.0,0.0,0.0,0.657
2026-03-25_17:20_광진구,3,자양전통시장,광진구,market,0.4758,0.18,0.0,0.0,0.0,0.0,0.6558
2026-03-25_17:20_광진구,4,중곡제일골목시장,광진구,market,0.4754,0.18,0.0,0.0,0.0,0.0,0.6554
2026-03-25_17:20_광진구,5,건리단길골목형상점가,광진구,market,0.4751,0.18,0.0,0.0,0.0,0.0,0.6551
2026-03-25_17:20_광진구,6,자양15번가 골목형상점가,광진구,market,0.475,0.18,0.0,0.0,0.0,0.0,0.655
2026-03-25_17:20_광진구,7,화양제일골목시장,광진구,market,0.4717,0.18,0.0,0.0,0.0,0.0,0.6517
2026-03-25_17:20_광진구,8,자양한강전통시장,광진구,market,0.4712,0.18,0.0,0.0,0.0,0.0,0.6512
2026-03-25_17:20_광진구,9,영동교골목시장,광진구,market,0.4712,0.18,0.0,0.0,0.0,0.0,0.6512
2026-03-25_17:20_광진구,10,동대문종합시장,종로구,market,0.6301,0.0,0.0,0.0,0.0,0.0,0.6301
2026-03-25_18:15_광진구,1,남대문시장,중구,market,0.7056,0.0,0.0,0.0,0.0,0.0,0.7056
2026-03-25_18:15_광진구,2,신성전통시장,광진구,market,0.477,0.18,0.0,0.0,0.0,0.0,0.657
2026-03-25_18:15_광진구,3,자양전통시장,광진구,market,0.4758,0.18,0.0,0.0,0.0,0.0,0.6558
2026-03-25_18:15_광진구,4,중곡제일골목시장,광진구,market,0.4754,0.18,0.0,0.0,0.0,0.0,0.6554
2026-03-25_18:15_광진구,5,건리단길골목형상점가,광진구,market,0.4751,0.18,0.0,0.0,0.0,0.0,0.6551
2026-03-25_18:15_광진구,6,자양15번가 골목형상점가,광진구,market,0.475,0.18,0.0,0.0,0.0,0.0,0.655
2026-03-25_18:15_광진구,7,화양제일골목시장,광진구,market,0.4717,0.18,0.0,0.0,0.0,0.0,0.6517
2026-03-25_18:15_광진구,8,자양한강전통시장,광진구,market,0.4712,0.18,0.0,0.0,0.0,0.0,0.6512
2026-03-25_18:15_광진구,9,영동교골목시장,광진구,market,0.4712,0.18,0.0,0.0,0.0,0.0,0.6512
2026-03-25_18:15_광진구,10,동대문종합시장,종로구,market,0.6301,0.0,0.0,0.0,0.0,0.0,0.6301
2026-03-26_16:00_관악구,1,서울역,중구,subway,0.9642,0.0,0.0,0.0,0.0,0.0,0.9642
2026-03-26_16:00_관악구,2,잠실(송파구청),송파구,subway,0.9611,0.0,0.0,0.0,0.0,0.0,0.9611
2026-03-26_16:00_관악구,3,강남,강남구,subway,0.9318,0.0,0.0,0.0,0.0,0.0,0.9318
2026-03-26_16:00_관악구,4,신림,관악구,subway,0.6921,0.18,0.0,0.0,0.0,0.0,0.8721
2026-03-26_16:00_관악구,5,홍대입구,마포구,subway,0.8656,0.0,0.0,0.0,0.0,0.0,0.8656
2026-03-26_16:00_관악구,6,고속터미널,서초구,subway,0.8161,0.0,0.0,0.0,0.0,0.0,0.8161
2026-03-26_16:00_관악구,7,서울대입구(관악구청),관악구,subway,0.628,0.18,0.0,0.0,0.0,0.0,0.808
2026-03-26_16:00_관악구,8,삼성(무역센터),강남구,subway,0.7312,0.0,0.0,0.0,0.0,0.0,0.7312
2026-03-26_16:00_관악구,9,낙성대(강감찬),관악구,subway,0.4696,0.18,0.0,0.0,0.0,0.0,0.6496
2026-03-26_16:00_관악구,10,봉천,관악구,subway,0.4399,0.18,0.0,0.0,0.0,0.0,0.6199
2026-03-26_16:15_관악구,1,남대문시장,중구,market,0.7056,0.0,0.0,0.0,0.0,0.0,0.7056
2026-03-26_16:15_관악구,2,신림별빛거리 골목형상점가,관악구,market,0.4918,0.18,0.0,0.0,0.0,0.0,0.6718
2026-03-26_16:15_관악구,3,녹두S밸리 골목형상점가,관악구,market,0.4746,0.18,0.0,0.0,0.0,0.0,0.6546
2026-03-26_16:15_관악구,4,행운담길 골목형상점가,관악구,market,0.4739,0.18,0.0,0.0,0.0,0.0,0.6539
2026-03-26_16:15_관악구,5,녹두 골목형상점가,관악구,market,0.4733,0.18,0.0,0.0,0.0,0.0,0.6533
2026-03-26_16:15_관악구,6,삼성동시장,관악구,market,0.4717,0.18,0.0,0.0,0.0,0.0,0.6517
2026-03-26_16:15_관악구,7,신원시장,관악구,market,0.4713,0.18,0.0,0.0,0.0,0.0,0.6513
2026-03-26_16:15_관악구,8,조원동펭귄시장,관악구,market,0.471,0.18,0.0,0.0,0.0,0.0,0.651
2026-03-26_16:15_관악구,9,관악신사시장,관악구,market,0.4703,0.18,0.0,0.0,0.0,0.0,0.6503
2026-03-26_16:15_관악구,10,인헌시장,관악구,market,0.4699,0.18,0.0,0.0,0.0,0.0,0.6499
2026-03-28_12:50_성동구,1,서울역,중구,subway,0.9642,0.0,0.0,0.0,0.0,0.0,0.9642
2026-03-28_12:50_성동구,2,잠실(송파구청),송파구,subway,0.9611,0.0,0.0,0.0,0.0,0.0,0.9611
2026-03-28_12:50_성동구,3,강남,강남구,subway,0.9318,0.0,0.0,0.0,0.0,0.0,0.9318
2026-03-28_12:50_성동구,4,성수,성동구,subway,0.7287,0.18,0.0,0.0,0.0,0.0,0.9087
2026-03-28_12:50_성동구,5,홍대입구,마포구,subway,0.8656,0.0,0.0,0.0,0.0,0.0,0.8656
2026-03-28_12:50_성동구,6,고속터미널,서초구,subway,0.8161,0.0,0.0,0.0,0.0,0.0,0.8161
2026-03-28_12:50_성동구,7,삼성(무역센터),강남구,subway,0.7312,0.0,0.0,0.0,0.0,0.0,0.7312
2026-03-28_12:50_성동구,8,선릉,강남구,subway,0.7238,0.0,0.0,0.0,0.0,0.0,0.7238
2026-03-28_12:50_성동구,9,용산,용산구,subway,0.7194,0.0,0.0,0.0,0.0,0.0,0.7194
2026-03-28_12:50_성동구,10,왕십리(성동구청),성동구,subway,0.3918,0.18,0.0,0.0,0.0,0.0,0.5718
2026-03-30_11:00_동작구,1,노량진수산시장골목형상점가,동작구,market,0.4672,0.18,0.0,0.0,0.0,0.0,0.6472
2026-03-30_11:00_동작구,2,이수미로 골목형상점가,동작구,market,0.4371,0.18,0.0,0.0,0.0,0.0,0.6171
2026-03-30_11:00_동작구,3,숭실마루길 골목형상점가,동작구,market,0.4293,0.18,0.0,0.0,0.0,0.0,0.6093
2026-03-30_11:00_동작구,4,성대전통시장,동작구,market,0.4285,0.18,0.0,0.0,0.0,0.0,0.6085
2026-03-30_11:00_동작구,5,남성사계시장(남성시장),동작구,market,0.4273,0.18,0.0,0.0,0.0,0.0,0.6073
2026-03-30_11:00_동작구,6,흑석시장 골목형상점가,동작구,market,0.4267,0.18,0.0,0.0,0.0,0.0,0.6067
2026-03-30_11:00_동작구,7,상도전통시장,동작구,market,0.4259,0.18,0.0,0.0,0.0,0.0,0.6059
2026-03-30_11:00_동작구,8,본동인정시장,동작구,market,0.4254,0.18,0.0,0.0,0.0,0.0,0.6054
2026-03-30_11:00_동작구,9,보라매다올길골목형상점가,동작구,market,0.4252,0.18,0.0,0.0,0.0,0.0,0.6052
2026-03-30_11:00_동작구,10,신대방1동 온누리길 골목형상점가,동작구,market,0.4236,0.18,0.0,0.0,0.0,0.0,0.6036
2026-03-31_11:30_동대문구,1,신림,관악구,subway,0.9468,0.0,0.0,0.0,0.0,0.0,0.9468
2026-03-31_11:30_동대문구,2,잠실(송파구청),송파구,subway,0.8013,0.0,0.0,0.0,0.0,0.0,0.8013
2026-03-31_11:30_동대문구,3,서울역,중구,subway,0.7902,0.0,0.0,0.0,0.0,0.0,0.7902
2026-03-31_11:30_동대문구,4,구로디지털단지,구로구,subway,0.776,0.0,0.0,0.0,0.0,0.0,0.776
2026-03-31_11:30_동대문구,5,서울대입구(관악구청),관악구,subway,0.7382,0.0,0.0,0.0,0.0,0.0,0.7382
2026-03-31_11:30_동대문구,6,신도림,구로구,subway,0.7139,0.0,0.0,0.0,0.0,0.0,0.7139
2026-03-31_11:30_동대문구,7,연신내,은평구,subway,0.667,0.0,0.0,0.0,0.0,0.0,0.667
2026-03-31_11:30_동대문구,8,까치산,강서구,subway,0.6301,0.0,0.0,0.0,0.0,0.0,0.6301
2026-03-31_11:30_동대문구,9,화곡,강서구,subway,0.6251,0.0,0.0,0.0,0.0,0.0,0.6251
2026-03-31_11:30_동대문구,10,쌍문,도봉구,subway,0.623,0.0,0.0,0.0,0.0,0.0,0.623
2026-04-02_16:00_양천구,1,서울역,중구,subway,0.9642,0.0,0.0,0.0,0.0,0.0,0.9642
2026-04-02_16:00_양천구,2,잠실(송파구청),송파구,subway,0.9611,0.0,0.0,0.0,0.0,0.0,0.9611
2026-04-02_16:00_양천구,3,강남,강남구,subway,0.9318,0.0,0.0,0.0,0.0,0.0,0.9318
2026-04-02_16:00_양천구,4,홍대입구,마포구,subway,0.8656,0.0,0.0,0.0,0.0,0.0,0.8656
2026-04-02_16:00_양천구,5,고속터미널,서초구,subway,0.8161,0.0,0.0,0.0,0.0,0.0,0.8161
2026-04-02_16:00_양천구,6,삼성(무역센터),강남구,subway,0.7312,0.0,0.0,0.0,0.0,0.0,0.7312
2026-04-02_16:00_양천구,7,성수,성동구,subway,0.7287,0.0,0.0,0.0,0.0,0.0,0.7287
2026-04-02_16:00_양천구,8,선릉,강남구,subway,0.7238,0.0,0.0,0.0,0.0,0.0,0.7238
2026-04-02_16:00_양천구,9,용산,용산구,subway,0.7194,0.0,0.0,0.0,0.0,0.0,0.7194
2026-04-02_16:00_양천구,10,구로디지털단지,구로구,subway,0.6961,0.0,0.0,0.0,0.0,0.0,0.6961
2026-04-04_10:00_노원구,1,신림,관악구,subway,0.9468,0.0,0.0,0.0,0.0,0.0,0.9468
2026-04-04_10:00_노원구,2,잠실(송파구청),송파구,subway,0.8013,0.0,0.0,0.0,0.0,0.0,0.8013
2026-04-04_10:00_노원구,3,서울역,중구,subway,0.7902,0.0,0.0,0.0,0.0,0.0,0.7902
2026-04-04_10:00_노원구,4,구로디지털단지,구로구,subway,0.776,0.0,0.0,0.0,0.0,0.0,0.776
2026-04-04_10:00_노원구,5,서울대입구(관악구청),관악구,subway,0.7382,0.0,0.0,0.0,0.0,0.0,0.7382
2026-04-04_10:00_노원구,6,신도림,구로구,subway,0.7139,0.0,0.0,0.0,0.0,0.0,0.7139
2026-04-04_10:00_노원구,7,연신내,은평구,subway,0.667,0.0,0.0,0.0,0.0,0.0,0.667
2026-04-04_10:00_노원구,8,까치산,강서구,subway,0.6301,0.0,0.0,0.0,0.0,0.0,0.6301
2026-04-04_10:00_노원구,9,화곡,강서구,subway,0.6251,0.0,0.0,0.0,0.0,0.0,0.6251
2026-04-04_10:00_노원구,10,노원,노원구,subway,0.4295,0.18,0.0,0.0,0.0,0.0,0.6095
2026-04-05_17:40_양천구,1,서울역,중구,subway,0.9642,0.0,0.0,0.0,0.0,0.0,0.9642
2026-04-05_17:40_양천구,2,잠실(송파구청),송파구,subway,0.9611,0.0,0.0,0.0,0.0,0.0,0.9611
2026-04-05_17:40_양천구,3,강남,강남구,subway,0.9318,0.0,0.0,0.0,0.0,0.0,0.9318
2026-04-05_17:40_양천구,4,홍대입구,마포구,subway,0.8656,0.0,0.0,0.0,0.0,0.0,0.8656
2026-04-05_17:40_양천구,5,고속터미널,서초구,subway,0.8161,0.0,0.0,0.0,0.0,0.0,0.8161
2026-04-05_17:40_양천구,6,삼성(무역센터),강남구,subway,0.7312,0.0,0.0,0.0,0.0,0.0,0.7312
2026-04-05_17:40_양천구,7,성수,성동구,subway,0.7287,0.0,0.0,0.0,0.0,0.0,0.7287
2026-04-05_17:40_양천구,8,선릉,강남구,subway,0.7238,0.0,0.0,0.0,0.0,0.0,0.7238
2026-04-05_17:40_양천구,9,용산,용산구,subway,0.7194,0.0,0.0,0.0,0.0,0.0,0.7194
2026-04-05_17:40_양천구,10,구로디지털단지,구로구,subway,0.6961,0.0,0.0,0.0,0.0,0.0,0.6961
2026-04-06_16:30_강북구,1,남대문시장,중구,market,0.7056,0.0,0.0,0.0,0.0,0.0,0.7056
2026-04-06_16:30_강북구,2,강북북부골목시장,강북구,market,0.4721,0.18,0.0,0.0,0.0,0.0,0.6521
2026-04-06_16:30_강북구,3,미소상인회 골목형상점가,강북구,market,0.4717,0.18,0.0,0.0,0.0,0.0,0.6517
2026-04-06_16:30_강북구,4,오패산로 골목형상점가,강북구,market,0.4713,0.18,0.0,0.0,0.0,0.0,0.6513
2026-04-06_16:30_강북구,5,우이골목시장골목형상점가,강북구,market,0.471,0.18,0.0,0.0,0.0,0.0,0.651
2026-04-06_16:30_강북구,6,인수로골목형상점가,강북구,market,0.4709,0.18,0.0,0.0,0.0,0.0,0.6509
2026-04-06_16:30_강북구,7,수유재래시장,강북구,market,0.4702,0.18,0.0,0.0,0.0,0.0,0.6502
2026-04-06_16:30_강북구,8,솔샘시장 골목형상점가,강북구,market,0.4701,0.18,0.0,0.0,0.0,0.0,0.6501
2026-04-06_16:30_강북구,9,장미원골목시장,강북구,market,0.4688,0.18,0.0,0.0,0.0,0.0,0.6488
2026-04-06_16:30_강북구,10,수유전통시장,강북구,market,0.4681,0.18,0.0,0.0,0.0,0.0,0.6481
2026-04-06_18:00_성북구,1,월곡달빛오거리골목형상점가,성북구,market,0.4759,0.18,0.0,0.0,0.0,0.0,0.6559
2026-04-06_18:00_성북구,2,석계음식문화거리,성북구,market,0.4756,0.18,0.0,0.0,0.0,0.0,0.6556
2026-04-06_18:00_성북구,3,종암북바위길골목형상점가,성북구,market,0.4748,0.18,0.0,0.0,0.0,0.0,0.6548
2026-04-06_18:00_성북구,4,돈암시장,성북구,market,0.4738,0.18,0.0,0.0,0.0,0.0,0.6538
2026-04-06_18:00_성북구,5,정릉시장,성북구,market,0.473,0.18,0.0,0.0,0.0,0.0,0.653
2026-04-06_18:00_성북구,6,성북천골목형상점가,성북구,market,0.4707,0.18,0.0,0.0,0.0,0.0,0.6507
2026-04-06_18:00_성북구,7,돌곶이시장,성북구,market,0.4704,0.18,0.0,0.0,0.0,0.0,0.6504
2026-04-06_18:00_성북구,8,정릉서경대길골목형상점가,성북구,market,0.4695,0.18,0.0,0.0,0.0,0.0,0.6495
2026-04-06_18:00_성북구,9,장위전통시장,성북구,market,0.4689,0.18,0.0,0.0,0.0,0.0,0.6489
2026-04-06_18:00_성북구,10,꿈의숲장곡골목형상점가,성북구,market,0.4684,0.18,0.0,0.0,0.0,0.0,0.6484
2026-04-07_15:40_동작구,1,노량진수산시장골목형상점가,동작구,market,0.5136,0.18,0.0,0.0,0.0,0.0,0.6936
2026-04-07_15:40_동작구,2,이수미로 골목형상점가,동작구,market,0.4843,0.18,0.0,0.0,0.0,0.0,0.6643
2026-04-07_15:40_동작구,3,숭실마루길 골목형상점가,동작구,market,0.4765,0.18,0.0,0.0,0.0,0.0,0.6565
2026-04-07_15:40_동작구,4,성대전통시장,동작구,market,0.4756,0.18,0.0,0.0,0.0,0.0,0.6556
2026-04-07_15:40_동작구,5,남성사계시장(남성시장),동작구,market,0.4745,0.18,0.0,0.0,0.0,0.0,0.6545
2026-04-07_15:40_동작구,6,흑석시장 골목형상점가,동작구,market,0.4738,0.18,0.0,0.0,0.0,0.0,0.6538
2026-04-07_15:40_동작구,7,상도전통시장,동작구,market,0.4731,0.18,0.0,0.0,0.0,0.0,0.6531
2026-04-07_15:40_동작구,8,본동인정시장,동작구,market,0.4726,0.18,0.0,0.0,0.0,0.0,0.6526
2026-04-07_15:40_동작구,9,보라매다올길골목형상점가,동작구,market,0.4724,0.18,0.0,0.0,0.0,0.0,0.6524
2026-04-07_15:40_동작구,10,신대방1동 온누리길 골목형상점가,동작구,market,0.4707,0.18,0.0,0.0,0.0,0.0,0.6507
2026-04-07_16:40_동작구,1,노량진수산시장골목형상점가,동작구,market,0.5136,0.18,0.0,0.0,0.0,0.0,0.6936
2026-04-07_16:40_동작구,2,이수미로 골목형상점가,동작구,market,0.4843,0.18,0.0,0.0,0.0,0.0,0.6643
2026-04-07_16:40_동작구,3,숭실마루길 골목형상점가,동작구,market,0.4765,0.18,0.0,0.0,0.0,0.0,0.6565
2026-04-07_16:40_동작구,4,성대전통시장,동작구,market,0.4756,0.18,0.0,0.0,0.0,0.0,0.6556
2026-04-07_16:40_동작구,5,남성사계시장(남성시장),동작구,market,0.4745,0.18,0.0,0.0,0.0,0.0,0.6545
2026-04-07_16:40_동작구,6,흑석시장 골목형상점가,동작구,market,0.4738,0.18,0.0,0.0,0.0,0.0,0.6538
2026-04-07_16:40_동작구,7,상도전통시장,동작구,market,0.4731,0.18,0.0,0.0,0.0,0.0,0.6531
2026-04-07_16:40_동작구,8,본동인정시장,동작구,market,0.4726,0.18,0.0,0.0,0.0,0.0,0.6526
2026-04-07_16:40_동작구,9,보라매다올길골목형상점가,동작구,market,0.4724,0.18,0.0,0.0,0.0,0.0,0.6524
2026-04-07_16:40_동작구,10,신대방1동 온누리길 골목형상점가,동작구,market,0.4707,0.18,0.0,0.0,0.0,0.0,0.6507
2026-04-08_17:00_서대문구,1,남대문시장,중구,market,0.7056,0.0,0.0,0.0,0.0,0.0,0.7056
2026-04-08_17:00_서대문구,2,포방터시장,서대문구,market,0.4698,0.18,0.0,0.0,0.0,0.0,0.6498
2026-04-08_17:00_서대문구,3,영천시장,서대문구,market,0.4684,0.18,0.0,0.0,0.0,0.0,0.6484
2026-04-08_17:00_서대문구,4,남이동길골목형상점가,서대문구,market,0.4684,0.18,0.0,0.0,0.0,0.0,0.6484
2026-04-08_17:00_서대문구,5,동대문종합시장,종로구,market,0.6301,0.0,0.0,0.0,0.0,0.0,0.6301
2026-04-08_17:00_서대문구,6,장안 마실 골목형상점가,동대문구,market,0.6299,0.0,0.0,0.0,0.0,0.0,0.6299
2026-04-08_17:00_서대문구,7,천호로데오거리상점가,강동구,market,0.5914,0.0,0.0,0.0,0.0,0.0,0.5914
2026-04-08_17:00_서대문구,8,광장전통시장,종로구,market,0.5714,0.0,0.0,0.0,0.0,0.0,0.5714
2026-04-08_17:00_서대문구,9,가락몰 골목형상점가,송파구,market,0.5612,0.0,0.0,0.0,0.0,0.0,0.5612
2026-04-08_17:00_서대문구,10,평화시장,중구,market,0.5528,0.0,0.0,0.0,0.0,0.0,0.5528
2026-04-08_17:55_서대문구,1,서울역,중구,subway,0.9642,0.0,0.0,0.0,0.0,0.0,0.9642
2026-04-08_17:55_서대문구,2,잠실(송파구청),송파구,subway,0.9611,0.0,0.0,0.0,0.0,0.0,0.9611
2026-04-08_17:55_서대문구,3,강남,강남구,subway,0.9318,0.0,0.0,0.0,0.0,0.0,0.9318
2026-04-08_17:55_서대문구,4,홍대입구,마포구,subway,0.8656,0.0,0.0,0.0,0.0,0.0,0.8656
2026-04-08_17:55_서대문구,5,고속터미널,서초구,subway,0.8161,0.0,0.0,0.0,0.0,0.0,0.8161
2026-04-08_17:55_서대문구,6,삼성(무역센터),강남구,subway,0.7312,0.0,0.0,0.0,0.0,0.0,0.7312
2026-04-08_17:55_서대문구,7,성수,성동구,subway,0.7287,0.0,0.0,0.0,0.0,0.0,0.7287
2026-04-08_17:55_서대문구,8,선릉,강남구,subway,0.7238,0.0,0.0,0.0,0.0,0.0,0.7238
2026-04-08_17:55_서대문구,9,용산,용산구,subway,0.7194,0.0,0.0,0.0,0.0,0.0,0.7194
2026-04-08_17:55_서대문구,10,구로디지털단지,구로구,subway,0.6961,0.0,0.0,0.0,0.0,0.0,0.6961
2026-04-09_15:00_중랑구,1,우림골목시장,중랑구,market,0.4775,0.18,0.0,0.0,0.0,0.0,0.6575
2026-04-09_15:00_중랑구,2,동원전통종합시장,중랑구,market,0.4761,0.18,0.0,0.0,0.0,0.0,0.6561
2026-04-09_15:00_중랑구,3,상봉먹자 골목형상점가,중랑구,market,0.4738,0.18,0.0,0.0,0.0,0.0,0.6538
2026-04-09_15:00_중랑구,4,사가정시장,중랑구,market,0.4731,0.18,0.0,0.0,0.0,0.0,0.6531
2026-04-09_15:00_중랑구,5,면목시장(골목형),중랑구,market,0.4729,0.18,0.0,0.0,0.0,0.0,0.6529
2026-04-09_15:00_중랑구,6,신내구길 골목형상점가,중랑구,market,0.4722,0.18,0.0,0.0,0.0,0.0,0.6522
2026-04-09_15:00_중랑구,7,사가정51길 골목형상점가,중랑구,market,0.4706,0.18,0.0,0.0,0.0,0.0,0.6506
2026-04-09_15:00_중랑구,8,중랑동부시장,중랑구,market,0.4702,0.18,0.0,0.0,0.0,0.0,0.6502
2026-04-09_15:00_중랑구,9,묵동도깨비시장 골목형상점가,중랑구,market,0.4701,0.18,0.0,0.0,0.0,0.0,0.6501
2026-04-09_15:00_중랑구,10,태능 골목형상점가,중랑구,market,0.4699,0.18,0.0,0.0,0.0,0.0,0.6499
2026-04-09_15:50_중랑구,1,우림골목시장,중랑구,market,0.4775,0.18,0.0,0.0,0.0,0.0,0.6575
2026-04-09_15:50_중랑구,2,동원전통종합시장,중랑구,market,0.4761,0.18,0.0,0.0,0.0,0.0,0.6561
2026-04-09_15:50_중랑구,3,상봉먹자 골목형상점가,중랑구,market,0.4738,0.18,0.0,0.0,0.0,0.0,0.6538
2026-04-09_15:50_중랑구,4,사가정시장,중랑구,market,0.4731,0.18,0.0,0.0,0.0,0.0,0.6531
2026-04-09_15:50_중랑구,5,면목시장(골목형),중랑구,market,0.4729,0.18,0.0,0.0,0.0,0.0,0.6529
2026-04-09_15:50_중랑구,6,신내구길 골목형상점가,중랑구,market,0.4722,0.18,0.0,0.0,0.0,0.0,0.6522
2026-04-09_15:50_중랑구,7,사가정51길 골목형상점가,중랑구,market,0.4706,0.18,0.0,0.0,0.0,0.0,0.6506
2026-04-09_15:50_중랑구,8,중랑동부시장,중랑구,market,0.4702,0.18,0.0,0.0,0.0,0.0,0.6502
2026-04-09_15:50_중랑구,9,묵동도깨비시장 골목형상점가,중랑구,market,0.4701,0.18,0.0,0.0,0.0,0.0,0.6501
2026-04-09_15:50_중랑구,10,태능 골목형상점가,중랑구,market,0.4699,0.18,0.0,0.0,0.0,0.0,0.6499
2026-04-15_10:55_종로구,1,동대문종합시장,종로구,market,0.5837,0.18,0.0,0.0,0.0,0.0,0.7637
2026-04-15_10:55_종로구,2,광장전통시장,종로구,market,0.5242,0.18,0.0,0.0,0.0,0.0,0.7042
2026-04-15_10:55_종로구,3,광장시장,종로구,market,0.479,0.18,0.0,0.0,0.0,0.0,0.659
2026-04-15_10:55_종로구,4,동대문종합시장D동,종로구,market,0.4504,0.18,0.0,0.0,0.0,0.0,0.6304
2026-04-15_10:55_종로구,5,동대문문구?완구거리,종로구,market,0.4264,0.18,0.0,0.0,0.0,0.0,0.6064
2026-04-15_10:55_종로구,6,동묘시장,종로구,market,0.4255,0.18,0.0,0.0,0.0,0.0,0.6055
2026-04-15_10:55_종로구,7,창신골목시장,종로구,market,0.4248,0.18,0.0,0.0,0.0,0.0,0.6048
2026-04-15_10:55_종로구,8,세종마을음식문화거리,종로구,market,0.4242,0.18,0.0,0.0,0.0,0.0,0.6042
2026-04-15_10:55_종로구,9,북촌계동길 골목형상점가,종로구,market,0.4241,0.18,0.0,0.0,0.0,0.0,0.6041
2026-04-15_10:55_종로구,10,통인시장,종로구,market,0.4222,0.18,0.0,0.0,0.0,0.0,0.6022
2026-04-17_07:30_송파구,1,가락몰 골목형상점가,송파구,market,0.514,0.18,0.0,0.0,0.0,0.0,0.694
2026-04-17_07:30_송파구,2,남대문시장,중구,market,0.6592,0.0,0.0,0.0,0.0,0.0,0.6592
2026-04-17_07:30_송파구,3,방이시장,송파구,market,0.4351,0.18,0.0,0.0,0.0,0.0,0.6151
2026-04-17_07:30_송파구,4,풍납시장,송파구,market,0.4315,0.18,0.0,0.0,0.0,0.0,0.6115
2026-04-17_07:30_송파구,5,새마을시장,송파구,market,0.4291,0.18,0.0,0.0,0.0,0.0,0.6091
2026-04-17_07:30_송파구,6,마천중앙시장,송파구,market,0.4285,0.18,0.0,0.0,0.0,0.0,0.6085
2026-04-17_07:30_송파구,7,석촌시장,송파구,market,0.426,0.18,0.0,0.0,0.0,0.0,0.606
2026-04-17_07:30_송파구,8,동대문종합시장,종로구,market,0.5837,0.0,0.0,0.0,0.0,0.0,0.5837
2026-04-17_07:30_송파구,9,장안 마실 골목형상점가,동대문구,market,0.5827,0.0,0.0,0.0,0.0,0.0,0.5827
2026-04-17_07:30_송파구,10,천호로데오거리상점가,강동구,market,0.5458,0.0,0.0,0.0,0.0,0.0,0.5458
2026-04-17_15:30_강동구,1,서울역,중구,subway,0.9642,0.0,0.0,0.0,0.0,0.0,0.9642
2026-04-17_15:30_강동구,2,잠실(송파구청),송파구,subway,0.9611,0.0,0.0,0.0,0.0,0.0,0.9611
2026-04-17_15:30_강동구,3,강남,강남구,subway,0.9318,0.0,0.0,0.0,0.0,0.0,0.9318
2026-04-17_15:30_강동구,4,홍대입구,마포구,subway,0.8656,0.0,0.0,0.0,0.0,0.0,0.8656
2026-04-17_15:30_강동구,5,고속터미널,서초구,subway,0.8161,0.0,0.0,0.0,0.0,0.0,0.8161
2026-04-17_15:30_강동구,6,삼성(무역센터),강남구,subway,0.7312,0.0,0.0,0.0,0.0,0.0,0.7312
2026-04-17_15:30_강동구,7,성수,성동구,subway,0.7287,0.0,0.0,0.0,0.0,0.0,0.7287
2026-04-17_15:30_강동구,8,선릉,강남구,subway,0.7238,0.0,0.0,0.0,0.0,0.0,0.7238
2026-04-17_15:30_강동구,9,용산,용산구,subway,0.7194,0.0,0.0,0.0,0.0,0.0,0.7194
2026-04-17_15:30_강동구,10,구로디지털단지,구로구,subway,0.6961,0.0,0.0,0.0,0.0,0.0,0.6961
2026-04-17_16:00_강동구,1,서울역,중구,subway,0.9642,0.0,0.0,0.0,0.0,0.0,0.9642
2026-04-17_16:00_강동구,2,잠실(송파구청),송파구,subway,0.9611,0.0,0.0,0.0,0.0,0.0,0.9611
2026-04-17_16:00_강동구,3,강남,강남구,subway,0.9318,0.0,0.0,0.0,0.0,0.0,0.9318
2026-04-17_16:00_강동구,4,홍대입구,마포구,subway,0.8656,0.0,0.0,0.0,0.0,0.0,0.8656
2026-04-17_16:00_강동구,5,고속터미널,서초구,subway,0.8161,0.0,0.0,0.0,0.0,0.0,0.8161
2026-04-17_16:00_강동구,6,삼성(무역센터),강남구,subway,0.7312,0.0,0.0,0.0,0.0,0.0,0.7312
2026-04-17_16:00_강동구,7,성수,성동구,subway,0.7287,0.0,0.0,0.0,0.0,0.0,0.7287
2026-04-17_16:00_강동구,8,선릉,강남구,subway,0.7238,0.0,0.0,0.0,0.0,0.0,0.7238
2026-04-17_16:00_강동구,9,용산,용산구,subway,0.7194,0.0,0.0,0.0,0.0,0.0,0.7194
2026-04-17_16:00_강동구,10,구로디지털단지,구로구,subway,0.6961,0.0,0.0,0.0,0.0,0.0,0.6961
2026-04-17_16:35_강동구,1,서울역,중구,subway,0.9642,0.0,0.0,0.0,0.0,0.0,0.9642
2026-04-17_16:35_강동구,2,잠실(송파구청),송파구,subway,0.9611,0.0,0.0,0.0,0.0,0.0,0.9611
2026-04-17_16:35_강동구,3,강남,강남구,subway,0.9318,0.0,0.0,0.0,0.0,0.0,0.9318
2026-04-17_16:35_강동구,4,홍대입구,마포구,subway,0.8656,0.0,0.0,0.0,0.0,0.0,0.8656
2026-04-17_16:35_강동구,5,고속터미널,서초구,subway,0.8161,0.0,0.0,0.0,0.0,0.0,0.8161
2026-04-17_16:35_강동구,6,삼성(무역센터),강남구,subway,0.7312,0.0,0.0,0.0,0.0,0.0,0.7312
2026-04-17_16:35_강동구,7,성수,성동구,subway,0.7287,0.0,0.0,0.0,0.0,0.0,0.7287
2026-04-17_16:35_강동구,8,선릉,강남구,subway,0.7238,0.0,0.0,0.0,0.0,0.0,0.7238
2026-04-17_16:35_강동구,9,용산,용산구,subway,0.7194,0.0,0.0,0.0,0.0,0.0,0.7194
2026-04-17_16:35_강동구,10,구로디지털단지,구로구,subway,0.6961,0.0,0.0,0.0,0.0,0.0,0.6961
2026-04-19_14:40_노원구,1,서울역,중구,subway,0.9642,0.0,0.0,0.0,0.0,0.0,0.9642
2026-04-19_14:40_노원구,2,잠실(송파구청),송파구,subway,0.9611,0.0,0.0,0.0,0.0,0.0,0.9611
2026-04-19_14:40_노원구,3,강남,강남구,subway,0.9318,0.0,0.0,0.0,0.0,0.0,0.9318
2026-04-19_14:40_노원구,4,홍대입구,마포구,subway,0.8656,0.0,0.0,0.0,0.0,0.0,0.8656
2026-04-19_14:40_노원구,5,고속터미널,서초구,subway,0.8161,0.0,0.0,0.0,0.0,0.0,0.8161
2026-04-19_14:40_노원구,6,삼성(무역센터),강남구,subway,0.7312,0.0,0.0,0.0,0.0,0.0,0.7312
2026-04-19_14:40_노원구,7,성수,성동구,subway,0.7287,0.0,0.0,0.0,0.0,0.0,0.7287
2026-04-19_14:40_노원구,8,선릉,강남구,subway,0.7238,0.0,0.0,0.0,0.0,0.0,0.7238
2026-04-19_14:40_노원구,9,용산,용산구,subway,0.7194,0.0,0.0,0.0,0.0,0.0,0.7194
2026-04-19_14:40_노원구,10,노원,노원구,subway,0.4421,0.18,0.0,0.0,0.0,0.0,0.6221
2026-04-22_18:00_은평구,1,서울역,중구,subway,0.9642,0.0,0.0,0.0,0.0,0.0,0.9642
2026-04-22_18:00_은평구,2,잠실(송파구청),송파구,subway,0.9611,0.0,0.0,0.0,0.0,0.0,0.9611
2026-04-22_18:00_은평구,3,강남,강남구,subway,0.9318,0.0,0.0,0.0,0.0,0.0,0.9318
2026-04-22_18:00_은평구,4,홍대입구,마포구,subway,0.8656,0.0,0.0,0.0,0.0,0.0,0.8656
2026-04-22_18:00_은평구,5,고속터미널,서초구,subway,0.8161,0.0,0.0,0.0,0.0,0.0,0.8161
2026-04-22_18:00_은평구,6,연신내,은평구,subway,0.5711,0.18,0.0,0.0,0.0,0.0,0.7511
2026-04-22_18:00_은평구,7,삼성(무역센터),강남구,subway,0.7312,0.0,0.0,0.0,0.0,0.0,0.7312
2026-04-22_18:00_은평구,8,성수,성동구,subway,0.7287,0.0,0.0,0.0,0.0,0.0,0.7287
2026-04-22_18:00_은평구,9,선릉,강남구,subway,0.7238,0.0,0.0,0.0,0.0,0.0,0.7238
2026-04-22_18:00_은평구,10,용산,용산구,subway,0.7194,0.0,0.0,0.0,0.0,0.0,0.7194
2026-04-24_14:45_성동구,1,남대문시장,중구,market,0.7056,0.0,0.0,0.0,0.0,0.0,0.7056
2026-04-24_14:45_성동구,2,마장축산물시장,성동구,market,0.5116,0.18,0.0,0.0,0.0,0.0,0.6916
2026-04-24_14:45_성동구,3,성동용답상가시장,성동구,market,0.4816,0.18,0.0,0.0,0.0,0.0,0.6616
2026-04-24_14:45_성동구,4,송정벚꽃골목형상점가,성동구,market,0.4775,0.18,0.0,0.0,0.0,0.0,0.6575
2026-04-24_14:45_성동구,5,사근살곶이골목형상점가시장,성동구,market,0.474,0.18,0.0,0.0,0.0,0.0,0.654
2026-04-24_14:45_성동구,6,금남시장,성동구,market,0.4707,0.18,0.0,0.0,0.0,0.0,0.6507
2026-04-24_14:45_성동구,7,뚝도시장,성동구,market,0.4683,0.18,0.0,0.0,0.0,0.0,0.6483
2026-04-24_14:45_성동구,8,동대문종합시장,종로구,market,0.6301,0.0,0.0,0.0,0.0,0.0,0.6301
2026-04-24_14:45_성동구,9,장안 마실 골목형상점가,동대문구,market,0.6299,0.0,0.0,0.0,0.0,0.0,0.6299
2026-04-24_14:45_성동구,10,천호로데오거리상점가,강동구,market,0.5914,0.0,0.0,0.0,0.0,0.0,0.5914
2026-04-24_16:50_성동구,1,남대문시장,중구,market,0.7056,0.0,0.0,0.0,0.0,0.0,0.7056
2026-04-24_16:50_성동구,2,마장축산물시장,성동구,market,0.5116,0.18,0.0,0.0,0.0,0.0,0.6916
2026-04-24_16:50_성동구,3,성동용답상가시장,성동구,market,0.4816,0.18,0.0,0.0,0.0,0.0,0.6616
2026-04-24_16:50_성동구,4,송정벚꽃골목형상점가,성동구,market,0.4775,0.18,0.0,0.0,0.0,0.0,0.6575
2026-04-24_16:50_성동구,5,사근살곶이골목형상점가시장,성동구,market,0.474,0.18,0.0,0.0,0.0,0.0,0.654
2026-04-24_16:50_성동구,6,금남시장,성동구,market,0.4707,0.18,0.0,0.0,0.0,0.0,0.6507
2026-04-24_16:50_성동구,7,뚝도시장,성동구,market,0.4683,0.18,0.0,0.0,0.0,0.0,0.6483
2026-04-24_16:50_성동구,8,동대문종합시장,종로구,market,0.6301,0.0,0.0,0.0,0.0,0.0,0.6301
2026-04-24_16:50_성동구,9,장안 마실 골목형상점가,동대문구,market,0.6299,0.0,0.0,0.0,0.0,0.0,0.6299
2026-04-24_16:50_성동구,10,천호로데오거리상점가,강동구,market,0.5914,0.0,0.0,0.0,0.0,0.0,0.5914
2026-04-25_09:00_서초구,1,신림,관악구,subway,0.9468,0.0,0.0,0.0,0.0,0.0,0.9468
2026-04-25_09:00_서초구,2,잠실(송파구청),송파구,subway,0.8013,0.0,0.0,0.0,0.0,0.0,0.8013
2026-04-25_09:00_서초구,3,서울역,중구,subway,0.7902,0.0,0.0,0.0,0.0,0.0,0.7902
2026-04-25_09:00_서초구,4,구로디지털단지,구로구,subway,0.776,0.0,0.0,0.0,0.0,0.0,0.776
2026-04-25_09:00_서초구,5,서울대입구(관악구청),관악구,subway,0.7382,0.0,0.0,0.0,0.0,0.0,0.7382
2026-04-25_09:00_서초구,6,신도림,구로구,subway,0.7139,0.0,0.0,0.0,0.0,0.0,0.7139
2026-04-25_09:00_서초구,7,고속터미널,서초구,subway,0.4976,0.18,0.0,0.0,0.0,0.0,0.6776
2026-04-25_09:00_서초구,8,연신내,은평구,subway,0.667,0.0,0.0,0.0,0.0,0.0,0.667
2026-04-25_09:00_서초구,9,까치산,강서구,subway,0.6301,0.0,0.0,0.0,0.0,0.0,0.6301
2026-04-25_09:00_서초구,10,양재(서초구청),서초구,subway,0.4286,0.18,0.0,0.0,0.0,0.0,0.6086
2026-04-25_11:40_중구,1,남대문시장,중구,market,0.6592,0.18,0.0,0.0,0.0,0.0,0.8392
2026-04-25_11:40_중구,2,평화시장,중구,market,0.5064,0.18,0.0,0.0,0.0,0.0,0.6864
2026-04-25_11:40_중구,3,삼익패션타운,중구,market,0.4758,0.18,0.0,0.0,0.0,0.0,0.6558
2026-04-25_11:40_중구,4,동평화시장,중구,market,0.4662,0.18,0.0,0.0,0.0,0.0,0.6462
2026-04-25_11:40_중구,5,청평화시장,중구,market,0.4559,0.18,0.0,0.0,0.0,0.0,0.6359
2026-04-25_11:40_중구,6,방산시장,중구,market,0.4531,0.18,0.0,0.0,0.0,0.0,0.6331
2026-04-25_11:40_중구,7,신평화패션타운,중구,market,0.4529,0.18,0.0,0.0,0.0,0.0,0.6329
2026-04-25_11:40_중구,8,광희패션몰,중구,market,0.4509,0.18,0.0,0.0,0.0,0.0,0.6309
2026-04-25_11:40_중구,9,통일상가,중구,market,0.4472,0.18,0.0,0.0,0.0,0.0,0.6272
2026-04-25_11:40_중구,10,중부시장,중구,market,0.4423,0.18,0.0,0.0,0.0,0.0,0.6223
2026-04-26_11:55_영등포구,1,구립영등포노인종합복지관,영등포구,senior_friendly,0.9248,0.18,0.0,0.0,0.0,0.0,1.1048
2026-04-26_11:55_영등포구,2,성수1가2동노인복지관 대현분소,성동구,senior_friendly,0.9585,0.0,0.0,0.0,0.0,0.0,0.9585
2026-04-26_11:55_영등포구,3,강남구립 도곡1노인복지관,강남구,senior_friendly,0.9536,0.0,0.0,0.0,0.0,0.0,0.9536
2026-04-26_11:55_영등포구,4,강동구립 해공노인복지관,강동구,senior_friendly,0.952,0.0,0.0,0.0,0.0,0.0,0.952
2026-04-26_11:55_영등포구,5,구립 자양노인복지관,광진구,senior_friendly,0.9487,0.0,0.0,0.0,0.0,0.0,0.9487
2026-04-26_11:55_영등포구,6,구립갈현노인복지관,은평구,senior_friendly,0.947,0.0,0.0,0.0,0.0,0.0,0.947
2026-04-26_11:55_영등포구,7,용강 노인복지관,마포구,senior_friendly,0.9454,0.0,0.0,0.0,0.0,0.0,0.9454
2026-04-26_11:55_영등포구,8,북가좌노인복지관,서대문구,senior_friendly,0.9454,0.0,0.0,0.0,0.0,0.0,0.9454
2026-04-26_11:55_영등포구,9,청파노인복지관,용산구,senior_friendly,0.9438,0.0,0.0,0.0,0.0,0.0,0.9438
2026-04-26_11:55_영등포구,10,약수노인복지관,중구,senior_friendly,0.9438,0.0,0.0,0.0,0.0,0.0,0.9438
2026-04-27_10:20_서초구,1,신림,관악구,subway,0.9468,0.0,0.0,0.0,0.0,0.0,0.9468
2026-04-27_10:20_서초구,2,잠실(송파구청),송파구,subway,0.8013,0.0,0.0,0.0,0.0,0.0,0.8013
2026-04-27_10:20_서초구,3,서울역,중구,subway,0.7902,0.0,0.0,0.0,0.0,0.0,0.7902
2026-04-27_10:20_서초구,4,구로디지털단지,구로구,subway,0.776,0.0,0.0,0.0,0.0,0.0,0.776
2026-04-27_10:20_서초구,5,서울대입구(관악구청),관악구,subway,0.7382,0.0,0.0,0.0,0.0,0.0,0.7382
2026-04-27_10:20_서초구,6,신도림,구로구,subway,0.7139,0.0,0.0,0.0,0.0,0.0,0.7139
2026-04-27_10:20_서초구,7,고속터미널,서초구,subway,0.4976,0.18,0.0,0.0,0.0,0.0,0.6776
2026-04-27_10:20_서초구,8,연신내,은평구,subway,0.667,0.0,0.0,0.0,0.0,0.0,0.667
2026-04-27_10:20_서초구,9,까치산,강서구,subway,0.6301,0.0,0.0,0.0,0.0,0.0,0.6301
2026-04-27_10:20_서초구,10,양재(서초구청),서초구,subway,0.4286,0.18,0.0,0.0,0.0,0.0,0.6086
2026-04-27_11:00_서초구,1,남대문시장,중구,market,0.6592,0.0,0.0,0.0,0.0,0.0,0.6592
2026-04-27_11:00_서초구,2,동대문종합시장,종로구,market,0.5837,0.0,0.0,0.0,0.0,0.0,0.5837
2026-04-27_11:00_서초구,3,장안 마실 골목형상점가,동대문구,market,0.5827,0.0,0.0,0.0,0.0,0.0,0.5827
2026-04-27_11:00_서초구,4,천호로데오거리상점가,강동구,market,0.5458,0.0,0.0,0.0,0.0,0.0,0.5458
2026-04-27_11:00_서초구,5,광장전통시장,종로구,market,0.5242,0.0,0.0,0.0,0.0,0.0,0.5242
2026-04-27_11:00_서초구,6,가락몰 골목형상점가,송파구,market,0.514,0.0,0.0,0.0,0.0,0.0,0.514
2026-04-27_11:00_서초구,7,평화시장,중구,market,0.5064,0.0,0.0,0.0,0.0,0.0,0.5064
2026-04-27_11:00_서초구,8,서울약령시장,동대문구,market,0.5054,0.0,0.0,0.0,0.0,0.0,0.5054
2026-04-27_11:00_서초구,9,영등포유통상가,영등포구,market,0.4917,0.0,0.0,0.0,0.0,0.0,0.4917
2026-04-27_11:00_서초구,10,광장시장,종로구,market,0.479,0.0,0.0,0.0,0.0,0.0,0.479
2026-04-29_10:50_성북구,1,신림,관악구,subway,0.9468,0.0,0.0,0.0,0.0,0.0,0.9468
2026-04-29_10:50_성북구,2,잠실(송파구청),송파구,subway,0.8013,0.0,0.0,0.0,0.0,0.0,0.8013
2026-04-29_10:50_성북구,3,서울역,중구,subway,0.7902,0.0,0.0,0.0,0.0,0.0,0.7902
2026-04-29_10:50_성북구,4,구로디지털단지,구로구,subway,0.776,0.0,0.0,0.0,0.0,0.0,0.776
2026-04-29_10:50_성북구,5,서울대입구(관악구청),관악구,subway,0.7382,0.0,0.0,0.0,0.0,0.0,0.7382
2026-04-29_10:50_성북구,6,신도림,구로구,subway,0.7139,0.0,0.0,0.0,0.0,0.0,0.7139
2026-04-29_10:50_성북구,7,연신내,은평구,subway,0.667,0.0,0.0,0.0,0.0,0.0,0.667
2026-04-29_10:50_성북구,8,까치산,강서구,subway,0.6301,0.0,0.0,0.0,0.0,0.0,0.6301
2026-04-29_10:50_성북구,9,화곡,강서구,subway,0.6251,0.0,0.0,0.0,0.0,0.0,0.6251
2026-04-29_10:50_성북구,10,쌍문,도봉구,subway,0.623,0.0,0.0,0.0,0.0,0.0,0.623
2026-04-29_12:00_성북구,1,서울역,중구,subway,0.9642,0.0,0.0,0.0,0.0,0.0,0.9642
2026-04-29_12:00_성북구,2,잠실(송파구청),송파구,subway,0.9611,0.0,0.0,0.0,0.0,0.0,0.9611
2026-04-29_12:00_성북구,3,강남,강남구,subway,0.9318,0.0,0.0,0.0,0.0,0.0,0.9318
2026-04-29_12:00_성북구,4,홍대입구,마포구,subway,0.8656,0.0,0.0,0.0,0.0,0.0,0.8656
2026-04-29_12:00_성북구,5,고속터미널,서초구,subway,0.8161,0.0,0.0,0.0,0.0,0.0,0.8161
2026-04-29_12:00_성북구,6,삼성(무역센터),강남구,subway,0.7312,0.0,0.0,0.0,0.0,0.0,0.7312
2026-04-29_12:00_성북구,7,성수,성동구,subway,0.7287,0.0,0.0,0.0,0.0,0.0,0.7287
2026-04-29_12:00_성북구,8,선릉,강남구,subway,0.7238,0.0,0.0,0.0,0.0,0.0,0.7238
2026-04-29_12:00_성북구,9,용산,용산구,subway,0.7194,0.0,0.0,0.0,0.0,0.0,0.7194
2026-04-29_12:00_성북구,10,구로디지털단지,구로구,subway,0.6961,0.0,0.0,0.0,0.0,0.0,0.6961
2026-04-30_05:00_양천구,1,신림,관악구,subway,0.9468,0.0,0.0,0.0,0.0,0.0,0.9468
2026-04-30_05:00_양천구,2,잠실(송파구청),송파구,subway,0.8013,0.0,0.0,0.0,0.0,0.0,0.8013
2026-04-30_05:00_양천구,3,서울역,중구,subway,0.7902,0.0,0.0,0.0,0.0,0.0,0.7902
2026-04-30_05:00_양천구,4,구로디지털단지,구로구,subway,0.776,0.0,0.0,0.0,0.0,0.0,0.776
2026-04-30_05:00_양천구,5,서울대입구(관악구청),관악구,subway,0.7382,0.0,0.0,0.0,0.0,0.0,0.7382
2026-04-30_05:00_양천구,6,신도림,구로구,subway,0.7139,0.0,0.0,0.0,0.0,0.0,0.7139
2026-04-30_05:00_양천구,7,연신내,은평구,subway,0.667,0.0,0.0,0.0,0.0,0.0,0.667
2026-04-30_05:00_양천구,8,까치산,강서구,subway,0.6301,0.0,0.0,0.0,0.0,0.0,0.6301
2026-04-30_05:00_양천구,9,화곡,강서구,subway,0.6251,0.0,0.0,0.0,0.0,0.0,0.6251
2026-04-30_05:00_양천구,10,쌍문,도봉구,subway,0.623,0.0,0.0,0.0,0.0,0.0,0.623
2026-04-30_05:40_양천구,1,양천어르신종합복지관,양천구,senior_friendly,0.746,0.18,0.0,0.0,0.0,0.0,0.926
2026-04-30_05:40_양천구,2,계남근린공원,양천구,park,0.6437,0.18,0.0,0.0,0.0,0.0,0.8237
2026-04-30_05:40_양천구,3,서서울호수공원,양천구,park,0.6335,0.18,0.0,0.0,0.0,0.0,0.8135
2026-04-30_05:40_양천구,4,갈산근린공원,양천구,park,0.6227,0.18,0.0,0.0,0.0,0.0,0.8027
2026-04-30_05:40_양천구,5,용왕산근린공원,양천구,park,0.612,0.18,0.0,0.0,0.0,0.0,0.792
2026-04-30_05:40_양천구,6,파리근린공원,양천구,park,0.6047,0.18,0.0,0.0,0.0,0.0,0.7847
2026-04-30_05:40_양천구,7,신영시장,양천구,market,0.4237,0.18,0.0,0.0,0.0,0.0,0.6037
2026-04-30_05:40_양천구,8,목동깨비시장,양천구,market,0.423,0.18,0.0,0.0,0.0,0.0,0.603
2026-04-30_05:40_양천구,9,목2동시장,양천구,market,0.4223,0.18,0.0,0.0,0.0,0.0,0.6023
2026-04-30_05:40_양천구,10,목사랑시장,양천구,market,0.4216,0.18,0.0,0.0,0.0,0.0,0.6016
2026-04-30_15:00_금천구,1,남대문시장,중구,market,0.7056,0.0,0.0,0.0,0.0,0.0,0.7056
2026-04-30_15:00_금천구,2,대명여울빛거리시장,금천구,market,0.4824,0.18,0.0,0.0,0.0,0.0,0.6624
2026-04-30_15:00_금천구,3,비단길현대시장,금천구,market,0.4807,0.18,0.0,0.0,0.0,0.0,0.6607
2026-04-30_15:00_금천구,4,법원단지길 상점가,금천구,market,0.4739,0.18,0.0,0.0,0.0,0.0,0.6539
2026-04-30_15:00_금천구,5,별빛남문시장,금천구,market,0.4734,0.18,0.0,0.0,0.0,0.0,0.6534
2026-04-30_15:00_금천구,6,정훈한마음골목시장,금천구,market,0.4713,0.18,0.0,0.0,0.0,0.0,0.6513
2026-04-30_15:00_금천구,7,동대문종합시장,종로구,market,0.6301,0.0,0.0,0.0,0.0,0.0,0.6301
2026-04-30_15:00_금천구,8,장안 마실 골목형상점가,동대문구,market,0.6299,0.0,0.0,0.0,0.0,0.0,0.6299
2026-04-30_15:00_금천구,9,천호로데오거리상점가,강동구,market,0.5914,0.0,0.0,0.0,0.0,0.0,0.5914
2026-04-30_15:00_금천구,10,광장전통시장,종로구,market,0.5714,0.0,0.0,0.0,0.0,0.0,0.5714
2026-05-01_14:00_마포구,1,홍대입구,마포구,subway,0.8656,0.18,0.0,0.0,0.0,0.0,1.0456
2026-05-01_14:00_마포구,2,용강 노인복지관,마포구,senior_friendly,0.7839,0.18,0.0,0.0,0.0,0.0,0.9639
2026-05-01_14:00_마포구,3,월드컵공원,마포구,park,0.7425,0.18,0.0,0.0,0.0,0.0,0.9225
2026-05-01_14:00_마포구,4,문화비축기지,마포구,park,0.634,0.18,0.0,0.0,0.0,0.0,0.814
2026-05-01_14:00_마포구,5,와우근린공원,마포구,park,0.6305,0.18,0.0,0.0,0.0,0.0,0.8105
2026-05-01_14:00_마포구,6,상암근린공원,마포구,park,0.6243,0.18,0.0,0.0,0.0,0.0,0.8043
2026-05-01_14:00_마포구,7,외국인묘지공원,마포구,park,0.5815,0.18,0.0,0.0,0.0,0.0,0.7615
2026-05-01_14:00_마포구,8,합정,마포구,subway,0.4906,0.18,0.0,0.0,0.0,0.0,0.6706
2026-05-01_14:00_마포구,9,아현시장,마포구,market,0.4776,0.18,0.0,0.0,0.0,0.0,0.6576
2026-05-01_14:00_마포구,10,연남동골목형상점가,마포구,market,0.4764,0.18,0.0,0.0,0.0,0.0,0.6564
2026-05-02_07:00_마포구,1,월드컵공원,마포구,park,0.7248,0.18,0.0,0.0,0.0,0.0,0.9048
2026-05-02_07:00_마포구,2,문화비축기지,마포구,park,0.6163,0.18,0.0,0.0,0.0,0.0,0.7963
2026-05-02_07:00_마포구,3,와우근린공원,마포구,park,0.6129,0.18,0.0,0.0,0.0,0.0,0.7929
2026-05-02_07:00_마포구,4,상암근린공원,마포구,park,0.6077,0.18,0.0,0.0,0.0,0.0,0.7877
2026-05-02_07:00_마포구,5,외국인묘지공원,마포구,park,0.565,0.18,0.0,0.0,0.0,0.0,0.745
2026-05-02_07:00_마포구,6,봉은공원,강남구,park,0.7275,0.0,0.0,0.0,0.0,0.0,0.7275
2026-05-02_07:00_마포구,7,중랑캠핑숲,중랑구,park,0.7213,0.0,0.0,0.0,0.0,0.0,0.7213
2026-05-02_07:00_마포구,8,백련근린공원,서대문구,park,0.7077,0.0,0.0,0.0,0.0,0.0,0.7077
2026-05-02_07:00_마포구,9,남산공원,중구,park,0.6998,0.0,0.0,0.0,0.0,0.0,0.6998
2026-05-02_07:00_마포구,10,안산도시자연공원,서대문구,park,0.6971,0.0,0.0,0.0,0.0,0.0,0.6971
2026-05-02_10:00_동대문구,1,서울시립동대문노인종합복지관,동대문구,senior_friendly,0.928,0.18,0.0,0.0,0.0,0.0,1.108
2026-05-02_10:00_동대문구,2,성수1가2동노인복지관 대현분소,성동구,senior_friendly,0.9585,0.0,0.0,0.0,0.0,0.0,0.9585
2026-05-02_10:00_동대문구,3,강남구립 도곡1노인복지관,강남구,senior_friendly,0.9536,0.0,0.0,0.0,0.0,0.0,0.9536
2026-05-02_10:00_동대문구,4,강동구립 해공노인복지관,강동구,senior_friendly,0.952,0.0,0.0,0.0,0.0,0.0,0.952
2026-05-02_10:00_동대문구,5,구립 자양노인복지관,광진구,senior_friendly,0.9487,0.0,0.0,0.0,0.0,0.0,0.9487
2026-05-02_10:00_동대문구,6,구립갈현노인복지관,은평구,senior_friendly,0.947,0.0,0.0,0.0,0.0,0.0,0.947
2026-05-02_10:00_동대문구,7,용강 노인복지관,마포구,senior_friendly,0.9454,0.0,0.0,0.0,0.0,0.0,0.9454
2026-05-02_10:00_동대문구,8,북가좌노인복지관,서대문구,senior_friendly,0.9454,0.0,0.0,0.0,0.0,0.0,0.9454
2026-05-02_10:00_동대문구,9,청파노인복지관,용산구,senior_friendly,0.9438,0.0,0.0,0.0,0.0,0.0,0.9438
2026-05-02_10:00_동대문구,10,약수노인복지관,중구,senior_friendly,0.9438,0.0,0.0,0.0,0.0,0.0,0.9438
2026-05-03_08:30_용산구,1,신림,관악구,subway,0.9468,0.0,0.0,0.0,0.0,0.0,0.9468
2026-05-03_08:30_용산구,2,잠실(송파구청),송파구,subway,0.8013,0.0,0.0,0.0,0.0,0.0,0.8013
2026-05-03_08:30_용산구,3,서울역,중구,subway,0.7902,0.0,0.0,0.0,0.0,0.0,0.7902
2026-05-03_08:30_용산구,4,구로디지털단지,구로구,subway,0.776,0.0,0.0,0.0,0.0,0.0,0.776
2026-05-03_08:30_용산구,5,서울대입구(관악구청),관악구,subway,0.7382,0.0,0.0,0.0,0.0,0.0,0.7382
2026-05-03_08:30_용산구,6,신도림,구로구,subway,0.7139,0.0,0.0,0.0,0.0,0.0,0.7139
2026-05-03_08:30_용산구,7,연신내,은평구,subway,0.667,0.0,0.0,0.0,0.0,0.0,0.667
2026-05-03_08:30_용산구,8,용산,용산구,subway,0.4554,0.18,0.0,0.0,0.0,0.0,0.6354
2026-05-03_08:30_용산구,9,까치산,강서구,subway,0.6301,0.0,0.0,0.0,0.0,0.0,0.6301
2026-05-03_08:30_용산구,10,화곡,강서구,subway,0.6251,0.0,0.0,0.0,0.0,0.0,0.6251
2026-05-04_14:30_영등포구,1,구립영등포노인종합복지관,영등포구,senior_friendly,0.7632,0.18,0.0,0.0,0.0,0.0,0.9432
2026-05-04_14:30_영등포구,2,여의도근린공원,영등포구,park,0.7046,0.18,0.0,0.0,0.0,0.0,0.8846
2026-05-04_14:30_영등포구,3,영등포,영등포구,subway,0.6567,0.18,0.0,0.0,0.0,0.0,0.8367
2026-05-04_14:30_영등포구,4,선유도근린공원,영등포구,park,0.6121,0.18,0.0,0.0,0.0,0.0,0.7921
2026-05-04_14:30_영등포구,5,영등포근린공원,영등포구,park,0.6119,0.18,0.0,0.0,0.0,0.0,0.7919
2026-05-04_14:30_영등포구,6,중마루근린공원,영등포구,park,0.6067,0.18,0.0,0.0,0.0,0.0,0.7867
2026-05-04_14:30_영등포구,7,자매근린공원,영등포구,park,0.5863,0.18,0.0,0.0,0.0,0.0,0.7663
2026-05-04_14:30_영등포구,8,영등포유통상가,영등포구,market,0.5381,0.18,0.0,0.0,0.0,0.0,0.7181
2026-05-04_14:30_영등포구,9,여의도,영등포구,subway,0.5131,0.18,0.0,0.0,0.0,0.0,0.6931
2026-05-04_14:30_영등포구,10,영등포시장기계공구상가,영등포구,market,0.4939,0.18,0.0,0.0,0.0,0.0,0.6739
2026-05-05_11:00_광진구,1,어린이대공원,광진구,park,0.6201,0.18,0.0,0.0,0.0,0.0,0.8001
2026-05-05_11:00_광진구,2,아차산공원,광진구,park,0.5971,0.18,0.0,0.0,0.0,0.0,0.7771
2026-05-05_11:00_광진구,3,봉은공원,강남구,park,0.7275,0.0,0.0,0.0,0.0,0.0,0.7275
2026-05-05_11:00_광진구,4,월드컵공원,마포구,park,0.7248,0.0,0.0,0.0,0.0,0.0,0.7248
2026-05-05_11:00_광진구,5,중랑캠핑숲,중랑구,park,0.7213,0.0,0.0,0.0,0.0,0.0,0.7213
2026-05-05_11:00_광진구,6,백련근린공원,서대문구,park,0.7077,0.0,0.0,0.0,0.0,0.0,0.7077
2026-05-05_11:00_광진구,7,남산공원,중구,park,0.6998,0.0,0.0,0.0,0.0,0.0,0.6998
2026-05-05_11:00_광진구,8,안산도시자연공원,서대문구,park,0.6971,0.0,0.0,0.0,0.0,0.0,0.6971
2026-05-05_11:00_광진구,9,여의도근린공원,영등포구,park,0.6858,0.0,0.0,0.0,0.0,0.0,0.6858
2026-05-05_11:00_광진구,10,초안산근린공원,도봉구,park,0.6845,0.0,0.0,0.0,0.0,0.0,0.6845
2026-05-05_13:00_송파구,1,장지근린공원,송파구,park,0.6518,0.18,0.0,0.0,0.0,0.0,0.8318
2026-05-05_13:00_송파구,2,아시아근린공원,송파구,park,0.6515,0.18,0.0,0.0,0.0,0.0,0.8315
2026-05-05_13:00_송파구,3,오금근린공원,송파구,park,0.6432,0.18,0.0,0.0,0.0,0.0,0.8232
2026-05-05_13:00_송파구,4,문정근린공원,송파구,park,0.6261,0.18,0.0,0.0,0.0,0.0,0.8061
2026-05-05_13:00_송파구,5,송파나루근린공원(석촌호수),송파구,park,0.6193,0.18,0.0,0.0,0.0,0.0,0.7993
2026-05-05_13:00_송파구,6,천마근린공원,송파구,park,0.6141,0.18,0.0,0.0,0.0,0.0,0.7941
2026-05-05_13:00_송파구,7,봉은공원,강남구,park,0.7451,0.0,0.0,0.0,0.0,0.0,0.7451
2026-05-05_13:00_송파구,8,월드컵공원,마포구,park,0.7425,0.0,0.0,0.0,0.0,0.0,0.7425
2026-05-05_13:00_송파구,9,중랑캠핑숲,중랑구,park,0.7412,0.0,0.0,0.0,0.0,0.0,0.7412
2026-05-05_13:00_송파구,10,올림픽공원,송파구,park,0.4994,0.18,0.0,0.0,0.0,0.0,0.6794
2026-05-06_10:40_중구,1,약수노인복지관,중구,senior_friendly,0.9438,0.18,0.0,0.0,0.0,0.0,1.1238
2026-05-06_10:40_중구,2,성수1가2동노인복지관 대현분소,성동구,senior_friendly,0.9585,0.0,0.0,0.0,0.0,0.0,0.9585
2026-05-06_10:40_중구,3,강남구립 도곡1노인복지관,강남구,senior_friendly,0.9536,0.0,0.0,0.0,0.0,0.0,0.9536
2026-05-06_10:40_중구,4,강동구립 해공노인복지관,강동구,senior_friendly,0.952,0.0,0.0,0.0,0.0,0.0,0.952
2026-05-06_10:40_중구,5,구립 자양노인복지관,광진구,senior_friendly,0.9487,0.0,0.0,0.0,0.0,0.0,0.9487
2026-05-06_10:40_중구,6,구립갈현노인복지관,은평구,senior_friendly,0.947,0.0,0.0,0.0,0.0,0.0,0.947
2026-05-06_10:40_중구,7,용강 노인복지관,마포구,senior_friendly,0.9454,0.0,0.0,0.0,0.0,0.0,0.9454
2026-05-06_10:40_중구,8,북가좌노인복지관,서대문구,senior_friendly,0.9454,0.0,0.0,0.0,0.0,0.0,0.9454
2026-05-06_10:40_중구,9,청파노인복지관,용산구,senior_friendly,0.9438,0.0,0.0,0.0,0.0,0.0,0.9438
2026-05-06_10:40_중구,10,공릉노인복지관,노원구,senior_friendly,0.9438,0.0,0.0,0.0,0.0,0.0,0.9438
2026-05-07_16:00_송파구,1,잠실(송파구청),송파구,subway,0.9611,0.18,0.0,0.0,0.0,0.0,1.1411
2026-05-07_16:00_송파구,2,서울역,중구,subway,0.9642,0.0,0.0,0.0,0.0,0.0,0.9642
2026-05-07_16:00_송파구,3,강남,강남구,subway,0.9318,0.0,0.0,0.0,0.0,0.0,0.9318
2026-05-07_16:00_송파구,4,홍대입구,마포구,subway,0.8656,0.0,0.0,0.0,0.0,0.0,0.8656
2026-05-07_16:00_송파구,5,고속터미널,서초구,subway,0.8161,0.0,0.0,0.0,0.0,0.0,0.8161
2026-05-07_16:00_송파구,6,삼성(무역센터),강남구,subway,0.7312,0.0,0.0,0.0,0.0,0.0,0.7312
2026-05-07_16:00_송파구,7,성수,성동구,subway,0.7287,0.0,0.0,0.0,0.0,0.0,0.7287
2026-05-07_16:00_송파구,8,선릉,강남구,subway,0.7238,0.0,0.0,0.0,0.0,0.0,0.7238
2026-05-07_16:00_송파구,9,용산,용산구,subway,0.7194,0.0,0.0,0.0,0.0,0.0,0.7194
2026-05-07_16:00_송파구,10,구로디지털단지,구로구,subway,0.6961,0.0,0.0,0.0,0.0,0.0,0.6961
2026-05-07_17:00_송파구,1,가락몰 골목형상점가,송파구,market,0.5612,0.18,0.0,0.0,0.0,0.0,0.7412
2026-05-07_17:00_송파구,2,남대문시장,중구,market,0.7056,0.0,0.0,0.0,0.0,0.0,0.7056
2026-05-07_17:00_송파구,3,방이시장,송파구,market,0.4822,0.18,0.0,0.0,0.0,0.0,0.6622
2026-05-07_17:00_송파구,4,풍납시장,송파구,market,0.4787,0.18,0.0,0.0,0.0,0.0,0.6587
2026-05-07_17:00_송파구,5,새마을시장,송파구,market,0.4763,0.18,0.0,0.0,0.0,0.0,0.6563
2026-05-07_17:00_송파구,6,마천중앙시장,송파구,market,0.4757,0.18,0.0,0.0,0.0,0.0,0.6557
2026-05-07_17:00_송파구,7,석촌시장,송파구,market,0.4732,0.18,0.0,0.0,0.0,0.0,0.6532
2026-05-07_17:00_송파구,8,동대문종합시장,종로구,market,0.6301,0.0,0.0,0.0,0.0,0.0,0.6301
2026-05-07_17:00_송파구,9,장안 마실 골목형상점가,동대문구,market,0.6299,0.0,0.0,0.0,0.0,0.0,0.6299
2026-05-07_17:00_송파구,10,천호로데오거리상점가,강동구,market,0.5914,0.0,0.0,0.0,0.0,0.0,0.5914
2026-05-08_15:00_강남구,1,강남,강남구,subway,0.9318,0.18,0.0,0.0,0.0,0.0,1.1118
2026-05-08_15:00_강남구,2,서울역,중구,subway,0.9642,0.0,0.0,0.0,0.0,0.0,0.9642
2026-05-08_15:00_강남구,3,잠실(송파구청),송파구,subway,0.9611,0.0,0.0,0.0,0.0,0.0,0.9611
2026-05-08_15:00_강남구,4,삼성(무역센터),강남구,subway,0.7312,0.18,0.0,0.0,0.0,0.0,0.9112
2026-05-08_15:00_강남구,5,선릉,강남구,subway,0.7238,0.18,0.0,0.0,0.0,0.0,0.9038
2026-05-08_15:00_강남구,6,홍대입구,마포구,subway,0.8656,0.0,0.0,0.0,0.0,0.0,0.8656
2026-05-08_15:00_강남구,7,역삼,강남구,subway,0.6459,0.18,0.0,0.0,0.0,0.0,0.8259
2026-05-08_15:00_강남구,8,고속터미널,서초구,subway,0.8161,0.0,0.0,0.0,0.0,0.0,0.8161
2026-05-08_15:00_강남구,9,성수,성동구,subway,0.7287,0.0,0.0,0.0,0.0,0.0,0.7287
2026-05-08_15:00_강남구,10,강남구청,강남구,subway,0.364,0.18,0.0,0.0,0.0,0.0,0.544
2026-05-09_11:45_영등포구,1,신림,관악구,subway,0.9468,0.0,0.0,0.0,0.0,0.0,0.9468
2026-05-09_11:45_영등포구,2,잠실(송파구청),송파구,subway,0.8013,0.0,0.0,0.0,0.0,0.0,0.8013
2026-05-09_11:45_영등포구,3,서울역,중구,subway,0.7902,0.0,0.0,0.0,0.0,0.0,0.7902
2026-05-09_11:45_영등포구,4,구로디지털단지,구로구,subway,0.776,0.0,0.0,0.0,0.0,0.0,0.776
2026-05-09_11:45_영등포구,5,서울대입구(관악구청),관악구,subway,0.7382,0.0,0.0,0.0,0.0,0.0,0.7382
2026-05-09_11:45_영등포구,6,신도림,구로구,subway,0.7139,0.0,0.0,0.0,0.0,0.0,0.7139
2026-05-09_11:45_영등포구,7,연신내,은평구,subway,0.667,0.0,0.0,0.0,0.0,0.0,0.667
2026-05-09_11:45_영등포구,8,영등포,영등포구,subway,0.4735,0.18,0.0,0.0,0.0,0.0,0.6535
2026-05-09_11:45_영등포구,9,당산,영등포구,subway,0.4319,0.18,0.0,0.0,0.0,0.0,0.6119
2026-05-09_11:45_영등포구,10,영등포구청,영등포구,subway,0.4079,0.18,0.0,0.0,0.0,0.0,0.5879
2026-05-09_13:30_영등포구,1,여의도근린공원,영등포구,park,0.7046,0.18,0.0,0.0,0.0,0.0,0.8846
2026-05-09_13:30_영등포구,2,선유도근린공원,영등포구,park,0.6121,0.18,0.0,0.0,0.0,0.0,0.7921
2026-05-09_13:30_영등포구,3,영등포근린공원,영등포구,park,0.6119,0.18,0.0,0.0,0.0,0.0,0.7919
2026-05-09_13:30_영등포구,4,중마루근린공원,영등포구,park,0.6067,0.18,0.0,0.0,0.0,0.0,0.7867
2026-05-09_13:30_영등포구,5,자매근린공원,영등포구,park,0.5863,0.18,0.0,0.0,0.0,0.0,0.7663
2026-05-09_13:30_영등포구,6,봉은공원,강남구,park,0.7451,0.0,0.0,0.0,0.0,0.0,0.7451
2026-05-09_13:30_영등포구,7,월드컵공원,마포구,park,0.7425,0.0,0.0,0.0,0.0,0.0,0.7425
2026-05-09_13:30_영등포구,8,중랑캠핑숲,중랑구,park,0.7412,0.0,0.0,0.0,0.0,0.0,0.7412
2026-05-09_13:30_영등포구,9,백련근린공원,서대문구,park,0.7275,0.0,0.0,0.0,0.0,0.0,0.7275
2026-05-09_13:30_영등포구,10,남산공원,중구,park,0.7185,0.0,0.0,0.0,0.0,0.0,0.7185
2026-05-11_10:00_강서구,1,서울식물원,강서구,park,0.6609,0.18,0.0,0.0,0.0,0.0,0.8409
2026-05-11_10:00_강서구,2,방화근린공원,강서구,park,0.6584,0.18,0.0,0.0,0.0,0.0,0.8384
2026-05-11_10:00_강서구,3,우장산근린공원,강서구,park,0.6338,0.18,0.0,0.0,0.0,0.0,0.8138
2026-05-11_10:00_강서구,4,봉제산공원,강서구,park,0.6165,0.18,0.0,0.0,0.0,0.0,0.7965
2026-05-11_10:00_강서구,5,개화근린공원,강서구,park,0.6086,0.18,0.0,0.0,0.0,0.0,0.7886
2026-05-11_10:00_강서구,6,꿩고개근린공원,강서구,park,0.5968,0.18,0.0,0.0,0.0,0.0,0.7768
2026-05-11_10:00_강서구,7,궁산근린공원,강서구,park,0.5946,0.18,0.0,0.0,0.0,0.0,0.7746
2026-05-11_10:00_강서구,8,염창근린공원,강서구,park,0.5899,0.18,0.0,0.0,0.0,0.0,0.7699
2026-05-11_10:00_강서구,9,허준공원,강서구,park,0.5765,0.18,0.0,0.0,0.0,0.0,0.7565
2026-05-11_10:00_강서구,10,매화근린공원,강서구,park,0.5416,0.18,0.0,0.0,0.0,0.0,0.7216
2026-05-14_14:00_중구,1,남대문시장,중구,market,0.7056,0.18,0.0,0.0,0.0,0.0,0.8856
2026-05-14_14:00_중구,2,평화시장,중구,market,0.5528,0.18,0.0,0.0,0.0,0.0,0.7328
2026-05-14_14:00_중구,3,삼익패션타운,중구,market,0.5222,0.18,0.0,0.0,0.0,0.0,0.7022
2026-05-14_14:00_중구,4,동평화시장,중구,market,0.5126,0.18,0.0,0.0,0.0,0.0,0.6926
2026-05-14_14:00_중구,5,청평화시장,중구,market,0.5024,0.18,0.0,0.0,0.0,0.0,0.6824
2026-05-14_14:00_중구,6,신평화패션타운,중구,market,0.4993,0.18,0.0,0.0,0.0,0.0,0.6793
2026-05-14_14:00_중구,7,방산시장,중구,market,0.4988,0.18,0.0,0.0,0.0,0.0,0.6788
2026-05-14_14:00_중구,8,광희패션몰,중구,market,0.4973,0.18,0.0,0.0,0.0,0.0,0.6773
2026-05-14_14:00_중구,9,통일상가,중구,market,0.4936,0.18,0.0,0.0,0.0,0.0,0.6736
2026-05-14_14:00_중구,10,중부시장,중구,market,0.4895,0.18,0.0,0.0,0.0,0.0,0.6695
2026-05-15_14:40_중랑구,1,서울역,중구,subway,0.9642,0.0,0.0,0.0,0.0,0.0,0.9642
2026-05-15_14:40_중랑구,2,잠실(송파구청),송파구,subway,0.9611,0.0,0.0,0.0,0.0,0.0,0.9611
2026-05-15_14:40_중랑구,3,강남,강남구,subway,0.9318,0.0,0.0,0.0,0.0,0.0,0.9318
2026-05-15_14:40_중랑구,4,홍대입구,마포구,subway,0.8656,0.0,0.0,0.0,0.0,0.0,0.8656
2026-05-15_14:40_중랑구,5,고속터미널,서초구,subway,0.8161,0.0,0.0,0.0,0.0,0.0,0.8161
2026-05-15_14:40_중랑구,6,삼성(무역센터),강남구,subway,0.7312,0.0,0.0,0.0,0.0,0.0,0.7312
2026-05-15_14:40_중랑구,7,성수,성동구,subway,0.7287,0.0,0.0,0.0,0.0,0.0,0.7287
2026-05-15_14:40_중랑구,8,선릉,강남구,subway,0.7238,0.0,0.0,0.0,0.0,0.0,0.7238
2026-05-15_14:40_중랑구,9,용산,용산구,subway,0.7194,0.0,0.0,0.0,0.0,0.0,0.7194
2026-05-15_14:40_중랑구,10,구로디지털단지,구로구,subway,0.6961,0.0,0.0,0.0,0.0,0.0,0.6961
2026-05-16_10:00_송파구,1,장지근린공원,송파구,park,0.6341,0.18,0.0,0.0,0.0,0.0,0.8141
2026-05-16_10:00_송파구,2,아시아근린공원,송파구,park,0.6327,0.18,0.0,0.0,0.0,0.0,0.8127
2026-05-16_10:00_송파구,3,오금근린공원,송파구,park,0.6255,0.18,0.0,0.0,0.0,0.0,0.8055
2026-05-16_10:00_송파구,4,문정근린공원,송파구,park,0.6084,0.18,0.0,0.0,0.0,0.0,0.7884
2026-05-16_10:00_송파구,5,송파나루근린공원(석촌호수),송파구,park,0.6028,0.18,0.0,0.0,0.0,0.0,0.7828
2026-05-16_10:00_송파구,6,천마근린공원,송파구,park,0.5976,0.18,0.0,0.0,0.0,0.0,0.7776
2026-05-16_10:00_송파구,7,봉은공원,강남구,park,0.7275,0.0,0.0,0.0,0.0,0.0,0.7275
2026-05-16_10:00_송파구,8,월드컵공원,마포구,park,0.7248,0.0,0.0,0.0,0.0,0.0,0.7248
2026-05-16_10:00_송파구,9,중랑캠핑숲,중랑구,park,0.7213,0.0,0.0,0.0,0.0,0.0,0.7213
2026-05-16_10:00_송파구,10,올림픽공원,송파구,park,0.4817,0.18,0.0,0.0,0.0,0.0,0.6617
2026-05-16_12:30_성동구,1,남대문시장,중구,market,0.7056,0.0,0.0,0.0,0.0,0.0,0.7056
2026-05-16_12:30_성동구,2,마장축산물시장,성동구,market,0.5116,0.18,0.0,0.0,0.0,0.0,0.6916
2026-05-16_12:30_성동구,3,성동용답상가시장,성동구,market,0.4816,0.18,0.0,0.0,0.0,0.0,0.6616
2026-05-16_12:30_성동구,4,송정벚꽃골목형상점가,성동구,market,0.4775,0.18,0.0,0.0,0.0,0.0,0.6575
2026-05-16_12:30_성동구,5,사근살곶이골목형상점가시장,성동구,market,0.474,0.18,0.0,0.0,0.0,0.0,0.654
2026-05-16_12:30_성동구,6,금남시장,성동구,market,0.4707,0.18,0.0,0.0,0.0,0.0,0.6507
2026-05-16_12:30_성동구,7,뚝도시장,성동구,market,0.4683,0.18,0.0,0.0,0.0,0.0,0.6483
2026-05-16_12:30_성동구,8,동대문종합시장,종로구,market,0.6301,0.0,0.0,0.0,0.0,0.0,0.6301
2026-05-16_12:30_성동구,9,장안 마실 골목형상점가,동대문구,market,0.6299,0.0,0.0,0.0,0.0,0.0,0.6299
2026-05-16_12:30_성동구,10,천호로데오거리상점가,강동구,market,0.5914,0.0,0.0,0.0,0.0,0.0,0.5914
2026-05-16_18:40_종로구,1,종로노인종합복지관,종로구,senior_friendly,0.7583,0.18,0.0,0.0,0.0,0.0,0.9383
2026-05-16_18:40_종로구,2,낙산근린공원,종로구,park,0.6884,0.18,0.0,0.0,0.0,0.0,0.8684
2026-05-16_18:40_종로구,3,북악산도시자연공원,종로구,park,0.6739,0.18,0.0,0.0,0.0,0.0,0.8539
2026-05-16_18:40_종로구,4,인왕산도시자연공원,종로구,park,0.6425,0.18,0.0,0.0,0.0,0.0,0.8225
2026-05-16_18:40_종로구,5,세종로공원,종로구,park,0.6373,0.18,0.0,0.0,0.0,0.0,0.8173
2026-05-16_18:40_종로구,6,경희궁,종로구,park,0.6317,0.18,0.0,0.0,0.0,0.0,0.8117
2026-05-16_18:40_종로구,7,동대문종합시장,종로구,market,0.6301,0.18,0.0,0.0,0.0,0.0,0.8101
2026-05-16_18:40_종로구,8,삼청근린공원,종로구,park,0.6253,0.18,0.0,0.0,0.0,0.0,0.8053
2026-05-16_18:40_종로구,9,광화문시민열린마당,종로구,park,0.6202,0.18,0.0,0.0,0.0,0.0,0.8002
2026-05-16_18:40_종로구,10,와룡근린공원,종로구,park,0.6141,0.18,0.0,0.0,0.0,0.0,0.7941
